timestamp,sensor_id,intersection_name,vehicle_count,average_speed_kmh,weather_condition
2026-04-09T12:18:32Z,SENS-007,Begumpet Flyover,81,36.4,Clear
2026-04-09T12:25:03Z,SENS-011,Mehdipatnam Bus Stand,37,55.49,Cloudy
2026-04-09T12:30:09Z,SENS-010,Secunderabad Clock Tower,38,34.97,Cloudy
2026-04-09T12:31:48Z,SENS-010,Secunderabad Clock Tower,41,47.84,Cloudy
2026-04-09T12:44:38Z,SENS-003,Ameerpet Crossroads,63,35.85,Heavy Rain
2026-04-09T12:46:45Z,SENS-004,Madhapur IT Corridor,71,30.37,Cloudy
2026-04-09T12:47:22Z,SENS-011,Mehdipatnam Bus Stand,67,23.42,Clear
2026-04-09T12:51:36Z,SENS-002,Gachibowli Junction,68,37.32,Light Rain
2026-04-09T12:58:36Z,SENS-004,Madhapur IT Corridor,67,12.88,Fog
2026-04-09T13:00:45Z,SENS-008,LB Nagar Crossroads,42,66.04,Clear
2026-04-09T13:02:03Z,SENS-007,Begumpet Flyover,62,55.56,Cloudy
2026-04-09T13:04:10Z,SENS-008,LB Nagar Crossroads,49,34.81,Light Rain
2026-04-09T13:06:01Z,SENS-002,Gachibowli Junction,55,48.55,Light Rain
2026-04-09T13:08:53Z,SENS-009,Kukatpally Housing Board,63,35.32,Light Rain
2026-04-09T13:09:23Z,SENS-004,Madhapur IT Corridor,60,60.52,Clear
2026-04-09T13:17:54Z,SENS-011,Mehdipatnam Bus Stand,86,35.53,Cloudy
2026-04-09T13:39:17Z,SENS-006,Hitech City Signal,60,26.64,Heavy Rain
2026-04-09T13:40:35Z,SENS-010,Secunderabad Clock Tower,51,18.56,Cloudy
2026-04-09T13:42:45Z,SENS-010,Secunderabad Clock Tower,61,39.47,Heavy Rain
2026-04-09T13:51:14Z,SENS-011,Mehdipatnam Bus Stand,44,18.46,Clear
2026-04-09T13:53:39Z,SENS-001,Jubilee Hills Checkpost,75,46.83,Light Rain
2026-04-09T13:56:34Z,SENS-007,Begumpet Flyover,36,16.17,Heavy Rain
2026-04-09T14:02:15Z,SENS-004,Madhapur IT Corridor,88,19.59,Clear
2026-04-09T14:10:50Z,SENS-011,Mehdipatnam Bus Stand,81,46.18,Cloudy
2026-04-09T14:17:12Z,SENS-002,Gachibowli Junction,38,40.37,Cloudy
2026-04-09T14:22:41Z,SENS-005,Tank Bund Road,31,69.25,Clear
2026-04-09T14:23:54Z,SENS-011,Mehdipatnam Bus Stand,78,36.61,Cloudy
2026-04-09T14:25:30Z,SENS-009,Kukatpally Housing Board,68,28.39,Clear
2026-04-09T14:27:18Z,SENS-005,Tank Bund Road,87,31.77,Clear
2026-04-09T14:28:03Z,SENS-011,Mehdipatnam Bus Stand,73,19.07,Light Rain
2026-04-09T14:38:09Z,SENS-007,Begumpet Flyover,65,50.9,Clear
2026-04-09T14:40:19Z,SENS-012,PVNR Expressway Toll,82,29.11,Cloudy
2026-04-09T14:41:02Z,SENS-007,Begumpet Flyover,36,35.8,Heavy Rain
2026-04-09T14:47:09Z,SENS-003,Ameerpet Crossroads,32,43.72,Cloudy
2026-04-09T14:47:56Z,SENS-008,LB Nagar Crossroads,56,32.29,Fog
2026-04-09T14:53:49Z,SENS-008,LB Nagar Crossroads,77,28.5,Clear
2026-04-09T14:54:27Z,SENS-012,PVNR Expressway Toll,76,37.11,Clear
2026-04-09T14:59:59Z,SENS-006,Hitech City Signal,41,31.07,Clear
2026-04-09T15:00:08Z,SENS-002,Gachibowli Junction,51,61.58,Clear
2026-04-09T15:00:12Z,SENS-012,PVNR Expressway Toll,32,54.21,Cloudy
2026-04-09T15:02:05Z,SENS-010,Secunderabad Clock Tower,30,19.14,Clear
2026-04-09T15:06:49Z,SENS-011,Mehdipatnam Bus Stand,89,28.77,Clear
2026-04-09T15:07:17Z,SENS-005,Tank Bund Road,72,16.66,Cloudy
2026-04-09T15:13:09Z,SENS-009,Kukatpally Housing Board,45,19.94,Heavy Rain
2026-04-09T15:15:59Z,SENS-007,Begumpet Flyover,76,45.66,Cloudy
2026-04-09T15:18:41Z,SENS-010,Secunderabad Clock Tower,32,25.83,Light Rain
2026-04-09T15:21:02Z,SENS-012,PVNR Expressway Toll,27,39.09,Drizzle
2026-04-09T15:22:32Z,SENS-011,Mehdipatnam Bus Stand,36,28.77,Heavy Rain
2026-04-09T15:23:13Z,SENS-009,Kukatpally Housing Board,77,40.71,Cloudy
2026-04-09T15:28:19Z,SENS-005,Tank Bund Road,59,31.56,Cloudy
2026-04-09T15:30:29Z,SENS-007,Begumpet Flyover,45,24.07,Clear
2026-04-09T15:31:47Z,SENS-005,Tank Bund Road,34,35.32,Clear
2026-04-09T15:31:57Z,SENS-009,Kukatpally Housing Board,80,42.69,Light Rain
2026-04-09T15:35:23Z,SENS-002,Gachibowli Junction,29,28.88,Cloudy
2026-04-09T15:41:14Z,SENS-005,Tank Bund Road,43,40.37,Light Rain
2026-04-09T15:49:03Z,SENS-005,Tank Bund Road,82,26.55,Clear
2026-04-09T15:50:20Z,SENS-012,PVNR Expressway Toll,47,37.67,Clear
2026-04-09T15:50:36Z,SENS-006,Hitech City Signal,65,15.5,Light Rain
2026-04-09T15:52:51Z,SENS-011,Mehdipatnam Bus Stand,30,50.69,Cloudy
2026-04-09T15:54:54Z,SENS-004,Madhapur IT Corridor,33,37.09,Light Rain
2026-04-09T16:03:43Z,SENS-007,Begumpet Flyover,49,30.1,Cloudy
2026-04-09T16:06:06Z,SENS-002,Gachibowli Junction,64,46.64,Cloudy
2026-04-09T16:07:43Z,SENS-010,Secunderabad Clock Tower,49,40.93,Clear
2026-04-09T16:12:59Z,SENS-007,Begumpet Flyover,57,40.43,Cloudy
2026-04-09T16:15:15Z,SENS-001,Jubilee Hills Checkpost,68,18.81,Cloudy
2026-04-09T16:17:01Z,SENS-007,Begumpet Flyover,64,39.36,Clear
2026-04-09T16:23:25Z,SENS-001,Jubilee Hills Checkpost,33,60.35,Clear
2026-04-09T16:25:06Z,SENS-007,Begumpet Flyover,44,26.67,Clear
2026-04-09T16:36:25Z,SENS-007,Begumpet Flyover,72,39.77,Light Rain
2026-04-09T16:36:58Z,SENS-004,Madhapur IT Corridor,45,30.97,Cloudy
2026-04-09T16:38:10Z,SENS-012,PVNR Expressway Toll,31,47.44,Clear
2026-04-09T16:40:19Z,SENS-010,Secunderabad Clock Tower,61,37.73,Clear
2026-04-09T16:47:21Z,SENS-006,Hitech City Signal,60,38.51,Drizzle
2026-04-09T16:50:29Z,SENS-001,Jubilee Hills Checkpost,39,43.42,Clear
2026-04-09T16:53:39Z,SENS-004,Madhapur IT Corridor,48,30.35,Cloudy
2026-04-09T16:54:17Z,SENS-008,LB Nagar Crossroads,57,17.61,Cloudy
2026-04-09T16:54:53Z,SENS-012,PVNR Expressway Toll,83,30.74,Clear
2026-04-09T16:55:52Z,SENS-002,Gachibowli Junction,30,28.18,Clear
2026-04-09T16:58:15Z,SENS-009,Kukatpally Housing Board,70,22.65,Light Rain
2026-04-09T17:02:04Z,SENS-003,Ameerpet Crossroads,101,13.13,Cloudy
2026-04-09T17:05:16Z,SENS-010,Secunderabad Clock Tower,100,40.17,Light Rain
2026-04-09T17:11:31Z,SENS-005,Tank Bund Road,163,23.48,Cloudy
2026-04-09T17:14:30Z,SENS-005,Tank Bund Road,91,37.55,Cloudy
2026-04-09T17:16:00Z,SENS-005,Tank Bund Road,72,41.37,Light Rain
2026-04-09T17:24:48Z,SENS-006,Hitech City Signal,112,16.87,Cloudy
2026-04-09T17:26:13Z,SENS-004,Madhapur IT Corridor,81,46.43,Clear
2026-04-09T17:27:19Z,SENS-007,Begumpet Flyover,110,11.66,Cloudy
2026-04-09T17:30:57Z,SENS-002,Gachibowli Junction,153,8.57,Clear
2026-04-09T17:32:25Z,SENS-006,Hitech City Signal,91,25.54,Cloudy
2026-04-09T17:32:48Z,SENS-010,Secunderabad Clock Tower,96,10.35,Heavy Rain
2026-04-09T17:38:03Z,SENS-001,Jubilee Hills Checkpost,152,23.94,Clear
2026-04-09T17:39:17Z,SENS-005,Tank Bund Road,175,20.97,Clear
2026-04-09T17:49:05Z,SENS-007,Begumpet Flyover,122,12.38,Cloudy
2026-04-09T18:00:33Z,SENS-012,PVNR Expressway Toll,110,21.0,Fog
2026-04-09T18:01:51Z,SENS-010,Secunderabad Clock Tower,149,11.96,Clear
2026-04-09T18:04:42Z,SENS-005,Tank Bund Road,136,30.43,Light Rain
2026-04-09T18:09:33Z,SENS-010,Secunderabad Clock Tower,137,28.5,Light Rain
2026-04-09T18:16:48Z,SENS-008,LB Nagar Crossroads,165,19.48,Cloudy
2026-04-09T18:19:55Z,SENS-007,Begumpet Flyover,123,14.95,Clear
2026-04-09T18:20:00Z,SENS-008,LB Nagar Crossroads,136,17.37,Clear
2026-04-09T18:27:13Z,SENS-008,LB Nagar Crossroads,166,7.86,Cloudy
2026-04-09T18:29:34Z,SENS-008,LB Nagar Crossroads,120,13.56,Clear
2026-04-09T18:46:20Z,SENS-010,Secunderabad Clock Tower,162,16.83,Light Rain
2026-04-09T18:46:35Z,SENS-004,Madhapur IT Corridor,144,25.49,Cloudy
2026-04-09T18:51:07Z,SENS-010,Secunderabad Clock Tower,133,24.04,Clear
2026-04-09T18:52:01Z,SENS-008,LB Nagar Crossroads,94,17.68,Clear
2026-04-09T18:52:12Z,SENS-006,Hitech City Signal,175,14.14,Clear
2026-04-09T18:52:47Z,SENS-002,Gachibowli Junction,194,17.5,Clear
2026-04-09T18:54:27Z,SENS-008,LB Nagar Crossroads,122,19.89,Clear
2026-04-09T18:54:28Z,SENS-010,Secunderabad Clock Tower,144,10.85,Fog
2026-04-09T18:58:23Z,SENS-005,Tank Bund Road,181,18.29,Cloudy
2026-04-09T19:06:57Z,SENS-001,Jubilee Hills Checkpost,179,19.24,Clear
2026-04-09T19:12:38Z,SENS-011,Mehdipatnam Bus Stand,81,32.84,Heavy Rain
2026-04-09T19:17:22Z,SENS-007,Begumpet Flyover,128,36.73,Clear
2026-04-09T19:22:35Z,SENS-005,Tank Bund Road,89,38.23,Light Rain
2026-04-09T19:34:49Z,SENS-010,Secunderabad Clock Tower,140,32.66,Clear
2026-04-09T19:34:54Z,SENS-008,LB Nagar Crossroads,196,23.82,Clear
2026-04-09T19:37:44Z,SENS-007,Begumpet Flyover,135,31.26,Clear
2026-04-09T19:37:49Z,SENS-001,Jubilee Hills Checkpost,100,17.9,Clear
2026-04-09T19:38:53Z,SENS-003,Ameerpet Crossroads,94,19.33,Cloudy
2026-04-09T19:42:31Z,SENS-003,Ameerpet Crossroads,169,7.22,Light Rain
2026-04-09T19:45:27Z,SENS-002,Gachibowli Junction,99,12.21,Cloudy
2026-04-09T19:48:19Z,SENS-007,Begumpet Flyover,195,9.24,Clear
2026-04-09T19:48:49Z,SENS-003,Ameerpet Crossroads,104,43.22,Cloudy
2026-04-09T20:05:37Z,SENS-006,Hitech City Signal,61,41.15,Clear
2026-04-09T20:08:58Z,SENS-009,Kukatpally Housing Board,89,18.28,Clear
2026-04-09T20:14:49Z,SENS-008,LB Nagar Crossroads,81,21.86,Drizzle
2026-04-09T20:15:44Z,SENS-004,Madhapur IT Corridor,27,29.71,Heavy Rain
2026-04-09T20:18:45Z,SENS-007,Begumpet Flyover,32,63.67,Clear
2026-04-09T20:27:00Z,SENS-010,Secunderabad Clock Tower,87,48.75,Clear
2026-04-09T20:28:16Z,SENS-004,Madhapur IT Corridor,83,15.89,Cloudy
2026-04-09T20:28:25Z,SENS-003,Ameerpet Crossroads,51,24.64,Fog
2026-04-09T20:30:31Z,SENS-005,Tank Bund Road,64,33.63,Fog
2026-04-09T20:42:17Z,SENS-005,Tank Bund Road,86,40.11,Clear
2026-04-09T20:45:02Z,SENS-002,Gachibowli Junction,89,35.19,Clear
2026-04-09T20:46:40Z,SENS-004,Madhapur IT Corridor,50,36.66,Heavy Rain
2026-04-09T20:48:55Z,SENS-003,Ameerpet Crossroads,29,52.71,Cloudy
2026-04-09T20:50:42Z,SENS-002,Gachibowli Junction,70,12.83,Fog
2026-04-09T20:51:20Z,SENS-001,Jubilee Hills Checkpost,30,63.79,Clear
2026-04-09T21:02:54Z,SENS-007,Begumpet Flyover,40,40.25,Drizzle
2026-04-09T21:10:15Z,SENS-002,Gachibowli Junction,70,42.43,Clear
2026-04-09T21:12:05Z,SENS-001,Jubilee Hills Checkpost,60,52.26,Cloudy
2026-04-09T21:15:06Z,SENS-004,Madhapur IT Corridor,83,14.62,Cloudy
2026-04-09T21:16:08Z,SENS-005,Tank Bund Road,37,24.62,Clear
2026-04-09T21:18:23Z,SENS-002,Gachibowli Junction,29,21.52,Fog
2026-04-09T21:30:13Z,SENS-010,Secunderabad Clock Tower,83,50.06,Clear
2026-04-09T21:31:10Z,SENS-012,PVNR Expressway Toll,72,45.15,Cloudy
2026-04-09T21:34:14Z,SENS-006,Hitech City Signal,40,39.05,Drizzle
2026-04-09T21:46:12Z,SENS-007,Begumpet Flyover,60,33.94,Cloudy
2026-04-09T21:47:47Z,SENS-004,Madhapur IT Corridor,59,56.15,Cloudy
2026-04-09T21:56:11Z,SENS-011,Mehdipatnam Bus Stand,83,30.62,Clear
2026-04-09T21:56:39Z,SENS-001,Jubilee Hills Checkpost,53,16.21,Fog
2026-04-09T21:57:43Z,SENS-010,Secunderabad Clock Tower,41,31.79,Fog
2026-04-09T21:58:31Z,SENS-005,Tank Bund Road,37,29.26,Light Rain
2026-04-09T21:58:51Z,SENS-001,Jubilee Hills Checkpost,72,20.95,Cloudy
2026-04-09T22:07:58Z,SENS-006,Hitech City Signal,23,52.52,Drizzle
2026-04-09T22:10:07Z,SENS-010,Secunderabad Clock Tower,30,23.93,Drizzle
2026-04-09T22:15:31Z,SENS-010,Secunderabad Clock Tower,20,72.72,Clear
2026-04-09T22:16:26Z,SENS-009,Kukatpally Housing Board,7,28.64,Cloudy
2026-04-09T22:18:44Z,SENS-004,Madhapur IT Corridor,7,57.21,Cloudy
2026-04-09T22:29:02Z,SENS-003,Ameerpet Crossroads,22,28.3,Clear
2026-04-09T22:35:11Z,SENS-009,Kukatpally Housing Board,17,24.27,Cloudy
2026-04-09T22:40:24Z,SENS-010,Secunderabad Clock Tower,22,55.35,Cloudy
2026-04-09T22:42:32Z,SENS-006,Hitech City Signal,7,21.13,Light Rain
2026-04-09T22:54:55Z,SENS-008,LB Nagar Crossroads,5,17.48,Fog
2026-04-09T22:56:00Z,SENS-004,Madhapur IT Corridor,12,43.25,Drizzle
2026-04-09T23:10:21Z,SENS-002,Gachibowli Junction,14,53.14,Light Rain
2026-04-09T23:14:33Z,SENS-012,PVNR Expressway Toll,30,27.03,Fog
2026-04-09T23:16:51Z,SENS-009,Kukatpally Housing Board,19,49.76,Light Rain
2026-04-09T23:31:14Z,SENS-009,Kukatpally Housing Board,26,40.57,Clear
2026-04-09T23:32:18Z,SENS-009,Kukatpally Housing Board,25,43.13,Cloudy
2026-04-09T23:39:16Z,SENS-006,Hitech City Signal,20,26.95,Fog
2026-04-09T23:39:38Z,SENS-008,LB Nagar Crossroads,17,31.41,Clear
2026-04-09T23:50:22Z,SENS-007,Begumpet Flyover,7,54.24,Cloudy
2026-04-09T23:53:14Z,SENS-006,Hitech City Signal,30,29.54,Cloudy
2026-04-10T00:01:43Z,SENS-009,Kukatpally Housing Board,12,34.3,Clear
2026-04-10T00:02:48Z,SENS-009,Kukatpally Housing Board,31,53.86,Cloudy
2026-04-10T00:03:53Z,SENS-006,Hitech City Signal,6,13.76,Heavy Rain
2026-04-10T00:05:17Z,SENS-002,Gachibowli Junction,21,22.99,Heavy Rain
2026-04-10T00:05:40Z,SENS-002,Gachibowli Junction,25,54.11,Clear
2026-04-10T00:11:50Z,SENS-006,Hitech City Signal,18,27.34,Light Rain
2026-04-10T00:12:30Z,SENS-005,Tank Bund Road,22,70.38,Clear
2026-04-10T00:18:11Z,SENS-009,Kukatpally Housing Board,8,31.88,Drizzle
2026-04-10T00:21:06Z,SENS-004,Madhapur IT Corridor,17,35.93,Cloudy
2026-04-10T00:22:30Z,SENS-006,Hitech City Signal,36,48.93,Clear
2026-04-10T00:27:12Z,SENS-008,LB Nagar Crossroads,4,17.8,Light Rain
2026-04-10T00:29:25Z,SENS-006,Hitech City Signal,24,36.84,Cloudy
2026-04-10T00:35:22Z,SENS-003,Ameerpet Crossroads,32,20.43,Cloudy
2026-04-10T00:36:28Z,SENS-011,Mehdipatnam Bus Stand,27,27.03,Clear
2026-04-10T00:38:55Z,SENS-001,Jubilee Hills Checkpost,35,59.53,Clear
2026-04-10T00:42:29Z,SENS-002,Gachibowli Junction,12,62.83,Clear
2026-04-10T00:44:01Z,SENS-009,Kukatpally Housing Board,30,38.81,Light Rain
2026-04-10T00:51:51Z,SENS-001,Jubilee Hills Checkpost,13,44.88,Cloudy
2026-04-10T00:53:17Z,SENS-011,Mehdipatnam Bus Stand,39,49.2,Clear
2026-04-10T01:05:30Z,SENS-007,Begumpet Flyover,4,63.02,Light Rain
2026-04-10T01:07:53Z,SENS-006,Hitech City Signal,6,53.82,Clear
2026-04-10T01:19:11Z,SENS-004,Madhapur IT Corridor,18,51.36,Light Rain
2026-04-10T01:19:12Z,SENS-008,LB Nagar Crossroads,7,57.82,Cloudy
2026-04-10T01:29:19Z,SENS-007,Begumpet Flyover,32,50.91,Cloudy
2026-04-10T01:37:25Z,SENS-010,Secunderabad Clock Tower,29,21.45,Clear
2026-04-10T01:41:20Z,SENS-005,Tank Bund Road,8,49.25,Clear
2026-04-10T01:42:44Z,SENS-011,Mehdipatnam Bus Stand,9,50.03,Heavy Rain
2026-04-10T01:43:58Z,SENS-008,LB Nagar Crossroads,13,70.32,Cloudy
2026-04-10T01:49:50Z,SENS-009,Kukatpally Housing Board,15,56.26,Cloudy
2026-04-10T01:57:14Z,SENS-008,LB Nagar Crossroads,20,29.04,Fog
2026-04-10T01:58:39Z,SENS-006,Hitech City Signal,37,26.46,Cloudy
2026-04-10T01:59:32Z,SENS-001,Jubilee Hills Checkpost,22,66.84,Cloudy
2026-04-10T02:03:04Z,SENS-010,Secunderabad Clock Tower,21,60.11,Cloudy
2026-04-10T02:07:45Z,SENS-005,Tank Bund Road,12,69.27,Clear
2026-04-10T02:13:34Z,SENS-004,Madhapur IT Corridor,5,33.89,Clear
2026-04-10T02:18:30Z,SENS-008,LB Nagar Crossroads,13,23.91,Cloudy
2026-04-10T02:18:34Z,SENS-011,Mehdipatnam Bus Stand,33,37.99,Drizzle
2026-04-10T02:32:41Z,SENS-007,Begumpet Flyover,17,16.8,Heavy Rain
2026-04-10T02:36:27Z,SENS-004,Madhapur IT Corridor,32,50.63,Cloudy
2026-04-10T02:40:49Z,SENS-010,Secunderabad Clock Tower,36,32.0,Clear
2026-04-10T02:41:34Z,SENS-010,Secunderabad Clock Tower,6,59.02,Light Rain
2026-04-10T02:46:33Z,SENS-002,Gachibowli Junction,4,20.71,Drizzle
2026-04-10T02:54:09Z,SENS-003,Ameerpet Crossroads,8,37.27,Clear
2026-04-10T02:59:05Z,SENS-007,Begumpet Flyover,17,32.71,Clear
2026-04-10T03:00:32Z,SENS-005,Tank Bund Road,30,45.99,Clear
2026-04-10T03:03:30Z,SENS-005,Tank Bund Road,23,18.26,Clear
2026-04-10T03:12:03Z,SENS-003,Ameerpet Crossroads,18,37.72,Cloudy
2026-04-10T03:12:13Z,SENS-003,Ameerpet Crossroads,15,47.92,Clear
2026-04-10T03:13:44Z,SENS-009,Kukatpally Housing Board,5,58.82,Clear
2026-04-10T03:28:47Z,SENS-004,Madhapur IT Corridor,5,74.02,Cloudy
2026-04-10T03:29:25Z,SENS-001,Jubilee Hills Checkpost,16,19.71,Cloudy
2026-04-10T03:30:54Z,SENS-011,Mehdipatnam Bus Stand,25,46.69,Cloudy
2026-04-10T03:47:27Z,SENS-005,Tank Bund Road,5,40.15,Drizzle
2026-04-10T03:48:57Z,SENS-004,Madhapur IT Corridor,27,38.59,Cloudy
2026-04-10T03:53:40Z,SENS-003,Ameerpet Crossroads,27,29.23,Clear
2026-04-10T03:53:51Z,SENS-011,Mehdipatnam Bus Stand,20,36.11,Clear
2026-04-10T03:58:52Z,SENS-003,Ameerpet Crossroads,24,26.21,Fog
2026-04-10T04:02:46Z,SENS-004,Madhapur IT Corridor,23,67.46,Cloudy
2026-04-10T04:02:54Z,SENS-006,Hitech City Signal,20,36.97,Clear
2026-04-10T04:03:18Z,SENS-008,LB Nagar Crossroads,25,22.29,Cloudy
2026-04-10T04:03:47Z,SENS-012,PVNR Expressway Toll,24,29.84,Cloudy
2026-04-10T04:06:49Z,SENS-008,LB Nagar Crossroads,31,40.1,Drizzle
2026-04-10T04:13:34Z,SENS-004,Madhapur IT Corridor,27,18.15,Clear
2026-04-10T04:20:09Z,SENS-007,Begumpet Flyover,11,39.18,Cloudy
2026-04-10T04:24:01Z,SENS-008,LB Nagar Crossroads,24,21.65,Clear
2026-04-10T04:42:39Z,SENS-009,Kukatpally Housing Board,11,13.71,Heavy Rain
2026-04-10T04:45:25Z,SENS-002,Gachibowli Junction,20,63.32,Cloudy
2026-04-10T04:46:26Z,SENS-002,Gachibowli Junction,23,50.79,Clear
2026-04-10T04:47:07Z,SENS-010,Secunderabad Clock Tower,16,26.64,Clear
2026-04-10T04:49:47Z,SENS-004,Madhapur IT Corridor,21,62.23,Drizzle
2026-04-10T04:51:47Z,SENS-003,Ameerpet Crossroads,39,42.91,Clear
2026-04-10T04:57:00Z,SENS-005,Tank Bund Road,16,39.1,Clear
2026-04-10T05:05:47Z,SENS-008,LB Nagar Crossroads,69,47.19,Clear
2026-04-10T05:06:13Z,SENS-007,Begumpet Flyover,56,37.32,Clear
2026-04-10T05:08:00Z,SENS-003,Ameerpet Crossroads,40,23.63,Clear
2026-04-10T05:09:06Z,SENS-010,Secunderabad Clock Tower,82,43.81,Clear
2026-04-10T05:20:27Z,SENS-006,Hitech City Signal,31,37.34,Fog
2026-04-10T05:22:22Z,SENS-011,Mehdipatnam Bus Stand,55,17.26,Light Rain
2026-04-10T05:22:58Z,SENS-002,Gachibowli Junction,43,30.48,Cloudy
2026-04-10T05:24:35Z,SENS-012,PVNR Expressway Toll,46,53.63,Clear
2026-04-10T05:39:35Z,SENS-008,LB Nagar Crossroads,34,66.04,Clear
2026-04-10T05:40:37Z,SENS-002,Gachibowli Junction,41,62.54,Cloudy
2026-04-10T05:47:38Z,SENS-007,Begumpet Flyover,58,20.2,Cloudy
2026-04-10T05:51:09Z,SENS-005,Tank Bund Road,60,17.83,Heavy Rain
2026-04-10T05:53:17Z,SENS-004,Madhapur IT Corridor,50,26.48,Clear
2026-04-10T05:55:45Z,SENS-004,Madhapur IT Corridor,40,64.0,Clear
2026-04-10T06:01:26Z,SENS-007,Begumpet Flyover,51,37.79,Clear
2026-04-10T06:03:32Z,SENS-004,Madhapur IT Corridor,47,30.1,Cloudy
2026-04-10T06:07:44Z,SENS-001,Jubilee Hills Checkpost,87,34.69,Clear
2026-04-10T06:19:46Z,SENS-004,Madhapur IT Corridor,45,19.73,Light Rain
2026-04-10T06:20:22Z,SENS-010,Secunderabad Clock Tower,63,29.58,Clear
2026-04-10T06:21:01Z,SENS-001,Jubilee Hills Checkpost,25,15.73,Heavy Rain
2026-04-10T06:23:36Z,SENS-004,Madhapur IT Corridor,57,28.65,Clear
2026-04-10T06:25:06Z,SENS-002,Gachibowli Junction,32,56.11,Clear
2026-04-10T06:27:18Z,SENS-004,Madhapur IT Corridor,47,51.86,Clear
2026-04-10T06:32:21Z,SENS-010,Secunderabad Clock Tower,55,25.86,Clear
2026-04-10T06:38:43Z,SENS-007,Begumpet Flyover,48,32.22,Fog
2026-04-10T06:42:59Z,SENS-005,Tank Bund Road,62,33.61,Cloudy
2026-04-10T06:47:36Z,SENS-008,LB Nagar Crossroads,54,32.63,Cloudy
2026-04-10T06:54:55Z,SENS-004,Madhapur IT Corridor,34,49.78,Cloudy
2026-04-10T06:58:13Z,SENS-009,Kukatpally Housing Board,64,54.24,Cloudy
2026-04-10T07:05:11Z,SENS-005,Tank Bund Road,34,31.89,Cloudy
2026-04-10T07:06:51Z,SENS-003,Ameerpet Crossroads,71,53.29,Cloudy
2026-04-10T07:11:21Z,SENS-003,Ameerpet Crossroads,70,24.83,Fog
2026-04-10T07:13:29Z,SENS-001,Jubilee Hills Checkpost,32,29.66,Cloudy
2026-04-10T07:13:59Z,SENS-012,PVNR Expressway Toll,79,16.49,Light Rain
2026-04-10T07:16:49Z,SENS-009,Kukatpally Housing Board,56,52.45,Clear
2026-04-10T07:24:07Z,SENS-011,Mehdipatnam Bus Stand,83,52.68,Clear
2026-04-10T07:28:26Z,SENS-006,Hitech City Signal,70,56.82,Clear
2026-04-10T07:38:16Z,SENS-009,Kukatpally Housing Board,72,49.79,Clear
2026-04-10T07:39:59Z,SENS-002,Gachibowli Junction,40,32.45,Light Rain
2026-04-10T07:47:05Z,SENS-008,LB Nagar Crossroads,30,49.2,Heavy Rain
2026-04-10T07:48:19Z,SENS-006,Hitech City Signal,48,54.76,Clear
2026-04-10T07:48:44Z,SENS-004,Madhapur IT Corridor,73,50.21,Cloudy
2026-04-10T08:03:21Z,SENS-011,Mehdipatnam Bus Stand,129,13.58,Cloudy
2026-04-10T08:08:02Z,SENS-003,Ameerpet Crossroads,178,15.7,Clear
2026-04-10T08:16:33Z,SENS-002,Gachibowli Junction,104,26.88,Light Rain
2026-04-10T08:27:28Z,SENS-006,Hitech City Signal,153,14.0,Fog
2026-04-10T08:29:16Z,SENS-001,Jubilee Hills Checkpost,81,27.12,Cloudy
2026-04-10T08:32:26Z,SENS-011,Mehdipatnam Bus Stand,130,23.96,Cloudy
2026-04-10T08:32:49Z,SENS-001,Jubilee Hills Checkpost,114,29.16,Cloudy
2026-04-10T08:34:56Z,SENS-001,Jubilee Hills Checkpost,92,41.31,Clear
2026-04-10T08:47:37Z,SENS-012,PVNR Expressway Toll,72,43.89,Light Rain
2026-04-10T08:50:44Z,SENS-005,Tank Bund Road,93,19.05,Clear
2026-04-10T08:53:40Z,SENS-004,Madhapur IT Corridor,193,11.34,Clear
2026-04-10T08:59:59Z,SENS-001,Jubilee Hills Checkpost,157,20.53,Clear
2026-04-10T09:02:25Z,SENS-007,Begumpet Flyover,188,11.48,Cloudy
2026-04-10T09:03:55Z,SENS-007,Begumpet Flyover,183,17.46,Clear
2026-04-10T09:13:56Z,SENS-005,Tank Bund Road,166,17.06,Cloudy
2026-04-10T09:14:55Z,SENS-010,Secunderabad Clock Tower,149,26.24,Clear
2026-04-10T09:15:40Z,SENS-001,Jubilee Hills Checkpost,131,24.63,Heavy Rain
2026-04-10T09:15:56Z,SENS-012,PVNR Expressway Toll,175,7.12,Drizzle
2026-04-10T09:17:46Z,SENS-011,Mehdipatnam Bus Stand,122,28.23,Light Rain
2026-04-10T09:29:14Z,SENS-004,Madhapur IT Corridor,86,33.64,Clear
2026-04-10T09:34:11Z,SENS-001,Jubilee Hills Checkpost,152,12.72,Clear
2026-04-10T09:41:05Z,SENS-004,Madhapur IT Corridor,199,11.24,Clear
2026-04-10T09:42:43Z,SENS-001,Jubilee Hills Checkpost,162,23.92,Light Rain
2026-04-10T09:47:14Z,SENS-005,Tank Bund Road,154,12.27,Cloudy
2026-04-10T09:49:16Z,SENS-010,Secunderabad Clock Tower,184,21.96,Cloudy
2026-04-10T10:02:29Z,SENS-001,Jubilee Hills Checkpost,162,19.5,Clear
2026-04-10T10:10:09Z,SENS-011,Mehdipatnam Bus Stand,177,10.79,Light Rain
2026-04-10T10:14:34Z,SENS-006,Hitech City Signal,84,42.53,Cloudy
2026-04-10T10:17:29Z,SENS-002,Gachibowli Junction,77,42.53,Cloudy
2026-04-10T10:19:55Z,SENS-003,Ameerpet Crossroads,98,29.23,Cloudy
2026-04-10T10:20:13Z,SENS-012,PVNR Expressway Toll,126,21.28,Clear
2026-04-10T10:27:46Z,SENS-005,Tank Bund Road,122,32.25,Clear
2026-04-10T10:36:22Z,SENS-011,Mehdipatnam Bus Stand,173,21.53,Cloudy
2026-04-10T10:36:28Z,SENS-003,Ameerpet Crossroads,188,15.59,Clear
2026-04-10T10:39:02Z,SENS-004,Madhapur IT Corridor,124,19.28,Fog
2026-04-10T10:40:47Z,SENS-002,Gachibowli Junction,136,23.06,Fog
2026-04-10T10:43:09Z,SENS-002,Gachibowli Junction,128,6.36,Fog
2026-04-10T10:45:18Z,SENS-002,Gachibowli Junction,73,16.69,Heavy Rain
2026-04-10T10:46:28Z,SENS-004,Madhapur IT Corridor,181,18.1,Clear
2026-04-10T10:52:54Z,SENS-012,PVNR Expressway Toll,87,16.59,Cloudy
2026-04-10T10:54:16Z,SENS-012,PVNR Expressway Toll,83,32.99,Cloudy
2026-04-10T10:54:16Z,SENS-002,Gachibowli Junction,192,8.01,Clear
2026-04-10T10:57:07Z,SENS-002,Gachibowli Junction,90,49.94,Clear
2026-04-10T10:57:52Z,SENS-007,Begumpet Flyover,113,13.17,Cloudy
2026-04-10T11:03:45Z,SENS-007,Begumpet Flyover,38,22.45,Drizzle
2026-04-10T11:05:12Z,SENS-004,Madhapur IT Corridor,35,33.76,Cloudy
2026-04-10T11:09:45Z,SENS-009,Kukatpally Housing Board,86,45.53,Clear
2026-04-10T11:13:34Z,SENS-007,Begumpet Flyover,58,22.46,Light Rain
2026-04-10T11:17:32Z,SENS-007,Begumpet Flyover,61,51.73,Cloudy
2026-04-10T11:18:02Z,SENS-002,Gachibowli Junction,69,57.1,Clear
2026-04-10T11:25:21Z,SENS-002,Gachibowli Junction,68,26.17,Clear
2026-04-10T11:31:21Z,SENS-007,Begumpet Flyover,48,38.52,Clear
2026-04-10T11:34:20Z,SENS-005,Tank Bund Road,78,14.63,Cloudy
2026-04-10T11:40:37Z,SENS-010,Secunderabad Clock Tower,42,26.5,Fog
2026-04-10T11:48:04Z,SENS-002,Gachibowli Junction,46,39.88,Clear
2026-04-10T11:53:48Z,SENS-006,Hitech City Signal,40,53.81,Cloudy
2026-04-10T11:55:21Z,SENS-005,Tank Bund Road,35,51.51,Clear
2026-04-10T12:01:54Z,SENS-007,Begumpet Flyover,60,19.43,Light Rain
2026-04-10T12:04:03Z,SENS-008,LB Nagar Crossroads,30,20.61,Heavy Rain
2026-04-10T12:18:03Z,SENS-007,Begumpet Flyover,33,18.15,Fog
2026-04-10T12:21:31Z,SENS-007,Begumpet Flyover,63,31.09,Heavy Rain
2026-04-10T12:21:51Z,SENS-007,Begumpet Flyover,53,43.9,Clear
2026-04-10T12:23:42Z,SENS-006,Hitech City Signal,69,18.93,Cloudy
2026-04-10T12:30:16Z,SENS-008,LB Nagar Crossroads,68,53.4,Clear
2026-04-10T12:35:41Z,SENS-006,Hitech City Signal,42,51.12,Light Rain
2026-04-10T12:36:41Z,SENS-009,Kukatpally Housing Board,43,55.71,Cloudy
2026-04-10T12:48:40Z,SENS-009,Kukatpally Housing Board,28,22.0,Fog
2026-04-10T12:54:45Z,SENS-010,Secunderabad Clock Tower,76,27.19,Drizzle
2026-04-10T12:54:54Z,SENS-007,Begumpet Flyover,39,59.74,Clear
2026-04-10T12:58:16Z,SENS-001,Jubilee Hills Checkpost,64,46.91,Clear
2026-04-10T13:00:35Z,SENS-004,Madhapur IT Corridor,45,25.6,Clear
2026-04-10T13:01:36Z,SENS-004,Madhapur IT Corridor,48,40.37,Fog
2026-04-10T13:06:36Z,SENS-005,Tank Bund Road,45,37.85,Light Rain
2026-04-10T13:08:00Z,SENS-001,Jubilee Hills Checkpost,35,26.49,Clear
2026-04-10T13:09:01Z,SENS-008,LB Nagar Crossroads,86,29.28,Cloudy
2026-04-10T13:12:36Z,SENS-004,Madhapur IT Corridor,56,40.38,Clear
2026-04-10T13:14:31Z,SENS-003,Ameerpet Crossroads,65,16.9,Fog
2026-04-10T13:17:06Z,SENS-010,Secunderabad Clock Tower,47,40.23,Clear
2026-04-10T13:18:33Z,SENS-011,Mehdipatnam Bus Stand,86,40.19,Cloudy
2026-04-10T13:26:21Z,SENS-011,Mehdipatnam Bus Stand,34,32.7,Cloudy
2026-04-10T13:34:16Z,SENS-002,Gachibowli Junction,82,38.65,Cloudy
2026-04-10T13:40:54Z,SENS-009,Kukatpally Housing Board,71,15.35,Drizzle
2026-04-10T13:47:51Z,SENS-009,Kukatpally Housing Board,49,39.2,Clear
2026-04-10T13:52:05Z,SENS-008,LB Nagar Crossroads,82,46.23,Clear
2026-04-10T14:00:15Z,SENS-011,Mehdipatnam Bus Stand,36,20.16,Fog
2026-04-10T14:08:47Z,SENS-003,Ameerpet Crossroads,38,60.34,Cloudy
2026-04-10T14:14:50Z,SENS-004,Madhapur IT Corridor,41,25.68,Clear
2026-04-10T14:18:10Z,SENS-005,Tank Bund Road,58,54.32,Cloudy
2026-04-10T14:23:07Z,SENS-007,Begumpet Flyover,46,26.62,Heavy Rain
2026-04-10T14:26:17Z,SENS-006,Hitech City Signal,71,14.3,Cloudy
2026-04-10T14:27:58Z,SENS-004,Madhapur IT Corridor,55,40.26,Clear
2026-04-10T14:28:49Z,SENS-009,Kukatpally Housing Board,75,42.54,Cloudy
2026-04-10T14:29:22Z,SENS-009,Kukatpally Housing Board,40,26.21,Cloudy
2026-04-10T14:29:57Z,SENS-010,Secunderabad Clock Tower,42,31.86,Light Rain
2026-04-10T14:36:15Z,SENS-012,PVNR Expressway Toll,34,65.76,Clear
2026-04-10T14:36:32Z,SENS-003,Ameerpet Crossroads,32,31.9,Drizzle
2026-04-10T14:38:03Z,SENS-005,Tank Bund Road,41,47.7,Cloudy
2026-04-10T14:42:27Z,SENS-009,Kukatpally Housing Board,73,44.86,Clear
2026-04-10T14:44:58Z,SENS-002,Gachibowli Junction,71,19.92,Drizzle
2026-04-10T14:46:06Z,SENS-009,Kukatpally Housing Board,39,33.25,Clear
2026-04-10T14:50:29Z,SENS-005,Tank Bund Road,37,61.77,Cloudy
2026-04-10T14:50:53Z,SENS-005,Tank Bund Road,76,45.5,Light Rain
2026-04-10T14:59:56Z,SENS-001,Jubilee Hills Checkpost,54,26.77,Clear
2026-04-10T15:07:00Z,SENS-010,Secunderabad Clock Tower,63,30.43,Heavy Rain
2026-04-10T15:09:10Z,SENS-009,Kukatpally Housing Board,48,44.89,Cloudy
2026-04-10T15:19:17Z,SENS-002,Gachibowli Junction,60,37.23,Clear
2026-04-10T15:24:25Z,SENS-008,LB Nagar Crossroads,79,15.02,Clear
2026-04-10T15:28:03Z,SENS-001,Jubilee Hills Checkpost,63,31.14,Drizzle
2026-04-10T15:32:21Z,SENS-003,Ameerpet Crossroads,64,37.14,Heavy Rain
2026-04-10T15:32:55Z,SENS-004,Madhapur IT Corridor,66,20.64,Clear
2026-04-10T15:45:09Z,SENS-001,Jubilee Hills Checkpost,61,13.65,Fog
2026-04-10T15:55:37Z,SENS-006,Hitech City Signal,83,14.31,Clear
2026-04-10T15:58:42Z,SENS-011,Mehdipatnam Bus Stand,70,41.24,Clear
2026-04-10T16:00:17Z,SENS-012,PVNR Expressway Toll,61,29.46,Fog
2026-04-10T16:04:19Z,SENS-005,Tank Bund Road,43,35.92,Clear
2026-04-10T16:15:05Z,SENS-005,Tank Bund Road,39,49.11,Clear
2026-04-10T16:18:03Z,SENS-005,Tank Bund Road,67,48.02,Cloudy
2026-04-10T16:25:27Z,SENS-003,Ameerpet Crossroads,63,46.1,Light Rain
2026-04-10T16:33:19Z,SENS-011,Mehdipatnam Bus Stand,22,36.8,Heavy Rain
2026-04-10T16:33:20Z,SENS-001,Jubilee Hills Checkpost,68,52.38,Clear
2026-04-10T16:34:09Z,SENS-004,Madhapur IT Corridor,30,65.16,Clear
2026-04-10T16:39:03Z,SENS-009,Kukatpally Housing Board,35,52.07,Light Rain
2026-04-10T16:39:37Z,SENS-011,Mehdipatnam Bus Stand,78,28.34,Cloudy
2026-04-10T16:42:08Z,SENS-006,Hitech City Signal,36,56.33,Cloudy
2026-04-10T17:00:59Z,SENS-010,Secunderabad Clock Tower,106,12.94,Clear
2026-04-10T17:02:10Z,SENS-011,Mehdipatnam Bus Stand,74,47.7,Light Rain
2026-04-10T17:05:19Z,SENS-008,LB Nagar Crossroads,75,29.12,Drizzle
2026-04-10T17:08:17Z,SENS-002,Gachibowli Junction,93,39.69,Cloudy
2026-04-10T17:11:53Z,SENS-011,Mehdipatnam Bus Stand,100,21.26,Heavy Rain
2026-04-10T17:12:40Z,SENS-012,PVNR Expressway Toll,140,32.88,Clear
2026-04-10T17:18:09Z,SENS-011,Mehdipatnam Bus Stand,158,7.08,Cloudy
2026-04-10T17:18:59Z,SENS-005,Tank Bund Road,127,9.1,Heavy Rain
2026-04-10T17:21:06Z,SENS-012,PVNR Expressway Toll,145,28.0,Cloudy
2026-04-10T17:29:08Z,SENS-011,Mehdipatnam Bus Stand,111,40.9,Clear
2026-04-10T17:29:29Z,SENS-002,Gachibowli Junction,187,11.44,Clear
2026-04-10T17:42:55Z,SENS-012,PVNR Expressway Toll,94,16.93,Clear
2026-04-10T17:45:12Z,SENS-007,Begumpet Flyover,116,27.41,Heavy Rain
2026-04-10T17:47:45Z,SENS-005,Tank Bund Road,174,14.42,Cloudy
2026-04-10T17:49:52Z,SENS-008,LB Nagar Crossroads,102,40.31,Cloudy
2026-04-10T17:51:34Z,SENS-006,Hitech City Signal,196,18.09,Clear
2026-04-10T17:53:31Z,SENS-003,Ameerpet Crossroads,141,20.44,Clear
2026-04-10T18:03:08Z,SENS-007,Begumpet Flyover,188,11.19,Clear
2026-04-10T18:11:07Z,SENS-011,Mehdipatnam Bus Stand,171,15.13,Light Rain
2026-04-10T18:13:52Z,SENS-005,Tank Bund Road,171,21.45,Cloudy
2026-04-10T18:14:23Z,SENS-008,LB Nagar Crossroads,111,37.6,Light Rain
2026-04-10T18:16:53Z,SENS-011,Mehdipatnam Bus Stand,188,15.88,Clear
2026-04-10T18:17:28Z,SENS-006,Hitech City Signal,142,33.94,Clear
2026-04-10T18:24:24Z,SENS-003,Ameerpet Crossroads,115,31.97,Cloudy
2026-04-10T18:31:50Z,SENS-010,Secunderabad Clock Tower,169,10.32,Drizzle
2026-04-10T18:35:00Z,SENS-009,Kukatpally Housing Board,196,13.45,Clear
2026-04-10T18:35:12Z,SENS-009,Kukatpally Housing Board,194,6.36,Clear
2026-04-10T18:38:40Z,SENS-007,Begumpet Flyover,132,35.27,Cloudy
2026-04-10T18:44:37Z,SENS-009,Kukatpally Housing Board,115,30.78,Clear
2026-04-10T18:46:10Z,SENS-008,LB Nagar Crossroads,112,38.61,Cloudy
2026-04-10T18:46:14Z,SENS-005,Tank Bund Road,104,36.57,Clear
2026-04-10T18:48:43Z,SENS-004,Madhapur IT Corridor,110,14.63,Light Rain
2026-04-10T19:06:47Z,SENS-006,Hitech City Signal,160,8.06,Clear
2026-04-10T19:08:04Z,SENS-006,Hitech City Signal,136,10.97,Fog
2026-04-10T19:11:07Z,SENS-003,Ameerpet Crossroads,81,39.9,Light Rain
2026-04-10T19:12:25Z,SENS-009,Kukatpally Housing Board,184,15.32,Clear
2026-04-10T19:14:23Z,SENS-007,Begumpet Flyover,136,25.81,Clear
2026-04-10T19:14:41Z,SENS-002,Gachibowli Junction,190,12.75,Cloudy
2026-04-10T19:16:02Z,SENS-012,PVNR Expressway Toll,97,32.16,Light Rain
2026-04-10T19:16:22Z,SENS-002,Gachibowli Junction,198,16.65,Clear
2026-04-10T19:16:57Z,SENS-001,Jubilee Hills Checkpost,172,22.02,Cloudy
2026-04-10T19:21:13Z,SENS-003,Ameerpet Crossroads,136,14.52,Heavy Rain
2026-04-10T19:32:48Z,SENS-010,Secunderabad Clock Tower,89,29.33,Cloudy
2026-04-10T19:34:14Z,SENS-005,Tank Bund Road,122,23.67,Cloudy
2026-04-10T19:34:59Z,SENS-012,PVNR Expressway Toll,183,23.84,Clear
2026-04-10T19:42:56Z,SENS-009,Kukatpally Housing Board,155,15.53,Clear
2026-04-10T19:43:17Z,SENS-007,Begumpet Flyover,104,13.87,Clear
2026-04-10T19:58:42Z,SENS-001,Jubilee Hills Checkpost,78,11.92,Heavy Rain
2026-04-10T20:05:06Z,SENS-001,Jubilee Hills Checkpost,49,63.02,Clear
2026-04-10T20:06:43Z,SENS-008,LB Nagar Crossroads,49,29.12,Cloudy
2026-04-10T20:14:34Z,SENS-006,Hitech City Signal,52,38.84,Clear
2026-04-10T20:23:26Z,SENS-010,Secunderabad Clock Tower,69,26.81,Cloudy
2026-04-10T20:25:29Z,SENS-001,Jubilee Hills Checkpost,87,16.49,Clear
2026-04-10T20:41:24Z,SENS-002,Gachibowli Junction,54,38.11,Light Rain
2026-04-10T20:42:29Z,SENS-007,Begumpet Flyover,59,27.85,Light Rain
2026-04-10T20:58:43Z,SENS-010,Secunderabad Clock Tower,42,31.51,Clear
2026-04-10T20:58:57Z,SENS-008,LB Nagar Crossroads,27,25.52,Light Rain
2026-04-10T21:08:38Z,SENS-008,LB Nagar Crossroads,32,28.9,Clear
2026-04-10T21:12:42Z,SENS-008,LB Nagar Crossroads,81,45.08,Clear
2026-04-10T21:12:52Z,SENS-009,Kukatpally Housing Board,45,21.67,Cloudy
2026-04-10T21:15:31Z,SENS-005,Tank Bund Road,62,56.97,Clear
2026-04-10T21:18:07Z,SENS-003,Ameerpet Crossroads,39,37.45,Clear
2026-04-10T21:31:22Z,SENS-008,LB Nagar Crossroads,85,13.41,Cloudy
2026-04-10T21:34:15Z,SENS-001,Jubilee Hills Checkpost,46,65.04,Clear
2026-04-10T21:35:01Z,SENS-012,PVNR Expressway Toll,50,25.12,Cloudy
2026-04-10T21:38:43Z,SENS-005,Tank Bund Road,80,49.43,Cloudy
2026-04-10T21:43:08Z,SENS-010,Secunderabad Clock Tower,80,16.67,Cloudy
2026-04-10T22:01:51Z,SENS-006,Hitech City Signal,26,26.92,Light Rain
2026-04-10T22:02:11Z,SENS-009,Kukatpally Housing Board,5,36.5,Cloudy
2026-04-10T22:06:56Z,SENS-012,PVNR Expressway Toll,28,48.66,Light Rain
2026-04-10T22:12:44Z,SENS-002,Gachibowli Junction,34,27.2,Clear
2026-04-10T22:15:58Z,SENS-008,LB Nagar Crossroads,16,44.35,Clear
2026-04-10T22:16:30Z,SENS-008,LB Nagar Crossroads,8,28.18,Fog
2026-04-10T22:19:25Z,SENS-008,LB Nagar Crossroads,39,55.17,Clear
2026-04-10T22:20:03Z,SENS-002,Gachibowli Junction,20,47.49,Light Rain
2026-04-10T22:23:39Z,SENS-009,Kukatpally Housing Board,38,66.95,Clear
2026-04-10T22:27:39Z,SENS-008,LB Nagar Crossroads,14,23.52,Cloudy
2026-04-10T22:30:40Z,SENS-003,Ameerpet Crossroads,36,41.09,Cloudy
2026-04-10T22:43:20Z,SENS-008,LB Nagar Crossroads,17,70.09,Clear
2026-04-10T22:44:20Z,SENS-008,LB Nagar Crossroads,5,31.66,Clear
2026-04-10T22:46:55Z,SENS-012,PVNR Expressway Toll,14,21.14,Heavy Rain
2026-04-10T22:53:20Z,SENS-010,Secunderabad Clock Tower,12,41.26,Fog
2026-04-10T22:53:39Z,SENS-004,Madhapur IT Corridor,27,52.43,Cloudy
2026-04-10T22:54:19Z,SENS-012,PVNR Expressway Toll,38,59.51,Clear
2026-04-10T22:57:54Z,SENS-001,Jubilee Hills Checkpost,12,26.43,Clear
2026-04-10T23:10:12Z,SENS-011,Mehdipatnam Bus Stand,32,61.57,Cloudy
2026-04-10T23:18:40Z,SENS-004,Madhapur IT Corridor,11,54.3,Cloudy
2026-04-10T23:23:37Z,SENS-004,Madhapur IT Corridor,21,57.09,Cloudy
2026-04-10T23:26:44Z,SENS-009,Kukatpally Housing Board,18,65.07,Clear
2026-04-10T23:28:07Z,SENS-012,PVNR Expressway Toll,24,65.84,Clear
2026-04-10T23:40:40Z,SENS-005,Tank Bund Road,34,55.34,Cloudy
2026-04-10T23:45:33Z,SENS-006,Hitech City Signal,8,37.04,Clear
2026-04-10T23:47:55Z,SENS-006,Hitech City Signal,33,22.38,Cloudy
2026-04-10T23:51:07Z,SENS-006,Hitech City Signal,24,46.56,Clear
2026-04-10T23:55:29Z,SENS-004,Madhapur IT Corridor,12,42.28,Cloudy
2026-04-11T00:05:47Z,SENS-005,Tank Bund Road,21,43.54,Cloudy
2026-04-11T00:19:15Z,SENS-001,Jubilee Hills Checkpost,23,16.32,Fog
2026-04-11T00:20:26Z,SENS-011,Mehdipatnam Bus Stand,26,29.85,Light Rain
2026-04-11T00:25:25Z,SENS-002,Gachibowli Junction,26,21.85,Fog
2026-04-11T00:27:06Z,SENS-009,Kukatpally Housing Board,22,30.1,Fog
2026-04-11T00:28:07Z,SENS-011,Mehdipatnam Bus Stand,28,69.77,Clear
2026-04-11T00:28:25Z,SENS-011,Mehdipatnam Bus Stand,19,25.77,Clear
2026-04-11T00:31:41Z,SENS-011,Mehdipatnam Bus Stand,22,21.81,Clear
2026-04-11T00:36:17Z,SENS-002,Gachibowli Junction,23,60.03,Cloudy
2026-04-11T00:44:24Z,SENS-004,Madhapur IT Corridor,38,50.22,Clear
2026-04-11T00:46:30Z,SENS-010,Secunderabad Clock Tower,20,29.76,Fog
2026-04-11T00:47:17Z,SENS-011,Mehdipatnam Bus Stand,21,51.0,Heavy Rain
2026-04-11T00:51:20Z,SENS-001,Jubilee Hills Checkpost,22,26.58,Heavy Rain
2026-04-11T00:54:01Z,SENS-011,Mehdipatnam Bus Stand,15,50.91,Light Rain
2026-04-11T00:54:33Z,SENS-010,Secunderabad Clock Tower,8,42.08,Clear
2026-04-11T00:54:33Z,SENS-012,PVNR Expressway Toll,24,26.13,Heavy Rain
2026-04-11T00:56:24Z,SENS-002,Gachibowli Junction,12,26.2,Clear
2026-04-11T01:00:20Z,SENS-003,Ameerpet Crossroads,4,71.4,Cloudy
2026-04-11T01:00:58Z,SENS-001,Jubilee Hills Checkpost,15,20.07,Fog
2026-04-11T01:06:28Z,SENS-010,Secunderabad Clock Tower,25,53.5,Clear
2026-04-11T01:06:48Z,SENS-005,Tank Bund Road,16,62.76,Cloudy
2026-04-11T01:07:24Z,SENS-007,Begumpet Flyover,12,39.08,Light Rain
2026-04-11T01:14:52Z,SENS-012,PVNR Expressway Toll,8,60.51,Clear
2026-04-11T01:15:35Z,SENS-002,Gachibowli Junction,10,32.19,Cloudy
2026-04-11T01:16:40Z,SENS-002,Gachibowli Junction,5,18.48,Light Rain
2026-04-11T01:21:25Z,SENS-011,Mehdipatnam Bus Stand,14,56.66,Light Rain
2026-04-11T01:23:57Z,SENS-002,Gachibowli Junction,28,63.0,Cloudy
2026-04-11T01:31:25Z,SENS-001,Jubilee Hills Checkpost,6,32.28,Clear
2026-04-11T01:32:12Z,SENS-012,PVNR Expressway Toll,25,52.65,Light Rain
2026-04-11T01:38:05Z,SENS-003,Ameerpet Crossroads,18,55.72,Clear
2026-04-11T01:39:17Z,SENS-007,Begumpet Flyover,39,63.05,Clear
2026-04-11T01:39:47Z,SENS-008,LB Nagar Crossroads,14,38.95,Clear
2026-04-11T01:39:59Z,SENS-002,Gachibowli Junction,16,63.68,Cloudy
2026-04-11T01:59:27Z,SENS-006,Hitech City Signal,4,26.95,Light Rain
2026-04-11T02:01:03Z,SENS-012,PVNR Expressway Toll,18,42.54,Cloudy
2026-04-11T02:02:49Z,SENS-009,Kukatpally Housing Board,28,30.56,Clear
2026-04-11T02:03:43Z,SENS-011,Mehdipatnam Bus Stand,5,41.08,Fog
2026-04-11T02:18:21Z,SENS-006,Hitech City Signal,33,43.04,Clear
2026-04-11T02:22:45Z,SENS-008,LB Nagar Crossroads,25,45.81,Cloudy
2026-04-11T02:23:33Z,SENS-007,Begumpet Flyover,21,46.93,Clear
2026-04-11T02:25:25Z,SENS-004,Madhapur IT Corridor,13,37.65,Light Rain
2026-04-11T02:26:10Z,SENS-010,Secunderabad Clock Tower,12,30.96,Light Rain
2026-04-11T02:27:37Z,SENS-003,Ameerpet Crossroads,9,45.28,Clear
2026-04-11T02:42:14Z,SENS-004,Madhapur IT Corridor,25,21.62,Fog
2026-04-11T02:51:14Z,SENS-003,Ameerpet Crossroads,8,30.82,Light Rain
2026-04-11T03:00:34Z,SENS-012,PVNR Expressway Toll,9,35.35,Cloudy
2026-04-11T03:01:46Z,SENS-002,Gachibowli Junction,5,17.65,Fog
2026-04-11T03:08:36Z,SENS-011,Mehdipatnam Bus Stand,31,32.71,Clear
2026-04-11T03:12:45Z,SENS-010,Secunderabad Clock Tower,18,27.93,Cloudy
2026-04-11T03:14:52Z,SENS-008,LB Nagar Crossroads,15,20.74,Light Rain
2026-04-11T03:17:21Z,SENS-008,LB Nagar Crossroads,8,37.49,Clear
2026-04-11T03:18:47Z,SENS-003,Ameerpet Crossroads,17,45.9,Light Rain
2026-04-11T03:38:11Z,SENS-008,LB Nagar Crossroads,9,25.41,Light Rain
2026-04-11T03:50:18Z,SENS-009,Kukatpally Housing Board,31,44.51,Drizzle
2026-04-11T03:55:47Z,SENS-008,LB Nagar Crossroads,16,26.74,Clear
2026-04-11T03:56:24Z,SENS-001,Jubilee Hills Checkpost,37,30.72,Clear
2026-04-11T04:03:48Z,SENS-010,Secunderabad Clock Tower,34,56.2,Light Rain
2026-04-11T04:05:04Z,SENS-003,Ameerpet Crossroads,8,19.67,Heavy Rain
2026-04-11T04:09:28Z,SENS-004,Madhapur IT Corridor,6,48.03,Fog
2026-04-11T04:10:09Z,SENS-001,Jubilee Hills Checkpost,31,14.97,Light Rain
2026-04-11T04:17:59Z,SENS-008,LB Nagar Crossroads,29,24.38,Clear
2026-04-11T04:22:49Z,SENS-012,PVNR Expressway Toll,36,48.97,Clear
2026-04-11T04:23:25Z,SENS-006,Hitech City Signal,22,26.02,Light Rain
2026-04-11T04:23:30Z,SENS-002,Gachibowli Junction,36,53.04,Clear
2026-04-11T04:35:46Z,SENS-011,Mehdipatnam Bus Stand,27,44.2,Cloudy
2026-04-11T04:37:19Z,SENS-005,Tank Bund Road,19,66.58,Cloudy
2026-04-11T04:39:03Z,SENS-005,Tank Bund Road,15,47.84,Clear
2026-04-11T04:41:40Z,SENS-002,Gachibowli Junction,10,73.99,Clear
2026-04-11T04:56:08Z,SENS-002,Gachibowli Junction,8,51.7,Clear
2026-04-11T04:59:46Z,SENS-009,Kukatpally Housing Board,24,56.35,Clear
2026-04-11T05:01:12Z,SENS-007,Begumpet Flyover,42,42.35,Clear
2026-04-11T05:01:24Z,SENS-002,Gachibowli Junction,43,52.69,Clear
2026-04-11T05:10:36Z,SENS-008,LB Nagar Crossroads,29,40.63,Cloudy
2026-04-11T05:13:57Z,SENS-007,Begumpet Flyover,32,64.69,Cloudy
2026-04-11T05:17:28Z,SENS-001,Jubilee Hills Checkpost,53,55.33,Cloudy
2026-04-11T05:22:07Z,SENS-002,Gachibowli Junction,43,38.14,Heavy Rain
2026-04-11T05:23:49Z,SENS-003,Ameerpet Crossroads,32,42.39,Heavy Rain
2026-04-11T05:32:38Z,SENS-012,PVNR Expressway Toll,45,41.86,Fog
2026-04-11T05:41:18Z,SENS-009,Kukatpally Housing Board,70,45.98,Clear
2026-04-11T05:42:08Z,SENS-004,Madhapur IT Corridor,63,50.75,Light Rain
2026-04-11T05:46:50Z,SENS-001,Jubilee Hills Checkpost,54,30.13,Cloudy
2026-04-11T05:49:22Z,SENS-003,Ameerpet Crossroads,65,14.44,Fog
2026-04-11T05:56:28Z,SENS-002,Gachibowli Junction,89,41.29,Clear
2026-04-11T06:04:05Z,SENS-001,Jubilee Hills Checkpost,57,24.2,Fog
2026-04-11T06:12:14Z,SENS-007,Begumpet Flyover,34,54.52,Cloudy
2026-04-11T06:15:27Z,SENS-005,Tank Bund Road,47,30.94,Light Rain
2026-04-11T06:34:31Z,SENS-008,LB Nagar Crossroads,55,34.19,Light Rain
2026-04-11T06:37:35Z,SENS-011,Mehdipatnam Bus Stand,38,37.56,Cloudy
2026-04-11T06:39:03Z,SENS-005,Tank Bund Road,43,34.21,Clear
2026-04-11T06:47:02Z,SENS-003,Ameerpet Crossroads,76,32.18,Clear
2026-04-11T06:50:49Z,SENS-010,Secunderabad Clock Tower,35,48.86,Cloudy
2026-04-11T06:51:30Z,SENS-005,Tank Bund Road,75,28.89,Clear
2026-04-11T06:52:12Z,SENS-003,Ameerpet Crossroads,66,49.08,Cloudy
2026-04-11T06:53:09Z,SENS-003,Ameerpet Crossroads,45,31.51,Clear
2026-04-11T07:08:18Z,SENS-011,Mehdipatnam Bus Stand,42,65.35,Clear
2026-04-11T07:16:34Z,SENS-003,Ameerpet Crossroads,85,19.21,Clear
2026-04-11T07:28:09Z,SENS-011,Mehdipatnam Bus Stand,54,43.9,Clear
2026-04-11T07:30:30Z,SENS-003,Ameerpet Crossroads,61,29.33,Heavy Rain
2026-04-11T07:30:47Z,SENS-003,Ameerpet Crossroads,49,23.03,Cloudy
2026-04-11T07:37:58Z,SENS-009,Kukatpally Housing Board,68,15.79,Clear
2026-04-11T08:12:02Z,SENS-001,Jubilee Hills Checkpost,81,26.77,Cloudy
2026-04-11T08:14:04Z,SENS-003,Ameerpet Crossroads,126,19.6,Clear
2026-04-11T08:22:02Z,SENS-003,Ameerpet Crossroads,159,24.65,Clear
2026-04-11T08:27:21Z,SENS-002,Gachibowli Junction,111,24.77,Fog
2026-04-11T08:36:55Z,SENS-010,Secunderabad Clock Tower,93,30.66,Clear
2026-04-11T08:42:45Z,SENS-012,PVNR Expressway Toll,199,13.06,Clear
2026-04-11T08:43:31Z,SENS-005,Tank Bund Road,107,25.12,Clear
2026-04-11T08:44:57Z,SENS-003,Ameerpet Crossroads,120,22.69,Fog
2026-04-11T08:47:07Z,SENS-008,LB Nagar Crossroads,183,5.6,Drizzle
2026-04-11T08:48:20Z,SENS-003,Ameerpet Crossroads,118,26.33,Clear
2026-04-11T08:54:43Z,SENS-009,Kukatpally Housing Board,110,20.25,Cloudy
2026-04-11T08:55:08Z,SENS-005,Tank Bund Road,121,19.67,Light Rain
2026-04-11T09:18:33Z,SENS-010,Secunderabad Clock Tower,128,21.22,Clear
2026-04-11T09:27:21Z,SENS-012,PVNR Expressway Toll,170,18.85,Drizzle
2026-04-11T09:30:22Z,SENS-010,Secunderabad Clock Tower,189,6.6,Clear
2026-04-11T09:38:56Z,SENS-003,Ameerpet Crossroads,110,8.72,Fog
2026-04-11T09:39:29Z,SENS-012,PVNR Expressway Toll,184,14.9,Clear
2026-04-11T09:41:19Z,SENS-007,Begumpet Flyover,92,12.08,Fog
2026-04-11T09:44:11Z,SENS-002,Gachibowli Junction,80,52.08,Clear
2026-04-11T09:45:00Z,SENS-007,Begumpet Flyover,136,17.45,Clear
2026-04-11T09:49:00Z,SENS-004,Madhapur IT Corridor,90,16.58,Clear
2026-04-11T09:49:33Z,SENS-002,Gachibowli Junction,147,16.83,Clear
2026-04-11T09:49:35Z,SENS-011,Mehdipatnam Bus Stand,150,18.35,Clear
2026-04-11T09:51:21Z,SENS-006,Hitech City Signal,139,17.92,Cloudy
2026-04-11T10:08:04Z,SENS-001,Jubilee Hills Checkpost,94,46.23,Clear
2026-04-11T10:25:03Z,SENS-005,Tank Bund Road,186,21.67,Clear
2026-04-11T10:26:49Z,SENS-008,LB Nagar Crossroads,106,7.94,Fog
2026-04-11T10:29:43Z,SENS-001,Jubilee Hills Checkpost,138,20.4,Light Rain
2026-04-11T10:31:16Z,SENS-012,PVNR Expressway Toll,171,24.82,Clear
2026-04-11T10:38:00Z,SENS-006,Hitech City Signal,128,16.86,Clear
2026-04-11T10:42:09Z,SENS-011,Mehdipatnam Bus Stand,88,45.92,Cloudy
2026-04-11T10:52:40Z,SENS-008,LB Nagar Crossroads,95,12.9,Cloudy
2026-04-11T10:53:15Z,SENS-002,Gachibowli Junction,113,20.94,Clear
2026-04-11T10:56:10Z,SENS-010,Secunderabad Clock Tower,146,22.27,Drizzle
2026-04-11T11:02:32Z,SENS-012,PVNR Expressway Toll,51,58.49,Clear
2026-04-11T11:02:47Z,SENS-006,Hitech City Signal,37,27.99,Light Rain
2026-04-11T11:03:51Z,SENS-001,Jubilee Hills Checkpost,61,42.32,Heavy Rain
2026-04-11T11:07:28Z,SENS-002,Gachibowli Junction,67,15.32,Light Rain
2026-04-11T11:10:14Z,SENS-008,LB Nagar Crossroads,81,20.99,Clear
2026-04-11T11:10:26Z,SENS-002,Gachibowli Junction,85,29.87,Cloudy
2026-04-11T11:20:34Z,SENS-010,Secunderabad Clock Tower,31,42.57,Clear
2026-04-11T11:26:14Z,SENS-006,Hitech City Signal,36,63.19,Cloudy
2026-04-11T11:26:57Z,SENS-004,Madhapur IT Corridor,59,40.35,Cloudy
2026-04-11T11:35:42Z,SENS-007,Begumpet Flyover,48,14.13,Light Rain
2026-04-11T11:40:49Z,SENS-002,Gachibowli Junction,28,32.22,Fog
2026-04-11T11:42:08Z,SENS-007,Begumpet Flyover,45,29.19,Cloudy
2026-04-11T11:44:25Z,SENS-012,PVNR Expressway Toll,24,17.04,Heavy Rain
2026-04-11T11:47:51Z,SENS-010,Secunderabad Clock Tower,62,34.49,Clear
2026-04-11T11:50:58Z,SENS-011,Mehdipatnam Bus Stand,58,48.16,Light Rain
2026-04-11T11:53:13Z,SENS-004,Madhapur IT Corridor,36,30.11,Clear
2026-04-11T11:58:06Z,SENS-003,Ameerpet Crossroads,79,29.94,Cloudy
2026-04-11T11:58:40Z,SENS-012,PVNR Expressway Toll,69,53.0,Clear
2026-04-11T12:01:17Z,SENS-012,PVNR Expressway Toll,64,23.68,Cloudy
2026-04-11T12:06:01Z,SENS-001,Jubilee Hills Checkpost,39,48.87,Clear
2026-04-11T12:06:54Z,SENS-012,PVNR Expressway Toll,27,25.16,Light Rain
2026-04-11T12:11:08Z,SENS-011,Mehdipatnam Bus Stand,70,37.27,Clear
2026-04-11T12:12:53Z,SENS-012,PVNR Expressway Toll,36,22.93,Clear
2026-04-11T12:18:15Z,SENS-008,LB Nagar Crossroads,49,34.99,Cloudy
2026-04-11T12:26:59Z,SENS-012,PVNR Expressway Toll,75,30.35,Clear
2026-04-11T12:28:25Z,SENS-008,LB Nagar Crossroads,28,47.67,Heavy Rain
2026-04-11T12:29:35Z,SENS-003,Ameerpet Crossroads,85,19.79,Clear
2026-04-11T12:29:37Z,SENS-012,PVNR Expressway Toll,82,25.1,Clear
2026-04-11T12:33:09Z,SENS-004,Madhapur IT Corridor,41,36.02,Clear
2026-04-11T12:40:12Z,SENS-006,Hitech City Signal,72,44.65,Cloudy
2026-04-11T13:01:18Z,SENS-011,Mehdipatnam Bus Stand,58,55.47,Clear
2026-04-11T13:01:48Z,SENS-004,Madhapur IT Corridor,68,55.8,Clear
2026-04-11T13:05:54Z,SENS-005,Tank Bund Road,83,34.83,Cloudy
2026-04-11T13:17:31Z,SENS-004,Madhapur IT Corridor,78,22.45,Cloudy
2026-04-11T13:17:42Z,SENS-012,PVNR Expressway Toll,50,20.74,Clear
2026-04-11T13:19:11Z,SENS-003,Ameerpet Crossroads,54,34.32,Light Rain
2026-04-11T13:21:58Z,SENS-006,Hitech City Signal,82,44.31,Clear
2026-04-11T13:26:03Z,SENS-010,Secunderabad Clock Tower,66,36.43,Clear
2026-04-11T13:30:41Z,SENS-005,Tank Bund Road,59,52.22,Clear
2026-04-11T13:31:00Z,SENS-010,Secunderabad Clock Tower,59,18.37,Fog
2026-04-11T13:33:57Z,SENS-010,Secunderabad Clock Tower,42,52.59,Cloudy
2026-04-11T13:37:41Z,SENS-009,Kukatpally Housing Board,39,16.56,Light Rain
2026-04-11T13:40:07Z,SENS-007,Begumpet Flyover,80,44.9,Clear
2026-04-11T13:44:42Z,SENS-009,Kukatpally Housing Board,38,41.9,Cloudy
2026-04-11T13:46:17Z,SENS-001,Jubilee Hills Checkpost,56,17.58,Cloudy
2026-04-11T13:49:51Z,SENS-008,LB Nagar Crossroads,56,58.6,Cloudy
2026-04-11T13:52:51Z,SENS-003,Ameerpet Crossroads,49,15.18,Light Rain
2026-04-11T13:53:16Z,SENS-003,Ameerpet Crossroads,63,17.14,Heavy Rain
2026-04-11T13:57:04Z,SENS-001,Jubilee Hills Checkpost,81,40.0,Cloudy
2026-04-11T14:06:26Z,SENS-012,PVNR Expressway Toll,39,45.94,Clear
2026-04-11T14:09:56Z,SENS-008,LB Nagar Crossroads,53,51.07,Cloudy
2026-04-11T14:10:17Z,SENS-001,Jubilee Hills Checkpost,79,25.41,Clear
2026-04-11T14:14:48Z,SENS-008,LB Nagar Crossroads,39,63.56,Clear
2026-04-11T14:21:17Z,SENS-011,Mehdipatnam Bus Stand,78,30.49,Cloudy
2026-04-11T14:36:46Z,SENS-010,Secunderabad Clock Tower,76,29.29,Drizzle
2026-04-11T14:39:17Z,SENS-009,Kukatpally Housing Board,47,23.83,Drizzle
2026-04-11T14:39:29Z,SENS-011,Mehdipatnam Bus Stand,43,54.81,Clear
2026-04-11T14:45:21Z,SENS-009,Kukatpally Housing Board,30,34.48,Cloudy
2026-04-11T14:48:14Z,SENS-001,Jubilee Hills Checkpost,25,31.7,Fog
2026-04-11T14:50:30Z,SENS-009,Kukatpally Housing Board,56,37.83,Drizzle
2026-04-11T15:02:13Z,SENS-001,Jubilee Hills Checkpost,70,40.57,Drizzle
2026-04-11T15:26:56Z,SENS-004,Madhapur IT Corridor,68,31.85,Cloudy
2026-04-11T15:30:13Z,SENS-008,LB Nagar Crossroads,41,58.11,Clear
2026-04-11T15:34:21Z,SENS-009,Kukatpally Housing Board,59,42.65,Cloudy
2026-04-11T15:35:12Z,SENS-010,Secunderabad Clock Tower,45,39.17,Light Rain
2026-04-11T15:42:26Z,SENS-006,Hitech City Signal,70,44.08,Clear
2026-04-11T15:42:57Z,SENS-008,LB Nagar Crossroads,48,36.94,Heavy Rain
2026-04-11T15:44:42Z,SENS-004,Madhapur IT Corridor,66,17.38,Cloudy
2026-04-11T15:46:42Z,SENS-002,Gachibowli Junction,58,30.88,Clear
2026-04-11T15:54:20Z,SENS-002,Gachibowli Junction,83,20.67,Clear
2026-04-11T15:58:27Z,SENS-009,Kukatpally Housing Board,40,26.98,Light Rain
2026-04-11T16:02:06Z,SENS-012,PVNR Expressway Toll,38,28.16,Heavy Rain
2026-04-11T16:03:35Z,SENS-001,Jubilee Hills Checkpost,32,42.1,Cloudy
2026-04-11T16:09:16Z,SENS-009,Kukatpally Housing Board,61,43.31,Drizzle
2026-04-11T16:14:22Z,SENS-004,Madhapur IT Corridor,56,33.65,Fog
2026-04-11T16:16:24Z,SENS-001,Jubilee Hills Checkpost,32,19.54,Clear
2026-04-11T16:22:50Z,SENS-012,PVNR Expressway Toll,36,52.37,Clear
2026-04-11T16:23:52Z,SENS-011,Mehdipatnam Bus Stand,37,28.62,Cloudy
2026-04-11T16:29:59Z,SENS-009,Kukatpally Housing Board,31,53.44,Clear
2026-04-11T16:30:17Z,SENS-008,LB Nagar Crossroads,82,43.47,Clear
2026-04-11T16:33:53Z,SENS-007,Begumpet Flyover,61,33.31,Drizzle
2026-04-11T16:39:53Z,SENS-004,Madhapur IT Corridor,54,27.66,Clear
2026-04-11T16:57:00Z,SENS-004,Madhapur IT Corridor,62,52.57,Cloudy
2026-04-11T17:05:15Z,SENS-001,Jubilee Hills Checkpost,159,18.09,Cloudy
2026-04-11T17:07:06Z,SENS-006,Hitech City Signal,77,42.01,Cloudy
2026-04-11T17:11:52Z,SENS-010,Secunderabad Clock Tower,174,15.93,Light Rain
2026-04-11T17:14:42Z,SENS-002,Gachibowli Junction,159,6.56,Light Rain
2026-04-11T17:15:07Z,SENS-007,Begumpet Flyover,100,42.98,Cloudy
2026-04-11T17:16:43Z,SENS-006,Hitech City Signal,130,10.09,Clear
2026-04-11T17:19:54Z,SENS-009,Kukatpally Housing Board,184,10.54,Clear
2026-04-11T17:25:59Z,SENS-008,LB Nagar Crossroads,181,12.78,Clear
2026-04-11T17:26:08Z,SENS-002,Gachibowli Junction,123,17.77,Cloudy
2026-04-11T17:28:07Z,SENS-011,Mehdipatnam Bus Stand,101,46.7,Clear
2026-04-11T17:38:29Z,SENS-010,Secunderabad Clock Tower,109,16.01,Light Rain
2026-04-11T17:45:16Z,SENS-005,Tank Bund Road,126,30.98,Light Rain
2026-04-11T17:46:31Z,SENS-011,Mehdipatnam Bus Stand,190,22.39,Clear
2026-04-11T17:56:54Z,SENS-004,Madhapur IT Corridor,143,14.0,Light Rain
2026-04-11T17:59:46Z,SENS-011,Mehdipatnam Bus Stand,103,35.27,Clear
2026-04-11T18:03:40Z,SENS-004,Madhapur IT Corridor,166,9.5,Cloudy
2026-04-11T18:12:57Z,SENS-011,Mehdipatnam Bus Stand,115,16.77,Clear
2026-04-11T18:15:18Z,SENS-010,Secunderabad Clock Tower,94,44.23,Clear
2026-04-11T18:24:55Z,SENS-005,Tank Bund Road,81,12.95,Heavy Rain
2026-04-11T18:38:51Z,SENS-008,LB Nagar Crossroads,177,8.07,Cloudy
2026-04-11T18:40:13Z,SENS-004,Madhapur IT Corridor,110,30.6,Heavy Rain
2026-04-11T18:45:25Z,SENS-010,Secunderabad Clock Tower,102,12.2,Cloudy
2026-04-11T18:48:54Z,SENS-003,Ameerpet Crossroads,160,21.71,Drizzle
2026-04-11T18:54:18Z,SENS-006,Hitech City Signal,90,15.67,Drizzle
2026-04-11T18:57:32Z,SENS-002,Gachibowli Junction,160,15.8,Light Rain
2026-04-11T18:58:19Z,SENS-006,Hitech City Signal,147,20.42,Heavy Rain
2026-04-11T19:05:29Z,SENS-011,Mehdipatnam Bus Stand,139,17.49,Clear
2026-04-11T19:09:02Z,SENS-002,Gachibowli Junction,84,14.96,Fog
2026-04-11T19:10:40Z,SENS-001,Jubilee Hills Checkpost,109,31.34,Clear
2026-04-11T19:16:29Z,SENS-011,Mehdipatnam Bus Stand,89,14.21,Clear
2026-04-11T19:19:56Z,SENS-002,Gachibowli Junction,154,25.79,Light Rain
2026-04-11T19:20:32Z,SENS-010,Secunderabad Clock Tower,73,18.62,Light Rain
2026-04-11T19:23:21Z,SENS-012,PVNR Expressway Toll,175,22.31,Clear
2026-04-11T19:23:55Z,SENS-003,Ameerpet Crossroads,85,35.03,Clear
2026-04-11T19:24:43Z,SENS-002,Gachibowli Junction,123,21.86,Clear
2026-04-11T19:28:20Z,SENS-003,Ameerpet Crossroads,125,19.85,Light Rain
2026-04-11T19:38:41Z,SENS-002,Gachibowli Junction,75,17.69,Fog
2026-04-11T19:39:06Z,SENS-010,Secunderabad Clock Tower,148,30.9,Cloudy
2026-04-11T19:40:52Z,SENS-004,Madhapur IT Corridor,140,7.82,Fog
2026-04-11T19:46:44Z,SENS-012,PVNR Expressway Toll,155,10.66,Cloudy
2026-04-11T19:47:25Z,SENS-012,PVNR Expressway Toll,74,28.88,Light Rain
2026-04-11T19:52:50Z,SENS-007,Begumpet Flyover,179,16.14,Light Rain
2026-04-11T19:54:13Z,SENS-009,Kukatpally Housing Board,126,31.18,Light Rain
2026-04-11T19:57:05Z,SENS-004,Madhapur IT Corridor,102,44.72,Cloudy
2026-04-11T20:04:54Z,SENS-007,Begumpet Flyover,59,19.56,Clear
2026-04-11T20:05:35Z,SENS-012,PVNR Expressway Toll,73,32.77,Light Rain
2026-04-11T20:10:57Z,SENS-011,Mehdipatnam Bus Stand,66,20.49,Light Rain
2026-04-11T20:33:14Z,SENS-012,PVNR Expressway Toll,37,40.35,Clear
2026-04-11T20:34:43Z,SENS-003,Ameerpet Crossroads,79,21.37,Clear
2026-04-11T20:36:13Z,SENS-012,PVNR Expressway Toll,64,40.72,Light Rain
2026-04-11T20:39:55Z,SENS-002,Gachibowli Junction,83,21.18,Cloudy
2026-04-11T20:49:18Z,SENS-010,Secunderabad Clock Tower,36,32.69,Light Rain
2026-04-11T20:54:20Z,SENS-001,Jubilee Hills Checkpost,34,28.83,Fog
2026-04-11T20:57:50Z,SENS-005,Tank Bund Road,60,28.61,Fog
2026-04-11T21:02:42Z,SENS-010,Secunderabad Clock Tower,89,23.37,Clear
2026-04-11T21:18:25Z,SENS-011,Mehdipatnam Bus Stand,36,33.94,Light Rain
2026-04-11T21:21:04Z,SENS-005,Tank Bund Road,27,56.46,Drizzle
2026-04-11T21:22:17Z,SENS-010,Secunderabad Clock Tower,71,34.99,Clear
2026-04-11T21:28:37Z,SENS-012,PVNR Expressway Toll,32,43.93,Clear
2026-04-11T21:35:06Z,SENS-003,Ameerpet Crossroads,77,45.76,Cloudy
2026-04-11T21:46:43Z,SENS-011,Mehdipatnam Bus Stand,46,18.25,Clear
2026-04-11T21:52:20Z,SENS-003,Ameerpet Crossroads,52,29.17,Clear
2026-04-11T21:52:42Z,SENS-012,PVNR Expressway Toll,86,29.82,Cloudy
2026-04-11T21:53:03Z,SENS-010,Secunderabad Clock Tower,30,64.07,Clear
2026-04-11T21:56:02Z,SENS-011,Mehdipatnam Bus Stand,47,28.14,Clear
2026-04-11T21:59:11Z,SENS-002,Gachibowli Junction,65,24.25,Heavy Rain
2026-04-11T22:03:50Z,SENS-011,Mehdipatnam Bus Stand,28,37.19,Cloudy
2026-04-11T22:07:36Z,SENS-011,Mehdipatnam Bus Stand,29,56.45,Light Rain
2026-04-11T22:12:31Z,SENS-004,Madhapur IT Corridor,21,44.14,Light Rain
2026-04-11T22:15:50Z,SENS-001,Jubilee Hills Checkpost,17,70.87,Clear
2026-04-11T22:17:25Z,SENS-005,Tank Bund Road,35,24.43,Clear
2026-04-11T22:17:49Z,SENS-004,Madhapur IT Corridor,26,21.81,Cloudy
2026-04-11T22:22:44Z,SENS-001,Jubilee Hills Checkpost,14,42.33,Fog
2026-04-11T22:23:21Z,SENS-004,Madhapur IT Corridor,11,37.11,Clear
2026-04-11T22:26:20Z,SENS-009,Kukatpally Housing Board,28,49.71,Drizzle
2026-04-11T22:27:01Z,SENS-004,Madhapur IT Corridor,13,27.68,Cloudy
2026-04-11T22:30:31Z,SENS-004,Madhapur IT Corridor,16,19.74,Clear
2026-04-11T22:37:10Z,SENS-007,Begumpet Flyover,30,22.68,Clear
2026-04-11T22:41:31Z,SENS-011,Mehdipatnam Bus Stand,30,50.47,Cloudy
2026-04-11T22:44:05Z,SENS-006,Hitech City Signal,27,35.17,Clear
2026-04-11T22:48:00Z,SENS-002,Gachibowli Junction,36,47.05,Clear
2026-04-11T22:48:43Z,SENS-009,Kukatpally Housing Board,31,48.8,Light Rain
2026-04-11T22:49:19Z,SENS-004,Madhapur IT Corridor,7,15.11,Fog
2026-04-11T23:14:36Z,SENS-006,Hitech City Signal,19,36.52,Clear
2026-04-11T23:18:01Z,SENS-003,Ameerpet Crossroads,32,27.81,Clear
2026-04-11T23:18:38Z,SENS-010,Secunderabad Clock Tower,23,32.47,Drizzle
2026-04-11T23:20:31Z,SENS-004,Madhapur IT Corridor,20,59.57,Clear
2026-04-11T23:23:47Z,SENS-009,Kukatpally Housing Board,21,62.04,Clear
2026-04-11T23:30:32Z,SENS-006,Hitech City Signal,8,19.47,Heavy Rain
2026-04-11T23:31:06Z,SENS-004,Madhapur IT Corridor,32,59.05,Clear
2026-04-11T23:45:34Z,SENS-010,Secunderabad Clock Tower,39,19.98,Clear
2026-04-11T23:56:34Z,SENS-006,Hitech City Signal,14,37.6,Light Rain
2026-04-11T23:58:10Z,SENS-010,Secunderabad Clock Tower,12,58.82,Light Rain
2026-04-12T00:07:32Z,SENS-001,Jubilee Hills Checkpost,7,49.01,Clear
2026-04-12T00:15:20Z,SENS-012,PVNR Expressway Toll,19,66.97,Clear
2026-04-12T00:17:30Z,SENS-010,Secunderabad Clock Tower,25,26.98,Cloudy
2026-04-12T00:28:52Z,SENS-011,Mehdipatnam Bus Stand,8,45.61,Fog
2026-04-12T00:31:47Z,SENS-008,LB Nagar Crossroads,16,42.24,Clear
2026-04-12T00:35:11Z,SENS-008,LB Nagar Crossroads,14,41.25,Light Rain
2026-04-12T00:48:27Z,SENS-010,Secunderabad Clock Tower,17,58.45,Clear
2026-04-12T00:48:42Z,SENS-006,Hitech City Signal,26,34.52,Cloudy
2026-04-12T00:51:52Z,SENS-005,Tank Bund Road,30,51.62,Light Rain
2026-04-12T01:00:50Z,SENS-005,Tank Bund Road,20,71.15,Clear
2026-04-12T01:03:21Z,SENS-012,PVNR Expressway Toll,24,40.57,Clear
2026-04-12T01:03:31Z,SENS-008,LB Nagar Crossroads,36,58.56,Clear
2026-04-12T01:07:44Z,SENS-005,Tank Bund Road,22,46.4,Drizzle
2026-04-12T01:12:58Z,SENS-012,PVNR Expressway Toll,11,60.51,Light Rain
2026-04-12T01:13:24Z,SENS-005,Tank Bund Road,15,37.86,Cloudy
2026-04-12T01:21:50Z,SENS-008,LB Nagar Crossroads,26,66.1,Cloudy
2026-04-12T01:26:54Z,SENS-009,Kukatpally Housing Board,11,67.73,Clear
2026-04-12T01:27:01Z,SENS-012,PVNR Expressway Toll,28,17.45,Fog
2026-04-12T01:29:45Z,SENS-007,Begumpet Flyover,21,72.02,Clear
2026-04-12T01:32:26Z,SENS-009,Kukatpally Housing Board,26,60.39,Clear
2026-04-12T01:32:51Z,SENS-003,Ameerpet Crossroads,24,20.88,Clear
2026-04-12T01:33:57Z,SENS-001,Jubilee Hills Checkpost,24,17.84,Light Rain
2026-04-12T01:36:54Z,SENS-001,Jubilee Hills Checkpost,14,58.44,Cloudy
2026-04-12T01:37:43Z,SENS-004,Madhapur IT Corridor,22,61.93,Cloudy
2026-04-12T01:39:19Z,SENS-007,Begumpet Flyover,38,51.58,Clear
2026-04-12T01:44:03Z,SENS-010,Secunderabad Clock Tower,24,57.59,Clear
2026-04-12T01:53:57Z,SENS-012,PVNR Expressway Toll,23,42.4,Clear
2026-04-12T01:54:59Z,SENS-002,Gachibowli Junction,7,23.88,Clear
2026-04-12T01:56:28Z,SENS-006,Hitech City Signal,22,43.1,Cloudy
2026-04-12T01:59:58Z,SENS-005,Tank Bund Road,38,37.75,Clear
2026-04-12T02:00:16Z,SENS-011,Mehdipatnam Bus Stand,13,31.13,Heavy Rain
2026-04-12T02:01:18Z,SENS-006,Hitech City Signal,8,38.2,Cloudy
2026-04-12T02:01:54Z,SENS-005,Tank Bund Road,6,46.68,Fog
2026-04-12T02:02:21Z,SENS-012,PVNR Expressway Toll,17,49.51,Cloudy
2026-04-12T02:03:18Z,SENS-002,Gachibowli Junction,26,38.66,Cloudy
2026-04-12T02:05:51Z,SENS-009,Kukatpally Housing Board,25,39.27,Cloudy
2026-04-12T02:06:19Z,SENS-011,Mehdipatnam Bus Stand,30,42.91,Cloudy
2026-04-12T02:10:29Z,SENS-010,Secunderabad Clock Tower,18,66.98,Clear
2026-04-12T02:18:39Z,SENS-002,Gachibowli Junction,9,46.43,Fog
2026-04-12T02:24:55Z,SENS-007,Begumpet Flyover,30,59.59,Clear
2026-04-12T02:29:20Z,SENS-006,Hitech City Signal,34,35.12,Clear
2026-04-12T02:30:03Z,SENS-002,Gachibowli Junction,26,41.28,Light Rain
2026-04-12T02:35:03Z,SENS-011,Mehdipatnam Bus Stand,6,31.91,Light Rain
2026-04-12T02:37:39Z,SENS-007,Begumpet Flyover,11,39.44,Cloudy
2026-04-12T02:37:54Z,SENS-004,Madhapur IT Corridor,8,56.24,Light Rain
2026-04-12T02:40:01Z,SENS-007,Begumpet Flyover,22,19.06,Cloudy
2026-04-12T02:40:10Z,SENS-004,Madhapur IT Corridor,36,35.22,Cloudy
2026-04-12T02:42:19Z,SENS-009,Kukatpally Housing Board,9,26.71,Cloudy
2026-04-12T02:44:30Z,SENS-009,Kukatpally Housing Board,12,69.16,Cloudy
2026-04-12T02:47:26Z,SENS-006,Hitech City Signal,22,51.81,Cloudy
2026-04-12T02:49:57Z,SENS-005,Tank Bund Road,30,18.1,Cloudy
2026-04-12T02:49:57Z,SENS-007,Begumpet Flyover,8,24.49,Cloudy
2026-04-12T02:50:23Z,SENS-004,Madhapur IT Corridor,17,39.18,Light Rain
2026-04-12T03:00:37Z,SENS-005,Tank Bund Road,25,32.32,Clear
2026-04-12T03:00:50Z,SENS-011,Mehdipatnam Bus Stand,33,38.95,Clear
2026-04-12T03:01:39Z,SENS-009,Kukatpally Housing Board,6,27.28,Cloudy
2026-04-12T03:03:45Z,SENS-011,Mehdipatnam Bus Stand,10,72.7,Clear
2026-04-12T03:04:45Z,SENS-007,Begumpet Flyover,12,50.24,Clear
2026-04-12T03:07:28Z,SENS-007,Begumpet Flyover,4,41.35,Light Rain
2026-04-12T03:10:29Z,SENS-009,Kukatpally Housing Board,26,45.9,Cloudy
2026-04-12T03:19:36Z,SENS-009,Kukatpally Housing Board,21,61.59,Cloudy
2026-04-12T03:25:38Z,SENS-006,Hitech City Signal,33,30.74,Cloudy
2026-04-12T03:28:00Z,SENS-004,Madhapur IT Corridor,27,31.59,Clear
2026-04-12T03:29:22Z,SENS-005,Tank Bund Road,5,41.37,Clear
2026-04-12T03:31:50Z,SENS-006,Hitech City Signal,28,15.17,Fog
2026-04-12T03:32:34Z,SENS-002,Gachibowli Junction,22,42.19,Fog
2026-04-12T03:33:15Z,SENS-007,Begumpet Flyover,5,54.35,Heavy Rain
2026-04-12T03:33:51Z,SENS-005,Tank Bund Road,6,73.97,Clear
2026-04-12T03:45:27Z,SENS-005,Tank Bund Road,26,23.44,Light Rain
2026-04-12T03:48:06Z,SENS-003,Ameerpet Crossroads,36,18.06,Cloudy
2026-04-12T03:48:33Z,SENS-012,PVNR Expressway Toll,10,76.34,Clear
2026-04-12T03:49:32Z,SENS-009,Kukatpally Housing Board,20,68.0,Clear
2026-04-12T03:50:06Z,SENS-006,Hitech City Signal,19,68.31,Cloudy
2026-04-12T03:52:08Z,SENS-012,PVNR Expressway Toll,33,48.55,Cloudy
2026-04-12T04:02:33Z,SENS-009,Kukatpally Housing Board,21,42.14,Cloudy
2026-04-12T04:03:09Z,SENS-001,Jubilee Hills Checkpost,18,52.21,Cloudy
2026-04-12T04:05:02Z,SENS-003,Ameerpet Crossroads,5,31.9,Clear
2026-04-12T04:06:52Z,SENS-011,Mehdipatnam Bus Stand,17,45.22,Clear
2026-04-12T04:09:12Z,SENS-001,Jubilee Hills Checkpost,9,53.97,Light Rain
2026-04-12T04:09:24Z,SENS-004,Madhapur IT Corridor,28,63.12,Cloudy
2026-04-12T04:13:59Z,SENS-011,Mehdipatnam Bus Stand,8,60.36,Clear
2026-04-12T04:15:36Z,SENS-003,Ameerpet Crossroads,17,54.62,Cloudy
2026-04-12T04:16:30Z,SENS-006,Hitech City Signal,21,65.58,Cloudy
2026-04-12T04:17:44Z,SENS-001,Jubilee Hills Checkpost,12,38.44,Light Rain
2026-04-12T04:22:47Z,SENS-001,Jubilee Hills Checkpost,36,68.06,Clear
2026-04-12T04:24:13Z,SENS-003,Ameerpet Crossroads,9,34.09,Fog
2026-04-12T04:25:38Z,SENS-004,Madhapur IT Corridor,37,56.28,Clear
2026-04-12T04:26:19Z,SENS-004,Madhapur IT Corridor,19,29.2,Clear
2026-04-12T04:28:53Z,SENS-004,Madhapur IT Corridor,3,19.79,Heavy Rain
2026-04-12T04:29:47Z,SENS-004,Madhapur IT Corridor,27,46.34,Light Rain
2026-04-12T04:51:09Z,SENS-002,Gachibowli Junction,4,35.37,Fog
2026-04-12T04:57:14Z,SENS-007,Begumpet Flyover,33,40.44,Cloudy
2026-04-12T04:57:52Z,SENS-005,Tank Bund Road,18,45.1,Light Rain
2026-04-12T04:59:01Z,SENS-002,Gachibowli Junction,25,61.41,Clear
2026-04-12T05:01:06Z,SENS-012,PVNR Expressway Toll,86,45.57,Clear
2026-04-12T05:10:49Z,SENS-012,PVNR Expressway Toll,62,46.93,Light Rain
2026-04-12T05:11:51Z,SENS-011,Mehdipatnam Bus Stand,35,34.95,Light Rain
2026-04-12T05:11:52Z,SENS-002,Gachibowli Junction,79,45.44,Cloudy
2026-04-12T05:27:44Z,SENS-007,Begumpet Flyover,58,19.18,Light Rain
2026-04-12T05:28:18Z,SENS-011,Mehdipatnam Bus Stand,58,33.77,Clear
2026-04-12T05:35:51Z,SENS-010,Secunderabad Clock Tower,66,34.88,Clear
2026-04-12T05:39:26Z,SENS-006,Hitech City Signal,73,42.33,Light Rain
2026-04-12T05:42:12Z,SENS-011,Mehdipatnam Bus Stand,40,62.13,Cloudy
2026-04-12T05:42:31Z,SENS-001,Jubilee Hills Checkpost,25,17.41,Heavy Rain
2026-04-12T05:52:07Z,SENS-006,Hitech City Signal,78,29.14,Drizzle
2026-04-12T05:52:20Z,SENS-006,Hitech City Signal,44,34.12,Fog
2026-04-12T05:55:51Z,SENS-002,Gachibowli Junction,45,60.32,Clear
2026-04-12T06:07:02Z,SENS-005,Tank Bund Road,30,19.36,Clear
2026-04-12T06:08:26Z,SENS-003,Ameerpet Crossroads,49,35.32,Cloudy
2026-04-12T06:11:08Z,SENS-005,Tank Bund Road,62,57.47,Clear
2026-04-12T06:13:29Z,SENS-007,Begumpet Flyover,51,47.27,Cloudy
2026-04-12T06:26:44Z,SENS-007,Begumpet Flyover,65,55.73,Clear
2026-04-12T06:28:34Z,SENS-008,LB Nagar Crossroads,80,25.51,Clear
2026-04-12T06:35:29Z,SENS-004,Madhapur IT Corridor,37,25.45,Clear
2026-04-12T06:37:44Z,SENS-005,Tank Bund Road,48,23.89,Clear
2026-04-12T06:39:47Z,SENS-010,Secunderabad Clock Tower,48,46.62,Cloudy
2026-04-12T06:42:45Z,SENS-005,Tank Bund Road,30,26.81,Drizzle
2026-04-12T06:46:17Z,SENS-009,Kukatpally Housing Board,38,47.35,Light Rain
2026-04-12T06:53:23Z,SENS-001,Jubilee Hills Checkpost,51,34.12,Cloudy
2026-04-12T06:54:31Z,SENS-009,Kukatpally Housing Board,76,27.22,Clear
2026-04-12T06:56:13Z,SENS-011,Mehdipatnam Bus Stand,56,23.31,Cloudy
2026-04-12T07:03:12Z,SENS-010,Secunderabad Clock Tower,43,51.2,Light Rain
2026-04-12T07:07:00Z,SENS-012,PVNR Expressway Toll,60,35.43,Clear
2026-04-12T07:07:09Z,SENS-005,Tank Bund Road,45,55.08,Clear
2026-04-12T07:10:53Z,SENS-009,Kukatpally Housing Board,51,47.35,Cloudy
2026-04-12T07:17:34Z,SENS-008,LB Nagar Crossroads,66,52.34,Cloudy
2026-04-12T07:17:52Z,SENS-001,Jubilee Hills Checkpost,30,16.76,Fog
2026-04-12T07:19:34Z,SENS-009,Kukatpally Housing Board,33,34.87,Fog
2026-04-12T07:24:05Z,SENS-011,Mehdipatnam Bus Stand,58,15.68,Cloudy
2026-04-12T07:33:28Z,SENS-001,Jubilee Hills Checkpost,84,38.2,Clear
2026-04-12T07:35:42Z,SENS-009,Kukatpally Housing Board,81,48.13,Clear
2026-04-12T07:37:27Z,SENS-009,Kukatpally Housing Board,69,40.78,Clear
2026-04-12T07:39:05Z,SENS-010,Secunderabad Clock Tower,65,53.13,Cloudy
2026-04-12T07:40:33Z,SENS-005,Tank Bund Road,62,45.34,Cloudy
2026-04-12T07:44:10Z,SENS-004,Madhapur IT Corridor,86,34.07,Clear
2026-04-12T07:44:33Z,SENS-011,Mehdipatnam Bus Stand,46,51.83,Cloudy
2026-04-12T07:46:54Z,SENS-003,Ameerpet Crossroads,40,18.09,Cloudy
2026-04-12T07:48:46Z,SENS-008,LB Nagar Crossroads,81,50.36,Cloudy
2026-04-12T07:50:47Z,SENS-002,Gachibowli Junction,53,28.18,Clear
2026-04-12T07:52:17Z,SENS-003,Ameerpet Crossroads,76,22.4,Clear
2026-04-12T07:54:35Z,SENS-003,Ameerpet Crossroads,37,22.17,Fog
2026-04-12T07:55:31Z,SENS-011,Mehdipatnam Bus Stand,60,23.26,Light Rain
2026-04-12T08:04:05Z,SENS-009,Kukatpally Housing Board,175,14.03,Clear
2026-04-12T08:05:06Z,SENS-002,Gachibowli Junction,129,16.13,Clear
2026-04-12T08:06:25Z,SENS-007,Begumpet Flyover,125,27.67,Cloudy
2026-04-12T08:06:59Z,SENS-002,Gachibowli Junction,178,12.46,Cloudy
2026-04-12T08:10:44Z,SENS-010,Secunderabad Clock Tower,177,13.92,Light Rain
2026-04-12T08:14:35Z,SENS-007,Begumpet Flyover,176,13.29,Cloudy
2026-04-12T08:15:21Z,SENS-009,Kukatpally Housing Board,130,19.98,Fog
2026-04-12T08:18:35Z,SENS-011,Mehdipatnam Bus Stand,178,15.49,Light Rain
2026-04-12T08:22:11Z,SENS-006,Hitech City Signal,93,15.53,Clear
2026-04-12T08:23:30Z,SENS-008,LB Nagar Crossroads,69,36.76,Heavy Rain
2026-04-12T08:29:50Z,SENS-009,Kukatpally Housing Board,114,23.66,Clear
2026-04-12T08:33:46Z,SENS-006,Hitech City Signal,104,9.98,Heavy Rain
2026-04-12T08:58:58Z,SENS-004,Madhapur IT Corridor,144,20.94,Clear
2026-04-12T09:02:19Z,SENS-010,Secunderabad Clock Tower,148,9.42,Clear
2026-04-12T09:06:19Z,SENS-008,LB Nagar Crossroads,159,12.54,Light Rain
2026-04-12T09:16:47Z,SENS-001,Jubilee Hills Checkpost,187,15.92,Clear
2026-04-12T09:21:27Z,SENS-012,PVNR Expressway Toll,97,44.4,Cloudy
2026-04-12T09:27:30Z,SENS-002,Gachibowli Junction,138,25.67,Clear
2026-04-12T09:35:09Z,SENS-001,Jubilee Hills Checkpost,185,19.15,Clear
2026-04-12T09:39:10Z,SENS-006,Hitech City Signal,178,19.5,Clear
2026-04-12T09:39:39Z,SENS-001,Jubilee Hills Checkpost,168,11.31,Clear
2026-04-12T09:43:12Z,SENS-009,Kukatpally Housing Board,150,19.17,Light Rain
2026-04-12T09:51:18Z,SENS-002,Gachibowli Junction,192,9.41,Clear
2026-04-12T10:02:31Z,SENS-008,LB Nagar Crossroads,104,37.4,Light Rain
2026-04-12T10:05:13Z,SENS-003,Ameerpet Crossroads,162,25.24,Clear
2026-04-12T10:12:00Z,SENS-006,Hitech City Signal,137,21.42,Clear
2026-04-12T10:13:07Z,SENS-004,Madhapur IT Corridor,142,34.05,Clear
2026-04-12T10:13:30Z,SENS-007,Begumpet Flyover,156,27.94,Clear
2026-04-12T10:14:44Z,SENS-012,PVNR Expressway Toll,98,35.74,Clear
2026-04-12T10:19:56Z,SENS-011,Mehdipatnam Bus Stand,85,30.96,Heavy Rain
2026-04-12T10:20:46Z,SENS-007,Begumpet Flyover,99,23.92,Cloudy
2026-04-12T10:29:30Z,SENS-007,Begumpet Flyover,193,9.42,Cloudy
2026-04-12T10:31:51Z,SENS-006,Hitech City Signal,97,20.13,Cloudy
2026-04-12T10:35:37Z,SENS-001,Jubilee Hills Checkpost,86,12.47,Heavy Rain
2026-04-12T10:38:12Z,SENS-001,Jubilee Hills Checkpost,79,19.65,Cloudy
2026-04-12T10:41:01Z,SENS-007,Begumpet Flyover,92,44.19,Clear
2026-04-12T10:52:06Z,SENS-005,Tank Bund Road,102,14.93,Heavy Rain
2026-04-12T10:57:55Z,SENS-004,Madhapur IT Corridor,123,29.49,Cloudy
2026-04-12T11:13:33Z,SENS-002,Gachibowli Junction,40,49.09,Clear
2026-04-12T11:17:17Z,SENS-012,PVNR Expressway Toll,77,37.71,Cloudy
2026-04-12T11:17:24Z,SENS-012,PVNR Expressway Toll,79,17.41,Clear
2026-04-12T11:18:29Z,SENS-009,Kukatpally Housing Board,42,30.86,Fog
2026-04-12T11:18:35Z,SENS-004,Madhapur IT Corridor,46,28.09,Fog
2026-04-12T11:23:14Z,SENS-009,Kukatpally Housing Board,55,46.45,Light Rain
2026-04-12T11:26:37Z,SENS-003,Ameerpet Crossroads,34,46.87,Clear
2026-04-12T11:40:44Z,SENS-005,Tank Bund Road,72,16.0,Cloudy
2026-04-12T12:11:01Z,SENS-009,Kukatpally Housing Board,54,38.16,Light Rain
2026-04-12T12:12:13Z,SENS-008,LB Nagar Crossroads,35,23.31,Cloudy
2026-04-12T12:29:02Z,SENS-007,Begumpet Flyover,70,17.38,Drizzle
2026-04-12T12:30:02Z,SENS-012,PVNR Expressway Toll,58,52.94,Clear
2026-04-12T12:31:04Z,SENS-003,Ameerpet Crossroads,78,31.09,Cloudy
2026-04-12T12:34:44Z,SENS-005,Tank Bund Road,68,15.38,Clear
2026-04-12T12:48:10Z,SENS-012,PVNR Expressway Toll,65,18.35,Clear
2026-04-12T12:48:55Z,SENS-008,LB Nagar Crossroads,35,30.5,Cloudy
2026-04-12T12:49:55Z,SENS-003,Ameerpet Crossroads,38,31.63,Fog
2026-04-12T12:50:14Z,SENS-007,Begumpet Flyover,31,58.39,Clear
2026-04-12T12:57:32Z,SENS-008,LB Nagar Crossroads,39,46.56,Heavy Rain
2026-04-12T12:58:15Z,SENS-003,Ameerpet Crossroads,52,39.97,Fog
2026-04-12T12:59:17Z,SENS-003,Ameerpet Crossroads,66,32.71,Heavy Rain
2026-04-12T13:00:22Z,SENS-001,Jubilee Hills Checkpost,28,35.86,Drizzle
2026-04-12T13:03:17Z,SENS-004,Madhapur IT Corridor,85,39.57,Clear
2026-04-12T13:09:50Z,SENS-006,Hitech City Signal,45,14.48,Drizzle
2026-04-12T13:11:31Z,SENS-008,LB Nagar Crossroads,77,23.45,Light Rain
2026-04-12T13:13:17Z,SENS-008,LB Nagar Crossroads,56,26.94,Heavy Rain
2026-04-12T13:16:09Z,SENS-001,Jubilee Hills Checkpost,77,17.82,Drizzle
2026-04-12T13:25:03Z,SENS-011,Mehdipatnam Bus Stand,46,34.73,Clear
2026-04-12T13:36:39Z,SENS-007,Begumpet Flyover,51,36.61,Drizzle
2026-04-12T13:41:30Z,SENS-011,Mehdipatnam Bus Stand,35,15.92,Heavy Rain
2026-04-12T13:56:21Z,SENS-002,Gachibowli Junction,67,31.22,Clear
2026-04-12T13:56:42Z,SENS-012,PVNR Expressway Toll,35,57.33,Drizzle
2026-04-12T14:06:05Z,SENS-010,Secunderabad Clock Tower,89,48.83,Clear
2026-04-12T14:08:37Z,SENS-002,Gachibowli Junction,75,14.29,Light Rain
2026-04-12T14:09:17Z,SENS-001,Jubilee Hills Checkpost,31,35.87,Heavy Rain
2026-04-12T14:12:23Z,SENS-002,Gachibowli Junction,42,32.7,Light Rain
2026-04-12T14:15:44Z,SENS-006,Hitech City Signal,38,33.15,Heavy Rain
2026-04-12T14:23:30Z,SENS-008,LB Nagar Crossroads,82,30.34,Clear
2026-04-12T14:34:15Z,SENS-003,Ameerpet Crossroads,57,43.75,Clear
2026-04-12T14:34:26Z,SENS-005,Tank Bund Road,71,24.81,Cloudy
2026-04-12T14:34:46Z,SENS-011,Mehdipatnam Bus Stand,52,36.95,Cloudy
2026-04-12T14:35:01Z,SENS-008,LB Nagar Crossroads,83,32.86,Cloudy
2026-04-12T14:43:06Z,SENS-003,Ameerpet Crossroads,76,54.16,Clear
2026-04-12T14:44:12Z,SENS-008,LB Nagar Crossroads,66,29.21,Clear
2026-04-12T14:49:19Z,SENS-003,Ameerpet Crossroads,40,19.47,Clear
2026-04-12T14:49:54Z,SENS-006,Hitech City Signal,53,21.77,Light Rain
2026-04-12T14:50:46Z,SENS-002,Gachibowli Junction,32,19.27,Cloudy
2026-04-12T14:51:36Z,SENS-006,Hitech City Signal,34,69.04,Clear
2026-04-12T14:51:58Z,SENS-011,Mehdipatnam Bus Stand,69,30.69,Fog
2026-04-12T14:55:01Z,SENS-010,Secunderabad Clock Tower,39,14.55,Heavy Rain
2026-04-12T14:55:25Z,SENS-005,Tank Bund Road,64,25.41,Fog
2026-04-12T15:03:55Z,SENS-007,Begumpet Flyover,56,48.67,Clear
2026-04-12T15:08:40Z,SENS-011,Mehdipatnam Bus Stand,32,31.43,Drizzle
2026-04-12T15:09:15Z,SENS-010,Secunderabad Clock Tower,64,36.88,Cloudy
2026-04-12T15:13:09Z,SENS-009,Kukatpally Housing Board,76,19.15,Light Rain
2026-04-12T15:16:33Z,SENS-009,Kukatpally Housing Board,41,56.34,Cloudy
2026-04-12T15:22:21Z,SENS-001,Jubilee Hills Checkpost,65,57.19,Clear
2026-04-12T15:25:14Z,SENS-002,Gachibowli Junction,85,49.63,Clear
2026-04-12T15:26:07Z,SENS-005,Tank Bund Road,27,25.26,Heavy Rain
2026-04-12T15:26:08Z,SENS-004,Madhapur IT Corridor,69,40.05,Cloudy
2026-04-12T15:32:04Z,SENS-004,Madhapur IT Corridor,50,21.56,Cloudy
2026-04-12T15:33:08Z,SENS-006,Hitech City Signal,61,48.77,Drizzle
2026-04-12T15:35:43Z,SENS-009,Kukatpally Housing Board,52,48.48,Clear
2026-04-12T15:41:16Z,SENS-006,Hitech City Signal,45,50.86,Clear
2026-04-12T15:49:28Z,SENS-006,Hitech City Signal,51,23.05,Light Rain
2026-04-12T15:51:24Z,SENS-012,PVNR Expressway Toll,86,16.88,Clear
2026-04-12T15:52:38Z,SENS-003,Ameerpet Crossroads,63,52.5,Clear
2026-04-12T15:58:17Z,SENS-009,Kukatpally Housing Board,27,58.08,Light Rain
2026-04-12T16:02:28Z,SENS-010,Secunderabad Clock Tower,79,37.44,Light Rain
2026-04-12T16:04:15Z,SENS-007,Begumpet Flyover,63,40.92,Clear
2026-04-12T16:07:19Z,SENS-006,Hitech City Signal,43,33.85,Light Rain
2026-04-12T16:12:50Z,SENS-011,Mehdipatnam Bus Stand,83,28.89,Clear
2026-04-12T16:12:53Z,SENS-008,LB Nagar Crossroads,72,12.7,Light Rain
2026-04-12T16:23:41Z,SENS-008,LB Nagar Crossroads,33,54.38,Clear
2026-04-12T16:25:16Z,SENS-008,LB Nagar Crossroads,69,18.82,Drizzle
2026-04-12T16:28:44Z,SENS-008,LB Nagar Crossroads,80,49.51,Clear
2026-04-12T16:33:35Z,SENS-011,Mehdipatnam Bus Stand,70,44.17,Drizzle
2026-04-12T16:33:58Z,SENS-003,Ameerpet Crossroads,31,25.04,Fog
2026-04-12T16:35:43Z,SENS-008,LB Nagar Crossroads,46,43.51,Heavy Rain
2026-04-12T16:36:20Z,SENS-005,Tank Bund Road,73,25.81,Clear
2026-04-12T16:38:03Z,SENS-004,Madhapur IT Corridor,62,31.3,Light Rain
2026-04-12T16:40:23Z,SENS-012,PVNR Expressway Toll,53,32.66,Clear
2026-04-12T16:47:02Z,SENS-006,Hitech City Signal,79,29.83,Cloudy
2026-04-12T16:49:49Z,SENS-010,Secunderabad Clock Tower,83,46.62,Cloudy
2026-04-12T16:54:41Z,SENS-006,Hitech City Signal,72,32.19,Clear
2026-04-12T16:54:51Z,SENS-011,Mehdipatnam Bus Stand,59,17.02,Drizzle
2026-04-12T16:55:30Z,SENS-011,Mehdipatnam Bus Stand,33,25.0,Light Rain
2026-04-12T17:04:48Z,SENS-001,Jubilee Hills Checkpost,150,26.02,Clear
2026-04-12T17:05:18Z,SENS-001,Jubilee Hills Checkpost,149,30.51,Clear
2026-04-12T17:06:06Z,SENS-008,LB Nagar Crossroads,94,28.09,Clear
2026-04-12T17:17:29Z,SENS-006,Hitech City Signal,133,19.1,Light Rain
2026-04-12T17:20:41Z,SENS-010,Secunderabad Clock Tower,110,31.56,Light Rain
2026-04-12T17:22:38Z,SENS-004,Madhapur IT Corridor,107,10.35,Light Rain
2026-04-12T17:25:13Z,SENS-009,Kukatpally Housing Board,161,11.68,Clear
2026-04-12T17:25:19Z,SENS-004,Madhapur IT Corridor,166,10.06,Clear
2026-04-12T17:30:32Z,SENS-002,Gachibowli Junction,160,20.72,Clear
2026-04-12T17:31:34Z,SENS-004,Madhapur IT Corridor,192,21.76,Cloudy
2026-04-12T17:32:23Z,SENS-008,LB Nagar Crossroads,103,37.58,Clear
2026-04-12T17:39:40Z,SENS-004,Madhapur IT Corridor,116,23.47,Clear
2026-04-12T17:43:56Z,SENS-006,Hitech City Signal,87,38.71,Clear
2026-04-12T17:49:20Z,SENS-004,Madhapur IT Corridor,95,40.31,Clear
2026-04-12T17:49:41Z,SENS-004,Madhapur IT Corridor,128,22.21,Cloudy
2026-04-12T17:54:00Z,SENS-003,Ameerpet Crossroads,131,16.73,Clear
2026-04-12T17:54:35Z,SENS-012,PVNR Expressway Toll,178,20.41,Clear
2026-04-12T17:57:52Z,SENS-006,Hitech City Signal,126,20.72,Clear
2026-04-12T18:00:30Z,SENS-005,Tank Bund Road,101,19.11,Light Rain
2026-04-12T18:03:17Z,SENS-005,Tank Bund Road,92,43.81,Clear
2026-04-12T18:06:57Z,SENS-004,Madhapur IT Corridor,161,8.43,Cloudy
2026-04-12T18:07:06Z,SENS-006,Hitech City Signal,95,45.96,Clear
2026-04-12T18:10:42Z,SENS-010,Secunderabad Clock Tower,148,7.99,Cloudy
2026-04-12T18:11:03Z,SENS-003,Ameerpet Crossroads,110,37.38,Cloudy
2026-04-12T18:12:53Z,SENS-002,Gachibowli Junction,151,24.41,Light Rain
2026-04-12T18:18:00Z,SENS-012,PVNR Expressway Toll,105,16.19,Clear
2026-04-12T18:27:23Z,SENS-002,Gachibowli Junction,130,11.86,Light Rain
2026-04-12T18:43:02Z,SENS-006,Hitech City Signal,150,26.26,Cloudy
2026-04-12T18:45:05Z,SENS-008,LB Nagar Crossroads,163,9.46,Clear
2026-04-12T18:55:08Z,SENS-012,PVNR Expressway Toll,141,33.85,Clear
2026-04-12T18:55:45Z,SENS-012,PVNR Expressway Toll,124,34.68,Cloudy
2026-04-12T18:55:48Z,SENS-004,Madhapur IT Corridor,153,19.26,Fog
2026-04-12T18:57:15Z,SENS-007,Begumpet Flyover,188,17.23,Clear
2026-04-12T19:01:26Z,SENS-011,Mehdipatnam Bus Stand,79,27.1,Cloudy
2026-04-12T19:04:26Z,SENS-011,Mehdipatnam Bus Stand,83,25.87,Clear
2026-04-12T19:04:37Z,SENS-012,PVNR Expressway Toll,96,13.53,Light Rain
2026-04-12T19:07:31Z,SENS-001,Jubilee Hills Checkpost,131,22.99,Clear
2026-04-12T19:14:58Z,SENS-003,Ameerpet Crossroads,83,38.02,Clear
2026-04-12T19:15:11Z,SENS-004,Madhapur IT Corridor,98,26.71,Clear
2026-04-12T19:16:24Z,SENS-002,Gachibowli Junction,198,7.8,Clear
2026-04-12T19:17:06Z,SENS-011,Mehdipatnam Bus Stand,192,6.91,Clear
2026-04-12T19:25:38Z,SENS-005,Tank Bund Road,135,21.96,Light Rain
2026-04-12T19:27:22Z,SENS-008,LB Nagar Crossroads,153,21.04,Clear
2026-04-12T19:35:23Z,SENS-003,Ameerpet Crossroads,143,11.77,Cloudy
2026-04-12T19:47:27Z,SENS-012,PVNR Expressway Toll,78,29.86,Heavy Rain
2026-04-12T19:47:59Z,SENS-012,PVNR Expressway Toll,85,47.54,Clear
2026-04-12T19:53:57Z,SENS-004,Madhapur IT Corridor,168,20.38,Cloudy
2026-04-12T19:58:01Z,SENS-001,Jubilee Hills Checkpost,97,13.34,Cloudy
2026-04-12T20:02:23Z,SENS-008,LB Nagar Crossroads,48,24.32,Light Rain
2026-04-12T20:03:13Z,SENS-008,LB Nagar Crossroads,35,22.2,Cloudy
2026-04-12T20:04:12Z,SENS-008,LB Nagar Crossroads,50,45.15,Clear
2026-04-12T20:05:41Z,SENS-009,Kukatpally Housing Board,40,19.79,Drizzle
2026-04-12T20:11:36Z,SENS-012,PVNR Expressway Toll,57,21.22,Cloudy
2026-04-12T20:11:53Z,SENS-009,Kukatpally Housing Board,55,49.7,Clear
2026-04-12T20:13:50Z,SENS-007,Begumpet Flyover,45,17.56,Light Rain
2026-04-12T20:17:23Z,SENS-007,Begumpet Flyover,31,37.44,Fog
2026-04-12T20:19:02Z,SENS-005,Tank Bund Road,55,58.63,Clear
2026-04-12T20:19:34Z,SENS-001,Jubilee Hills Checkpost,42,49.82,Cloudy
2026-04-12T20:25:11Z,SENS-001,Jubilee Hills Checkpost,47,46.7,Clear
2026-04-12T20:25:29Z,SENS-012,PVNR Expressway Toll,53,29.46,Clear
2026-04-12T20:31:54Z,SENS-009,Kukatpally Housing Board,35,54.68,Cloudy
2026-04-12T20:32:38Z,SENS-005,Tank Bund Road,44,47.44,Cloudy
2026-04-12T20:37:19Z,SENS-012,PVNR Expressway Toll,34,49.65,Clear
2026-04-12T20:38:12Z,SENS-004,Madhapur IT Corridor,69,10.13,Fog
2026-04-12T20:40:45Z,SENS-008,LB Nagar Crossroads,56,28.2,Heavy Rain
2026-04-12T20:42:49Z,SENS-007,Begumpet Flyover,66,39.86,Heavy Rain
2026-04-12T20:43:02Z,SENS-012,PVNR Expressway Toll,44,23.3,Cloudy
2026-04-12T20:57:10Z,SENS-002,Gachibowli Junction,53,16.09,Cloudy
2026-04-12T21:00:43Z,SENS-002,Gachibowli Junction,77,43.53,Clear
2026-04-12T21:02:06Z,SENS-011,Mehdipatnam Bus Stand,49,58.45,Cloudy
2026-04-12T21:12:48Z,SENS-009,Kukatpally Housing Board,45,52.16,Clear
2026-04-12T21:14:45Z,SENS-011,Mehdipatnam Bus Stand,50,44.36,Heavy Rain
2026-04-12T21:20:30Z,SENS-010,Secunderabad Clock Tower,46,40.34,Clear
2026-04-12T21:26:52Z,SENS-007,Begumpet Flyover,38,21.27,Clear
2026-04-12T21:34:56Z,SENS-001,Jubilee Hills Checkpost,68,49.7,Clear
2026-04-12T21:35:53Z,SENS-008,LB Nagar Crossroads,29,22.91,Light Rain
2026-04-12T21:43:50Z,SENS-010,Secunderabad Clock Tower,36,59.45,Cloudy
2026-04-12T21:50:42Z,SENS-001,Jubilee Hills Checkpost,70,51.27,Cloudy
2026-04-12T21:52:44Z,SENS-003,Ameerpet Crossroads,57,21.39,Fog
2026-04-12T21:54:31Z,SENS-001,Jubilee Hills Checkpost,78,43.84,Clear
2026-04-12T21:59:20Z,SENS-001,Jubilee Hills Checkpost,51,51.28,Cloudy
2026-04-12T22:15:43Z,SENS-005,Tank Bund Road,32,65.71,Cloudy
2026-04-12T22:15:53Z,SENS-006,Hitech City Signal,11,75.73,Clear
2026-04-12T22:17:41Z,SENS-011,Mehdipatnam Bus Stand,35,22.35,Cloudy
2026-04-12T22:21:02Z,SENS-008,LB Nagar Crossroads,8,39.68,Light Rain
2026-04-12T22:21:17Z,SENS-010,Secunderabad Clock Tower,17,50.72,Clear
2026-04-12T22:35:08Z,SENS-005,Tank Bund Road,20,48.67,Heavy Rain
2026-04-12T22:39:09Z,SENS-009,Kukatpally Housing Board,26,13.16,Fog
2026-04-12T22:42:05Z,SENS-005,Tank Bund Road,16,70.61,Cloudy
2026-04-12T22:45:41Z,SENS-012,PVNR Expressway Toll,31,58.43,Light Rain
2026-04-12T22:46:59Z,SENS-004,Madhapur IT Corridor,23,31.11,Cloudy
2026-04-12T22:47:09Z,SENS-007,Begumpet Flyover,34,32.64,Cloudy
2026-04-12T22:52:17Z,SENS-008,LB Nagar Crossroads,26,32.09,Fog
2026-04-12T22:58:55Z,SENS-010,Secunderabad Clock Tower,18,26.24,Light Rain
2026-04-12T23:03:16Z,SENS-010,Secunderabad Clock Tower,20,41.3,Light Rain
2026-04-12T23:10:26Z,SENS-002,Gachibowli Junction,12,48.07,Cloudy
2026-04-12T23:11:11Z,SENS-008,LB Nagar Crossroads,31,36.6,Clear
2026-04-12T23:11:48Z,SENS-012,PVNR Expressway Toll,11,71.28,Cloudy
2026-04-12T23:16:24Z,SENS-007,Begumpet Flyover,9,34.92,Heavy Rain
2026-04-12T23:16:54Z,SENS-003,Ameerpet Crossroads,9,54.32,Clear
2026-04-12T23:17:43Z,SENS-012,PVNR Expressway Toll,27,42.82,Cloudy
2026-04-12T23:18:13Z,SENS-003,Ameerpet Crossroads,37,22.45,Cloudy
2026-04-12T23:25:41Z,SENS-006,Hitech City Signal,37,23.6,Cloudy
2026-04-12T23:26:00Z,SENS-011,Mehdipatnam Bus Stand,24,20.72,Clear
2026-04-12T23:29:53Z,SENS-003,Ameerpet Crossroads,19,64.42,Cloudy
2026-04-12T23:31:36Z,SENS-012,PVNR Expressway Toll,32,26.08,Cloudy
2026-04-12T23:41:10Z,SENS-006,Hitech City Signal,24,19.26,Heavy Rain
2026-04-12T23:41:46Z,SENS-002,Gachibowli Junction,32,20.02,Clear
2026-04-12T23:48:14Z,SENS-009,Kukatpally Housing Board,18,46.07,Clear
2026-04-12T23:50:27Z,SENS-005,Tank Bund Road,19,73.24,Clear
2026-04-12T23:56:38Z,SENS-008,LB Nagar Crossroads,6,32.2,Heavy Rain
2026-04-13T00:02:36Z,SENS-008,LB Nagar Crossroads,30,41.62,Cloudy
2026-04-13T00:04:11Z,SENS-012,PVNR Expressway Toll,33,31.26,Clear
2026-04-13T00:07:02Z,SENS-008,LB Nagar Crossroads,9,69.86,Clear
2026-04-13T00:13:37Z,SENS-012,PVNR Expressway Toll,22,66.81,Clear
2026-04-13T00:26:00Z,SENS-001,Jubilee Hills Checkpost,9,72.17,Cloudy
2026-04-13T00:26:16Z,SENS-003,Ameerpet Crossroads,16,36.62,Clear
2026-04-13T00:31:42Z,SENS-006,Hitech City Signal,36,64.56,Cloudy
2026-04-13T00:36:03Z,SENS-006,Hitech City Signal,5,23.75,Fog
2026-04-13T00:42:52Z,SENS-003,Ameerpet Crossroads,17,39.61,Clear
2026-04-13T00:45:10Z,SENS-003,Ameerpet Crossroads,12,57.69,Clear
2026-04-13T00:46:40Z,SENS-011,Mehdipatnam Bus Stand,30,67.72,Clear
2026-04-13T00:47:49Z,SENS-011,Mehdipatnam Bus Stand,37,63.93,Cloudy
2026-04-13T01:03:02Z,SENS-008,LB Nagar Crossroads,24,37.65,Cloudy
2026-04-13T01:06:18Z,SENS-012,PVNR Expressway Toll,21,62.23,Drizzle
2026-04-13T01:06:39Z,SENS-009,Kukatpally Housing Board,18,27.88,Clear
2026-04-13T01:15:23Z,SENS-009,Kukatpally Housing Board,36,57.37,Cloudy
2026-04-13T01:16:38Z,SENS-010,Secunderabad Clock Tower,18,40.75,Light Rain
2026-04-13T01:22:21Z,SENS-008,LB Nagar Crossroads,5,51.93,Light Rain
2026-04-13T01:23:52Z,SENS-006,Hitech City Signal,16,21.37,Clear
2026-04-13T01:26:50Z,SENS-008,LB Nagar Crossroads,36,43.2,Clear
2026-04-13T01:36:37Z,SENS-012,PVNR Expressway Toll,17,66.37,Cloudy
2026-04-13T01:39:31Z,SENS-012,PVNR Expressway Toll,8,21.98,Cloudy
2026-04-13T01:48:01Z,SENS-009,Kukatpally Housing Board,28,25.97,Cloudy
2026-04-13T01:56:29Z,SENS-004,Madhapur IT Corridor,21,22.43,Heavy Rain
2026-04-13T01:58:41Z,SENS-001,Jubilee Hills Checkpost,6,60.69,Cloudy
2026-04-13T02:02:19Z,SENS-007,Begumpet Flyover,4,60.11,Cloudy
2026-04-13T02:03:14Z,SENS-007,Begumpet Flyover,33,40.92,Drizzle
2026-04-13T02:23:03Z,SENS-004,Madhapur IT Corridor,6,53.11,Cloudy
2026-04-13T02:25:45Z,SENS-010,Secunderabad Clock Tower,21,57.28,Clear
2026-04-13T02:35:29Z,SENS-007,Begumpet Flyover,22,16.13,Heavy Rain
2026-04-13T02:37:06Z,SENS-010,Secunderabad Clock Tower,17,45.88,Clear
2026-04-13T02:42:57Z,SENS-012,PVNR Expressway Toll,29,66.0,Clear
2026-04-13T02:49:32Z,SENS-012,PVNR Expressway Toll,3,29.56,Heavy Rain
2026-04-13T03:02:10Z,SENS-005,Tank Bund Road,8,50.28,Cloudy
2026-04-13T03:02:52Z,SENS-007,Begumpet Flyover,17,23.08,Light Rain
2026-04-13T03:20:58Z,SENS-005,Tank Bund Road,28,41.78,Clear
2026-04-13T03:24:09Z,SENS-004,Madhapur IT Corridor,16,23.85,Drizzle
2026-04-13T03:25:24Z,SENS-009,Kukatpally Housing Board,22,39.67,Heavy Rain
2026-04-13T03:31:41Z,SENS-007,Begumpet Flyover,8,24.6,Light Rain
2026-04-13T03:33:39Z,SENS-002,Gachibowli Junction,30,18.79,Clear
2026-04-13T03:36:23Z,SENS-002,Gachibowli Junction,13,23.6,Clear
2026-04-13T03:40:16Z,SENS-005,Tank Bund Road,32,50.37,Clear
2026-04-13T03:44:25Z,SENS-002,Gachibowli Junction,14,66.82,Clear
2026-04-13T03:46:09Z,SENS-012,PVNR Expressway Toll,35,49.64,Clear
2026-04-13T03:46:17Z,SENS-003,Ameerpet Crossroads,8,53.2,Light Rain
2026-04-13T03:51:48Z,SENS-003,Ameerpet Crossroads,4,49.87,Light Rain
2026-04-13T03:56:07Z,SENS-003,Ameerpet Crossroads,31,63.96,Clear
2026-04-13T03:58:38Z,SENS-002,Gachibowli Junction,22,19.18,Clear
2026-04-13T04:01:38Z,SENS-003,Ameerpet Crossroads,31,36.63,Light Rain
2026-04-13T04:13:29Z,SENS-012,PVNR Expressway Toll,23,60.12,Clear
2026-04-13T04:13:45Z,SENS-012,PVNR Expressway Toll,26,34.58,Clear
2026-04-13T04:14:35Z,SENS-008,LB Nagar Crossroads,15,17.76,Drizzle
2026-04-13T04:17:47Z,SENS-009,Kukatpally Housing Board,23,43.81,Cloudy
2026-04-13T04:24:55Z,SENS-008,LB Nagar Crossroads,31,27.77,Fog
2026-04-13T04:26:37Z,SENS-012,PVNR Expressway Toll,24,45.49,Cloudy
2026-04-13T04:37:52Z,SENS-012,PVNR Expressway Toll,35,42.56,Cloudy
2026-04-13T04:55:02Z,SENS-001,Jubilee Hills Checkpost,19,41.28,Cloudy
2026-04-13T04:57:49Z,SENS-009,Kukatpally Housing Board,4,43.88,Light Rain
2026-04-13T05:02:10Z,SENS-001,Jubilee Hills Checkpost,62,53.01,Cloudy
2026-04-13T05:05:22Z,SENS-004,Madhapur IT Corridor,86,24.7,Clear
2026-04-13T05:06:32Z,SENS-003,Ameerpet Crossroads,49,27.92,Clear
2026-04-13T05:25:50Z,SENS-011,Mehdipatnam Bus Stand,74,21.78,Clear
2026-04-13T05:33:04Z,SENS-012,PVNR Expressway Toll,54,22.25,Clear
2026-04-13T05:37:32Z,SENS-001,Jubilee Hills Checkpost,67,32.9,Clear
2026-04-13T05:45:41Z,SENS-009,Kukatpally Housing Board,86,24.28,Clear
2026-04-13T05:48:27Z,SENS-004,Madhapur IT Corridor,78,47.88,Clear
2026-04-13T05:51:18Z,SENS-010,Secunderabad Clock Tower,65,27.1,Cloudy
2026-04-13T05:51:55Z,SENS-006,Hitech City Signal,61,20.1,Heavy Rain
2026-04-13T05:53:37Z,SENS-007,Begumpet Flyover,35,19.03,Cloudy
2026-04-13T05:58:20Z,SENS-001,Jubilee Hills Checkpost,32,58.62,Cloudy
2026-04-13T06:00:52Z,SENS-012,PVNR Expressway Toll,84,21.97,Clear
2026-04-13T06:03:23Z,SENS-003,Ameerpet Crossroads,50,36.84,Light Rain
2026-04-13T06:11:27Z,SENS-008,LB Nagar Crossroads,48,27.66,Light Rain
2026-04-13T06:16:18Z,SENS-011,Mehdipatnam Bus Stand,52,21.44,Clear
2026-04-13T06:20:26Z,SENS-009,Kukatpally Housing Board,65,25.87,Cloudy
2026-04-13T06:20:54Z,SENS-002,Gachibowli Junction,30,45.6,Heavy Rain
2026-04-13T06:21:18Z,SENS-002,Gachibowli Junction,32,43.57,Clear
2026-04-13T06:23:14Z,SENS-007,Begumpet Flyover,58,40.38,Heavy Rain
2026-04-13T06:24:17Z,SENS-001,Jubilee Hills Checkpost,72,18.71,Cloudy
2026-04-13T06:26:55Z,SENS-011,Mehdipatnam Bus Stand,40,16.83,Light Rain
2026-04-13T06:30:49Z,SENS-012,PVNR Expressway Toll,62,42.84,Cloudy
2026-04-13T06:34:51Z,SENS-011,Mehdipatnam Bus Stand,47,39.35,Cloudy
2026-04-13T06:35:03Z,SENS-008,LB Nagar Crossroads,69,53.27,Cloudy
2026-04-13T06:36:23Z,SENS-006,Hitech City Signal,72,36.63,Cloudy
2026-04-13T06:43:08Z,SENS-007,Begumpet Flyover,75,44.87,Cloudy
2026-04-13T06:44:27Z,SENS-005,Tank Bund Road,40,30.14,Fog
2026-04-13T06:50:35Z,SENS-011,Mehdipatnam Bus Stand,41,23.6,Cloudy
2026-04-13T06:52:51Z,SENS-003,Ameerpet Crossroads,67,24.36,Fog
2026-04-13T06:56:30Z,SENS-004,Madhapur IT Corridor,44,54.77,Light Rain
2026-04-13T06:57:43Z,SENS-001,Jubilee Hills Checkpost,45,57.55,Cloudy
2026-04-13T06:59:44Z,SENS-008,LB Nagar Crossroads,48,24.16,Fog
2026-04-13T06:59:58Z,SENS-004,Madhapur IT Corridor,33,30.47,Cloudy
2026-04-13T07:02:55Z,SENS-005,Tank Bund Road,64,56.46,Cloudy
2026-04-13T07:09:51Z,SENS-004,Madhapur IT Corridor,70,21.86,Fog
2026-04-13T07:10:06Z,SENS-007,Begumpet Flyover,79,51.06,Cloudy
2026-04-13T07:12:12Z,SENS-006,Hitech City Signal,63,49.46,Clear
2026-04-13T07:16:14Z,SENS-005,Tank Bund Road,56,16.12,Clear
2026-04-13T07:16:43Z,SENS-005,Tank Bund Road,67,23.18,Clear
2026-04-13T07:18:21Z,SENS-004,Madhapur IT Corridor,68,55.87,Clear
2026-04-13T07:18:30Z,SENS-003,Ameerpet Crossroads,50,44.57,Clear
2026-04-13T07:25:41Z,SENS-010,Secunderabad Clock Tower,63,35.23,Heavy Rain
2026-04-13T07:26:49Z,SENS-010,Secunderabad Clock Tower,76,14.45,Cloudy
2026-04-13T07:29:42Z,SENS-004,Madhapur IT Corridor,30,63.81,Cloudy
2026-04-13T07:32:45Z,SENS-004,Madhapur IT Corridor,79,20.06,Clear
2026-04-13T07:33:14Z,SENS-002,Gachibowli Junction,88,43.75,Clear
2026-04-13T07:58:28Z,SENS-009,Kukatpally Housing Board,77,43.28,Clear
2026-04-13T08:02:03Z,SENS-002,Gachibowli Junction,108,35.37,Cloudy
2026-04-13T08:03:28Z,SENS-009,Kukatpally Housing Board,168,22.73,Cloudy
2026-04-13T08:22:51Z,SENS-005,Tank Bund Road,145,10.06,Clear
2026-04-13T08:35:53Z,SENS-004,Madhapur IT Corridor,128,31.52,Clear
2026-04-13T08:38:47Z,SENS-012,PVNR Expressway Toll,128,34.04,Drizzle
2026-04-13T08:43:06Z,SENS-006,Hitech City Signal,108,12.09,Drizzle
2026-04-13T08:43:08Z,SENS-001,Jubilee Hills Checkpost,167,13.2,Clear
2026-04-13T08:51:47Z,SENS-002,Gachibowli Junction,188,14.94,Cloudy
2026-04-13T08:53:36Z,SENS-003,Ameerpet Crossroads,137,34.34,Cloudy
2026-04-13T08:58:55Z,SENS-008,LB Nagar Crossroads,198,17.94,Clear
2026-04-13T09:01:17Z,SENS-009,Kukatpally Housing Board,139,8.91,Light Rain
2026-04-13T09:02:10Z,SENS-003,Ameerpet Crossroads,148,9.7,Clear
2026-04-13T09:11:37Z,SENS-007,Begumpet Flyover,70,14.87,Heavy Rain
2026-04-13T09:11:43Z,SENS-009,Kukatpally Housing Board,151,30.17,Clear
2026-04-13T09:14:28Z,SENS-005,Tank Bund Road,93,12.43,Fog
2026-04-13T09:19:47Z,SENS-006,Hitech City Signal,139,32.5,Cloudy
2026-04-13T09:30:06Z,SENS-008,LB Nagar Crossroads,105,33.52,Drizzle
2026-04-13T09:30:33Z,SENS-003,Ameerpet Crossroads,114,23.52,Clear
2026-04-13T09:33:57Z,SENS-010,Secunderabad Clock Tower,120,23.34,Clear
2026-04-13T09:40:50Z,SENS-006,Hitech City Signal,169,12.99,Cloudy
2026-04-13T09:46:10Z,SENS-002,Gachibowli Junction,118,27.36,Cloudy
2026-04-13T09:48:53Z,SENS-007,Begumpet Flyover,90,40.9,Light Rain
2026-04-13T10:02:16Z,SENS-003,Ameerpet Crossroads,75,29.77,Heavy Rain
2026-04-13T10:04:01Z,SENS-007,Begumpet Flyover,161,18.04,Cloudy
2026-04-13T10:05:51Z,SENS-006,Hitech City Signal,191,8.3,Clear
2026-04-13T10:12:28Z,SENS-003,Ameerpet Crossroads,122,18.12,Fog
2026-04-13T10:19:59Z,SENS-005,Tank Bund Road,144,14.64,Clear
2026-04-13T10:22:37Z,SENS-004,Madhapur IT Corridor,85,50.98,Clear
2026-04-13T10:31:11Z,SENS-010,Secunderabad Clock Tower,76,26.51,Heavy Rain
2026-04-13T10:35:20Z,SENS-003,Ameerpet Crossroads,186,20.94,Clear
2026-04-13T10:35:51Z,SENS-002,Gachibowli Junction,95,33.15,Cloudy
2026-04-13T10:36:38Z,SENS-011,Mehdipatnam Bus Stand,160,22.85,Cloudy
2026-04-13T10:37:22Z,SENS-001,Jubilee Hills Checkpost,154,30.58,Clear
2026-04-13T10:38:39Z,SENS-012,PVNR Expressway Toll,111,18.14,Clear
2026-04-13T10:43:20Z,SENS-012,PVNR Expressway Toll,92,40.98,Clear
2026-04-13T10:45:33Z,SENS-009,Kukatpally Housing Board,141,16.78,Clear
2026-04-13T10:54:36Z,SENS-010,Secunderabad Clock Tower,82,14.78,Fog
2026-04-13T10:57:00Z,SENS-005,Tank Bund Road,120,24.61,Light Rain
2026-04-13T11:14:44Z,SENS-011,Mehdipatnam Bus Stand,81,34.69,Clear
2026-04-13T11:28:46Z,SENS-003,Ameerpet Crossroads,65,39.76,Cloudy
2026-04-13T11:29:15Z,SENS-004,Madhapur IT Corridor,66,53.76,Clear
2026-04-13T11:33:35Z,SENS-004,Madhapur IT Corridor,63,16.13,Fog
2026-04-13T11:34:12Z,SENS-012,PVNR Expressway Toll,41,62.68,Clear
2026-04-13T11:35:07Z,SENS-006,Hitech City Signal,70,51.0,Clear
2026-04-13T11:36:09Z,SENS-002,Gachibowli Junction,58,33.89,Fog
2026-04-13T11:38:08Z,SENS-004,Madhapur IT Corridor,51,43.87,Cloudy
2026-04-13T11:55:17Z,SENS-009,Kukatpally Housing Board,55,18.28,Clear
2026-04-13T12:04:32Z,SENS-005,Tank Bund Road,59,25.24,Light Rain
2026-04-13T12:05:46Z,SENS-002,Gachibowli Junction,63,46.86,Clear
2026-04-13T12:16:41Z,SENS-011,Mehdipatnam Bus Stand,55,44.67,Clear
2026-04-13T12:19:37Z,SENS-003,Ameerpet Crossroads,57,29.6,Drizzle
2026-04-13T12:19:45Z,SENS-011,Mehdipatnam Bus Stand,35,64.76,Clear
2026-04-13T12:23:23Z,SENS-002,Gachibowli Junction,71,43.41,Cloudy
2026-04-13T12:28:13Z,SENS-002,Gachibowli Junction,39,13.23,Fog
2026-04-13T12:29:47Z,SENS-012,PVNR Expressway Toll,35,35.71,Cloudy
2026-04-13T12:31:50Z,SENS-001,Jubilee Hills Checkpost,55,53.5,Clear
2026-04-13T12:35:03Z,SENS-005,Tank Bund Road,52,55.81,Clear
2026-04-13T12:36:22Z,SENS-009,Kukatpally Housing Board,43,20.21,Fog
2026-04-13T12:37:20Z,SENS-010,Secunderabad Clock Tower,55,28.51,Light Rain
2026-04-13T12:38:13Z,SENS-012,PVNR Expressway Toll,80,49.87,Clear
2026-04-13T12:38:46Z,SENS-006,Hitech City Signal,81,33.12,Cloudy
2026-04-13T12:39:15Z,SENS-011,Mehdipatnam Bus Stand,38,29.13,Cloudy
2026-04-13T12:43:04Z,SENS-006,Hitech City Signal,80,13.51,Cloudy
2026-04-13T12:50:22Z,SENS-002,Gachibowli Junction,51,38.56,Clear
2026-04-13T12:55:18Z,SENS-008,LB Nagar Crossroads,84,35.92,Cloudy
2026-04-13T12:59:12Z,SENS-006,Hitech City Signal,49,44.14,Heavy Rain
2026-04-13T13:00:25Z,SENS-004,Madhapur IT Corridor,80,44.53,Clear
2026-04-13T13:04:39Z,SENS-003,Ameerpet Crossroads,33,34.17,Light Rain
2026-04-13T13:10:58Z,SENS-002,Gachibowli Junction,36,50.44,Cloudy
2026-04-13T13:12:30Z,SENS-005,Tank Bund Road,66,18.24,Clear
2026-04-13T13:14:00Z,SENS-006,Hitech City Signal,60,16.49,Clear
2026-04-13T13:14:52Z,SENS-008,LB Nagar Crossroads,74,42.33,Clear
2026-04-13T13:16:34Z,SENS-001,Jubilee Hills Checkpost,83,45.75,Clear
2026-04-13T13:22:45Z,SENS-002,Gachibowli Junction,60,30.24,Cloudy
2026-04-13T13:25:46Z,SENS-002,Gachibowli Junction,57,35.65,Cloudy
2026-04-13T13:26:10Z,SENS-006,Hitech City Signal,37,20.63,Clear
2026-04-13T13:30:13Z,SENS-009,Kukatpally Housing Board,39,22.27,Clear
2026-04-13T14:03:50Z,SENS-008,LB Nagar Crossroads,61,37.63,Heavy Rain
2026-04-13T14:04:29Z,SENS-007,Begumpet Flyover,59,38.02,Fog
2026-04-13T14:07:47Z,SENS-001,Jubilee Hills Checkpost,41,53.2,Clear
2026-04-13T14:09:08Z,SENS-007,Begumpet Flyover,56,60.33,Clear
2026-04-13T14:15:03Z,SENS-011,Mehdipatnam Bus Stand,60,53.21,Cloudy
2026-04-13T14:15:28Z,SENS-012,PVNR Expressway Toll,28,38.86,Fog
2026-04-13T14:15:51Z,SENS-007,Begumpet Flyover,85,14.64,Clear
2026-04-13T14:17:56Z,SENS-005,Tank Bund Road,29,22.48,Cloudy
2026-04-13T14:20:14Z,SENS-011,Mehdipatnam Bus Stand,46,51.36,Light Rain
2026-04-13T14:30:33Z,SENS-007,Begumpet Flyover,66,40.74,Heavy Rain
2026-04-13T14:33:39Z,SENS-001,Jubilee Hills Checkpost,78,35.73,Clear
2026-04-13T14:34:28Z,SENS-006,Hitech City Signal,60,18.56,Light Rain
2026-04-13T14:35:33Z,SENS-009,Kukatpally Housing Board,56,59.26,Clear
2026-04-13T14:36:18Z,SENS-010,Secunderabad Clock Tower,82,19.86,Cloudy
2026-04-13T14:36:57Z,SENS-011,Mehdipatnam Bus Stand,72,17.41,Cloudy
2026-04-13T14:46:20Z,SENS-010,Secunderabad Clock Tower,52,30.5,Cloudy
2026-04-13T14:48:59Z,SENS-007,Begumpet Flyover,80,37.14,Clear
2026-04-13T14:52:50Z,SENS-007,Begumpet Flyover,30,19.31,Fog
2026-04-13T15:02:44Z,SENS-003,Ameerpet Crossroads,40,40.62,Clear
2026-04-13T15:03:03Z,SENS-012,PVNR Expressway Toll,73,20.5,Cloudy
2026-04-13T15:04:05Z,SENS-003,Ameerpet Crossroads,70,41.7,Drizzle
2026-04-13T15:10:02Z,SENS-004,Madhapur IT Corridor,85,33.23,Clear
2026-04-13T15:10:08Z,SENS-011,Mehdipatnam Bus Stand,73,14.84,Clear
2026-04-13T15:15:39Z,SENS-008,LB Nagar Crossroads,67,53.22,Clear
2026-04-13T15:32:13Z,SENS-010,Secunderabad Clock Tower,39,29.37,Heavy Rain
2026-04-13T15:36:18Z,SENS-012,PVNR Expressway Toll,36,19.97,Cloudy
2026-04-13T15:37:43Z,SENS-008,LB Nagar Crossroads,30,56.75,Clear
2026-04-13T15:42:58Z,SENS-010,Secunderabad Clock Tower,40,39.61,Drizzle
2026-04-13T15:49:01Z,SENS-007,Begumpet Flyover,49,36.52,Clear
2026-04-13T15:53:30Z,SENS-007,Begumpet Flyover,67,37.99,Clear
2026-04-13T15:58:15Z,SENS-004,Madhapur IT Corridor,61,25.23,Heavy Rain
2026-04-13T15:58:26Z,SENS-002,Gachibowli Junction,46,28.28,Drizzle
2026-04-13T16:01:07Z,SENS-001,Jubilee Hills Checkpost,36,15.24,Fog
2026-04-13T16:09:10Z,SENS-004,Madhapur IT Corridor,57,32.79,Cloudy
2026-04-13T16:13:09Z,SENS-004,Madhapur IT Corridor,65,49.16,Light Rain
2026-04-13T16:16:58Z,SENS-005,Tank Bund Road,32,20.29,Clear
2026-04-13T16:18:13Z,SENS-008,LB Nagar Crossroads,42,44.71,Cloudy
2026-04-13T16:20:30Z,SENS-007,Begumpet Flyover,56,29.55,Fog
2026-04-13T16:20:40Z,SENS-010,Secunderabad Clock Tower,27,23.11,Light Rain
2026-04-13T16:24:35Z,SENS-007,Begumpet Flyover,84,12.62,Cloudy
2026-04-13T16:31:00Z,SENS-007,Begumpet Flyover,73,28.69,Drizzle
2026-04-13T16:36:20Z,SENS-001,Jubilee Hills Checkpost,85,38.93,Clear
2026-04-13T16:45:24Z,SENS-001,Jubilee Hills Checkpost,65,23.53,Clear
2026-04-13T16:45:40Z,SENS-009,Kukatpally Housing Board,58,14.17,Fog
2026-04-13T16:48:54Z,SENS-010,Secunderabad Clock Tower,81,21.3,Cloudy
2026-04-13T16:52:42Z,SENS-011,Mehdipatnam Bus Stand,42,25.38,Drizzle
2026-04-13T16:56:24Z,SENS-004,Madhapur IT Corridor,30,23.75,Fog
2026-04-13T16:58:10Z,SENS-005,Tank Bund Road,64,26.06,Cloudy
2026-04-13T17:05:38Z,SENS-009,Kukatpally Housing Board,142,27.56,Clear
2026-04-13T17:06:10Z,SENS-008,LB Nagar Crossroads,153,14.29,Light Rain
2026-04-13T17:06:42Z,SENS-003,Ameerpet Crossroads,148,10.18,Cloudy
2026-04-13T17:09:24Z,SENS-011,Mehdipatnam Bus Stand,164,22.55,Cloudy
2026-04-13T17:15:26Z,SENS-004,Madhapur IT Corridor,90,43.47,Clear
2026-04-13T17:19:14Z,SENS-008,LB Nagar Crossroads,105,38.1,Cloudy
2026-04-13T17:23:36Z,SENS-007,Begumpet Flyover,126,10.8,Heavy Rain
2026-04-13T17:31:48Z,SENS-001,Jubilee Hills Checkpost,153,14.71,Clear
2026-04-13T17:34:42Z,SENS-001,Jubilee Hills Checkpost,184,8.77,Cloudy
2026-04-13T17:48:51Z,SENS-012,PVNR Expressway Toll,129,18.87,Clear
2026-04-13T17:51:46Z,SENS-012,PVNR Expressway Toll,182,12.7,Clear
2026-04-13T17:59:32Z,SENS-002,Gachibowli Junction,168,7.28,Clear
2026-04-13T18:02:24Z,SENS-005,Tank Bund Road,132,24.86,Cloudy
2026-04-13T18:03:18Z,SENS-009,Kukatpally Housing Board,92,19.66,Heavy Rain
2026-04-13T18:03:39Z,SENS-009,Kukatpally Housing Board,154,27.06,Clear
2026-04-13T18:08:18Z,SENS-001,Jubilee Hills Checkpost,168,22.89,Clear
2026-04-13T18:11:57Z,SENS-003,Ameerpet Crossroads,172,19.89,Light Rain
2026-04-13T18:15:23Z,SENS-002,Gachibowli Junction,121,22.18,Clear
2026-04-13T18:16:52Z,SENS-007,Begumpet Flyover,86,32.1,Cloudy
2026-04-13T18:19:29Z,SENS-012,PVNR Expressway Toll,88,16.49,Light Rain
2026-04-13T18:21:43Z,SENS-009,Kukatpally Housing Board,138,25.02,Clear
2026-04-13T18:22:11Z,SENS-008,LB Nagar Crossroads,79,40.79,Cloudy
2026-04-13T18:27:39Z,SENS-005,Tank Bund Road,112,20.61,Light Rain
2026-04-13T18:28:44Z,SENS-009,Kukatpally Housing Board,103,33.08,Clear
2026-04-13T18:33:02Z,SENS-001,Jubilee Hills Checkpost,97,14.54,Cloudy
2026-04-13T18:34:50Z,SENS-001,Jubilee Hills Checkpost,145,14.38,Clear
2026-04-13T18:37:21Z,SENS-007,Begumpet Flyover,118,16.49,Light Rain
2026-04-13T18:40:06Z,SENS-001,Jubilee Hills Checkpost,113,20.61,Heavy Rain
2026-04-13T18:44:25Z,SENS-006,Hitech City Signal,181,9.81,Clear
2026-04-13T18:51:00Z,SENS-010,Secunderabad Clock Tower,170,19.44,Light Rain
2026-04-13T18:54:09Z,SENS-003,Ameerpet Crossroads,140,17.19,Clear
2026-04-13T19:01:46Z,SENS-003,Ameerpet Crossroads,161,10.69,Clear
2026-04-13T19:07:15Z,SENS-003,Ameerpet Crossroads,111,16.25,Clear
2026-04-13T19:13:45Z,SENS-007,Begumpet Flyover,147,26.85,Clear
2026-04-13T19:17:06Z,SENS-002,Gachibowli Junction,78,14.13,Cloudy
2026-04-13T19:21:38Z,SENS-007,Begumpet Flyover,185,9.88,Clear
2026-04-13T19:24:56Z,SENS-010,Secunderabad Clock Tower,72,28.25,Light Rain
2026-04-13T19:27:13Z,SENS-005,Tank Bund Road,112,39.51,Cloudy
2026-04-13T19:28:52Z,SENS-011,Mehdipatnam Bus Stand,174,12.26,Clear
2026-04-13T19:33:36Z,SENS-011,Mehdipatnam Bus Stand,181,22.3,Clear
2026-04-13T19:38:19Z,SENS-007,Begumpet Flyover,161,22.49,Clear
2026-04-13T19:41:14Z,SENS-011,Mehdipatnam Bus Stand,178,13.2,Cloudy
2026-04-13T19:43:29Z,SENS-005,Tank Bund Road,104,30.08,Clear
2026-04-13T19:53:22Z,SENS-011,Mehdipatnam Bus Stand,122,10.05,Heavy Rain
2026-04-13T19:56:58Z,SENS-007,Begumpet Flyover,115,24.75,Cloudy
2026-04-13T19:59:45Z,SENS-001,Jubilee Hills Checkpost,130,25.32,Drizzle
2026-04-13T20:01:44Z,SENS-001,Jubilee Hills Checkpost,38,14.13,Fog
2026-04-13T20:05:27Z,SENS-005,Tank Bund Road,44,35.36,Clear
2026-04-13T20:10:39Z,SENS-011,Mehdipatnam Bus Stand,59,58.75,Clear
2026-04-13T20:12:00Z,SENS-012,PVNR Expressway Toll,78,38.3,Cloudy
2026-04-13T20:20:09Z,SENS-006,Hitech City Signal,36,17.84,Cloudy
2026-04-13T20:21:35Z,SENS-001,Jubilee Hills Checkpost,85,48.21,Cloudy
2026-04-13T20:26:59Z,SENS-012,PVNR Expressway Toll,34,56.21,Clear
2026-04-13T20:27:32Z,SENS-006,Hitech City Signal,38,36.94,Fog
2026-04-13T20:27:33Z,SENS-002,Gachibowli Junction,58,24.83,Clear
2026-04-13T20:36:35Z,SENS-002,Gachibowli Junction,71,13.44,Light Rain
2026-04-13T20:51:49Z,SENS-009,Kukatpally Housing Board,53,27.79,Fog
2026-04-13T20:55:30Z,SENS-005,Tank Bund Road,63,26.89,Clear
2026-04-13T21:01:51Z,SENS-006,Hitech City Signal,44,49.17,Clear
2026-04-13T21:07:51Z,SENS-010,Secunderabad Clock Tower,61,54.63,Cloudy
2026-04-13T21:09:14Z,SENS-007,Begumpet Flyover,88,34.01,Clear
2026-04-13T21:10:03Z,SENS-005,Tank Bund Road,35,32.82,Clear
2026-04-13T21:15:09Z,SENS-004,Madhapur IT Corridor,44,43.31,Cloudy
2026-04-13T21:19:56Z,SENS-009,Kukatpally Housing Board,38,49.96,Light Rain
2026-04-13T21:21:22Z,SENS-004,Madhapur IT Corridor,32,11.52,Fog
2026-04-13T21:25:45Z,SENS-011,Mehdipatnam Bus Stand,47,40.33,Light Rain
2026-04-13T21:28:45Z,SENS-003,Ameerpet Crossroads,81,17.11,Clear
2026-04-13T21:33:42Z,SENS-011,Mehdipatnam Bus Stand,67,54.83,Cloudy
2026-04-13T21:38:37Z,SENS-007,Begumpet Flyover,82,45.08,Clear
2026-04-13T21:38:38Z,SENS-005,Tank Bund Road,65,15.41,Fog
2026-04-13T21:39:34Z,SENS-009,Kukatpally Housing Board,53,20.63,Fog
2026-04-13T21:39:54Z,SENS-005,Tank Bund Road,48,32.97,Clear
2026-04-13T21:49:43Z,SENS-001,Jubilee Hills Checkpost,51,39.65,Clear
2026-04-13T21:49:48Z,SENS-012,PVNR Expressway Toll,69,23.13,Cloudy
2026-04-13T21:54:59Z,SENS-005,Tank Bund Road,56,52.47,Clear
2026-04-13T21:57:03Z,SENS-006,Hitech City Signal,71,43.6,Light Rain
2026-04-13T22:06:45Z,SENS-011,Mehdipatnam Bus Stand,14,45.15,Clear
2026-04-13T22:06:52Z,SENS-002,Gachibowli Junction,33,66.81,Clear
2026-04-13T22:07:34Z,SENS-011,Mehdipatnam Bus Stand,23,51.53,Drizzle
2026-04-13T22:12:24Z,SENS-007,Begumpet Flyover,30,62.45,Cloudy
2026-04-13T22:12:28Z,SENS-011,Mehdipatnam Bus Stand,31,64.08,Cloudy
2026-04-13T22:15:09Z,SENS-001,Jubilee Hills Checkpost,23,28.7,Cloudy
2026-04-13T22:17:54Z,SENS-008,LB Nagar Crossroads,29,29.04,Light Rain
2026-04-13T22:22:07Z,SENS-006,Hitech City Signal,26,58.85,Clear
2026-04-13T22:22:36Z,SENS-010,Secunderabad Clock Tower,6,65.75,Light Rain
2026-04-13T22:32:42Z,SENS-005,Tank Bund Road,20,42.7,Fog
2026-04-13T22:39:01Z,SENS-012,PVNR Expressway Toll,6,44.72,Cloudy
2026-04-13T22:43:20Z,SENS-011,Mehdipatnam Bus Stand,11,65.12,Cloudy
2026-04-13T22:47:58Z,SENS-006,Hitech City Signal,24,23.53,Clear
2026-04-13T22:50:04Z,SENS-012,PVNR Expressway Toll,25,30.88,Light Rain
2026-04-13T22:53:11Z,SENS-010,Secunderabad Clock Tower,26,34.13,Cloudy
2026-04-13T22:54:32Z,SENS-003,Ameerpet Crossroads,13,68.71,Cloudy
2026-04-13T22:56:26Z,SENS-001,Jubilee Hills Checkpost,29,30.28,Fog
2026-04-13T22:56:56Z,SENS-004,Madhapur IT Corridor,34,25.64,Clear
2026-04-13T22:58:06Z,SENS-010,Secunderabad Clock Tower,37,19.33,Clear
2026-04-13T22:58:37Z,SENS-009,Kukatpally Housing Board,32,61.58,Cloudy
2026-04-13T23:04:46Z,SENS-003,Ameerpet Crossroads,20,21.13,Cloudy
2026-04-13T23:05:53Z,SENS-005,Tank Bund Road,16,18.6,Cloudy
2026-04-13T23:10:45Z,SENS-004,Madhapur IT Corridor,18,72.37,Clear
2026-04-13T23:15:46Z,SENS-010,Secunderabad Clock Tower,26,61.06,Clear
2026-04-13T23:20:07Z,SENS-002,Gachibowli Junction,10,19.22,Fog
2026-04-13T23:21:06Z,SENS-001,Jubilee Hills Checkpost,4,20.19,Light Rain
2026-04-13T23:22:31Z,SENS-007,Begumpet Flyover,28,58.98,Clear
2026-04-13T23:28:08Z,SENS-011,Mehdipatnam Bus Stand,5,52.97,Cloudy
2026-04-13T23:29:07Z,SENS-005,Tank Bund Road,24,24.79,Fog
2026-04-13T23:32:17Z,SENS-011,Mehdipatnam Bus Stand,4,28.69,Cloudy
2026-04-13T23:43:39Z,SENS-002,Gachibowli Junction,30,43.77,Clear
2026-04-13T23:47:17Z,SENS-012,PVNR Expressway Toll,26,28.14,Clear
2026-04-13T23:54:45Z,SENS-007,Begumpet Flyover,15,46.33,Clear
2026-04-13T23:57:56Z,SENS-003,Ameerpet Crossroads,25,60.85,Cloudy
2026-04-14T00:00:32Z,SENS-007,Begumpet Flyover,31,63.69,Cloudy
2026-04-14T00:11:33Z,SENS-001,Jubilee Hills Checkpost,9,17.27,Fog
2026-04-14T00:27:13Z,SENS-002,Gachibowli Junction,5,42.23,Heavy Rain
2026-04-14T00:35:52Z,SENS-007,Begumpet Flyover,10,61.82,Cloudy
2026-04-14T00:36:19Z,SENS-006,Hitech City Signal,6,63.43,Cloudy
2026-04-14T00:43:21Z,SENS-010,Secunderabad Clock Tower,33,45.43,Cloudy
2026-04-14T00:43:59Z,SENS-002,Gachibowli Junction,27,28.76,Heavy Rain
2026-04-14T00:48:38Z,SENS-005,Tank Bund Road,9,64.41,Clear
2026-04-14T01:07:08Z,SENS-011,Mehdipatnam Bus Stand,14,33.27,Heavy Rain
2026-04-14T01:16:24Z,SENS-011,Mehdipatnam Bus Stand,8,38.2,Fog
2026-04-14T01:17:06Z,SENS-002,Gachibowli Junction,13,25.96,Cloudy
2026-04-14T01:20:09Z,SENS-010,Secunderabad Clock Tower,36,28.68,Clear
2026-04-14T01:21:15Z,SENS-005,Tank Bund Road,11,37.5,Clear
2026-04-14T01:27:29Z,SENS-005,Tank Bund Road,6,75.27,Clear
2026-04-14T01:28:55Z,SENS-008,LB Nagar Crossroads,11,17.23,Drizzle
2026-04-14T01:28:58Z,SENS-009,Kukatpally Housing Board,7,64.34,Clear
2026-04-14T01:34:18Z,SENS-011,Mehdipatnam Bus Stand,33,59.32,Clear
2026-04-14T01:34:39Z,SENS-011,Mehdipatnam Bus Stand,5,24.41,Clear
2026-04-14T01:40:39Z,SENS-004,Madhapur IT Corridor,37,52.29,Clear
2026-04-14T01:42:47Z,SENS-003,Ameerpet Crossroads,10,60.45,Clear
2026-04-14T01:50:28Z,SENS-011,Mehdipatnam Bus Stand,28,57.11,Cloudy
2026-04-14T01:51:29Z,SENS-011,Mehdipatnam Bus Stand,34,15.0,Light Rain
2026-04-14T01:59:02Z,SENS-005,Tank Bund Road,12,47.17,Heavy Rain
2026-04-14T02:00:50Z,SENS-006,Hitech City Signal,4,34.05,Fog
2026-04-14T02:02:39Z,SENS-006,Hitech City Signal,28,60.38,Light Rain
2026-04-14T02:03:14Z,SENS-005,Tank Bund Road,30,49.73,Clear
2026-04-14T02:08:01Z,SENS-009,Kukatpally Housing Board,37,31.15,Cloudy
2026-04-14T02:12:52Z,SENS-002,Gachibowli Junction,9,60.94,Light Rain
2026-04-14T02:15:36Z,SENS-010,Secunderabad Clock Tower,5,47.82,Clear
2026-04-14T02:20:03Z,SENS-009,Kukatpally Housing Board,19,47.24,Cloudy
2026-04-14T02:21:31Z,SENS-011,Mehdipatnam Bus Stand,27,25.84,Heavy Rain
2026-04-14T02:22:19Z,SENS-009,Kukatpally Housing Board,28,32.44,Cloudy
2026-04-14T02:24:19Z,SENS-002,Gachibowli Junction,7,33.51,Heavy Rain
2026-04-14T02:31:29Z,SENS-006,Hitech City Signal,19,31.11,Clear
2026-04-14T02:38:41Z,SENS-008,LB Nagar Crossroads,32,21.39,Cloudy
2026-04-14T02:42:23Z,SENS-001,Jubilee Hills Checkpost,35,30.91,Clear
2026-04-14T02:42:43Z,SENS-007,Begumpet Flyover,6,39.02,Cloudy
2026-04-14T02:44:21Z,SENS-011,Mehdipatnam Bus Stand,26,53.84,Cloudy
2026-04-14T02:55:44Z,SENS-007,Begumpet Flyover,12,56.98,Cloudy
2026-04-14T02:59:23Z,SENS-001,Jubilee Hills Checkpost,18,14.2,Heavy Rain
2026-04-14T03:03:42Z,SENS-008,LB Nagar Crossroads,28,57.68,Clear
2026-04-14T03:06:38Z,SENS-003,Ameerpet Crossroads,19,32.35,Heavy Rain
2026-04-14T03:21:29Z,SENS-008,LB Nagar Crossroads,6,42.95,Fog
2026-04-14T03:49:29Z,SENS-005,Tank Bund Road,14,46.85,Light Rain
2026-04-14T03:59:38Z,SENS-007,Begumpet Flyover,6,41.79,Drizzle
2026-04-14T04:01:31Z,SENS-003,Ameerpet Crossroads,21,30.21,Clear
2026-04-14T04:02:32Z,SENS-009,Kukatpally Housing Board,23,20.98,Clear
2026-04-14T04:02:44Z,SENS-012,PVNR Expressway Toll,26,45.83,Light Rain
2026-04-14T04:05:32Z,SENS-007,Begumpet Flyover,28,46.12,Clear
2026-04-14T04:07:32Z,SENS-006,Hitech City Signal,26,57.58,Light Rain
2026-04-14T04:09:04Z,SENS-003,Ameerpet Crossroads,20,29.2,Clear
2026-04-14T04:12:41Z,SENS-005,Tank Bund Road,22,28.7,Heavy Rain
2026-04-14T04:13:32Z,SENS-010,Secunderabad Clock Tower,26,15.23,Light Rain
2026-04-14T04:18:00Z,SENS-001,Jubilee Hills Checkpost,29,14.27,Heavy Rain
2026-04-14T04:29:40Z,SENS-002,Gachibowli Junction,39,63.76,Clear
2026-04-14T04:31:07Z,SENS-005,Tank Bund Road,36,38.27,Clear
2026-04-14T04:33:17Z,SENS-004,Madhapur IT Corridor,25,40.02,Cloudy
2026-04-14T04:33:43Z,SENS-010,Secunderabad Clock Tower,20,47.61,Heavy Rain
2026-04-14T04:36:00Z,SENS-004,Madhapur IT Corridor,27,23.13,Light Rain
2026-04-14T04:39:23Z,SENS-008,LB Nagar Crossroads,37,21.12,Cloudy
2026-04-14T04:41:11Z,SENS-003,Ameerpet Crossroads,4,15.38,Heavy Rain
2026-04-14T04:42:47Z,SENS-007,Begumpet Flyover,13,30.85,Heavy Rain
2026-04-14T04:45:25Z,SENS-003,Ameerpet Crossroads,32,35.42,Light Rain
2026-04-14T04:54:34Z,SENS-008,LB Nagar Crossroads,10,20.11,Fog
2026-04-14T04:58:15Z,SENS-005,Tank Bund Road,11,30.76,Cloudy
2026-04-14T05:03:59Z,SENS-001,Jubilee Hills Checkpost,54,49.41,Light Rain
2026-04-14T05:09:34Z,SENS-005,Tank Bund Road,61,44.46,Clear
2026-04-14T05:20:46Z,SENS-004,Madhapur IT Corridor,81,28.49,Drizzle
2026-04-14T05:28:47Z,SENS-002,Gachibowli Junction,46,52.26,Light Rain
2026-04-14T05:32:18Z,SENS-008,LB Nagar Crossroads,50,62.43,Clear
2026-04-14T05:43:57Z,SENS-004,Madhapur IT Corridor,51,29.02,Heavy Rain
2026-04-14T05:46:47Z,SENS-003,Ameerpet Crossroads,67,46.91,Light Rain
2026-04-14T05:47:34Z,SENS-007,Begumpet Flyover,50,46.62,Cloudy
2026-04-14T05:52:36Z,SENS-008,LB Nagar Crossroads,67,22.17,Light Rain
2026-04-14T05:53:51Z,SENS-002,Gachibowli Junction,48,26.27,Drizzle
2026-04-14T05:55:53Z,SENS-005,Tank Bund Road,80,39.26,Drizzle
2026-04-14T05:56:06Z,SENS-004,Madhapur IT Corridor,81,39.85,Clear
2026-04-14T05:56:40Z,SENS-008,LB Nagar Crossroads,50,36.65,Cloudy
2026-04-14T06:06:21Z,SENS-006,Hitech City Signal,51,18.91,Heavy Rain
2026-04-14T06:06:47Z,SENS-005,Tank Bund Road,40,41.44,Cloudy
2026-04-14T06:24:51Z,SENS-011,Mehdipatnam Bus Stand,47,19.92,Clear
2026-04-14T06:35:32Z,SENS-004,Madhapur IT Corridor,57,57.87,Clear
2026-04-14T06:35:53Z,SENS-004,Madhapur IT Corridor,24,26.4,Fog
2026-04-14T06:37:13Z,SENS-001,Jubilee Hills Checkpost,43,35.76,Clear
2026-04-14T06:48:30Z,SENS-001,Jubilee Hills Checkpost,49,13.79,Heavy Rain
2026-04-14T06:49:15Z,SENS-009,Kukatpally Housing Board,67,26.34,Light Rain
2026-04-14T06:59:49Z,SENS-002,Gachibowli Junction,52,62.1,Clear
2026-04-14T07:10:13Z,SENS-010,Secunderabad Clock Tower,49,28.38,Clear
2026-04-14T07:15:38Z,SENS-005,Tank Bund Road,64,14.81,Cloudy
2026-04-14T07:24:49Z,SENS-009,Kukatpally Housing Board,56,25.71,Cloudy
2026-04-14T07:25:48Z,SENS-004,Madhapur IT Corridor,86,42.85,Clear
2026-04-14T07:30:18Z,SENS-004,Madhapur IT Corridor,47,35.16,Heavy Rain
2026-04-14T07:32:34Z,SENS-012,PVNR Expressway Toll,75,28.0,Clear
2026-04-14T07:40:45Z,SENS-012,PVNR Expressway Toll,68,32.37,Clear
2026-04-14T07:42:27Z,SENS-012,PVNR Expressway Toll,74,19.64,Clear
2026-04-14T07:48:54Z,SENS-004,Madhapur IT Corridor,86,31.14,Cloudy
2026-04-14T07:52:52Z,SENS-005,Tank Bund Road,43,29.17,Cloudy
2026-04-14T07:57:18Z,SENS-007,Begumpet Flyover,66,40.86,Clear
2026-04-14T07:57:42Z,SENS-002,Gachibowli Junction,50,22.06,Cloudy
2026-04-14T08:07:44Z,SENS-009,Kukatpally Housing Board,144,20.45,Fog
2026-04-14T08:10:38Z,SENS-001,Jubilee Hills Checkpost,116,23.59,Clear
2026-04-14T08:11:44Z,SENS-003,Ameerpet Crossroads,102,33.99,Clear
2026-04-14T08:12:41Z,SENS-012,PVNR Expressway Toll,74,13.55,Heavy Rain
2026-04-14T08:13:34Z,SENS-010,Secunderabad Clock Tower,81,24.85,Light Rain
2026-04-14T08:14:22Z,SENS-008,LB Nagar Crossroads,195,8.64,Clear
2026-04-14T08:18:18Z,SENS-009,Kukatpally Housing Board,119,27.27,Cloudy
2026-04-14T08:20:21Z,SENS-009,Kukatpally Housing Board,199,21.08,Clear
2026-04-14T08:29:43Z,SENS-001,Jubilee Hills Checkpost,154,11.64,Light Rain
2026-04-14T08:30:00Z,SENS-003,Ameerpet Crossroads,145,14.29,Clear
2026-04-14T08:30:59Z,SENS-004,Madhapur IT Corridor,157,7.86,Clear
2026-04-14T08:34:36Z,SENS-002,Gachibowli Junction,176,17.83,Light Rain
2026-04-14T08:34:36Z,SENS-005,Tank Bund Road,168,23.57,Clear
2026-04-14T08:34:54Z,SENS-002,Gachibowli Junction,138,16.54,Heavy Rain
2026-04-14T08:36:23Z,SENS-005,Tank Bund Road,151,14.44,Clear
2026-04-14T08:37:42Z,SENS-005,Tank Bund Road,129,20.28,Cloudy
2026-04-14T08:42:29Z,SENS-003,Ameerpet Crossroads,137,15.67,Clear
2026-04-14T08:42:41Z,SENS-003,Ameerpet Crossroads,96,23.66,Light Rain
2026-04-14T08:48:21Z,SENS-003,Ameerpet Crossroads,116,15.9,Clear
2026-04-14T08:48:28Z,SENS-005,Tank Bund Road,158,22.96,Drizzle
2026-04-14T08:50:43Z,SENS-005,Tank Bund Road,126,29.5,Light Rain
2026-04-14T08:51:07Z,SENS-011,Mehdipatnam Bus Stand,169,6.46,Light Rain
2026-04-14T08:51:42Z,SENS-003,Ameerpet Crossroads,126,27.53,Light Rain
2026-04-14T09:11:54Z,SENS-007,Begumpet Flyover,118,10.94,Drizzle
2026-04-14T09:27:51Z,SENS-003,Ameerpet Crossroads,147,10.66,Heavy Rain
2026-04-14T09:28:46Z,SENS-004,Madhapur IT Corridor,157,18.04,Drizzle
2026-04-14T09:33:14Z,SENS-010,Secunderabad Clock Tower,83,36.33,Cloudy
2026-04-14T09:38:34Z,SENS-006,Hitech City Signal,77,44.01,Cloudy
2026-04-14T09:39:01Z,SENS-005,Tank Bund Road,161,22.48,Clear
2026-04-14T09:44:51Z,SENS-004,Madhapur IT Corridor,147,15.06,Heavy Rain
2026-04-14T09:48:25Z,SENS-004,Madhapur IT Corridor,89,13.09,Cloudy
2026-04-14T09:49:48Z,SENS-005,Tank Bund Road,175,9.3,Clear
2026-04-14T09:51:22Z,SENS-003,Ameerpet Crossroads,82,15.94,Heavy Rain
2026-04-14T09:55:25Z,SENS-009,Kukatpally Housing Board,108,21.73,Fog
2026-04-14T10:03:02Z,SENS-008,LB Nagar Crossroads,156,13.72,Light Rain
2026-04-14T10:04:53Z,SENS-004,Madhapur IT Corridor,186,7.17,Clear
2026-04-14T10:07:30Z,SENS-009,Kukatpally Housing Board,161,10.87,Light Rain
2026-04-14T10:11:14Z,SENS-006,Hitech City Signal,173,13.59,Light Rain
2026-04-14T10:15:32Z,SENS-011,Mehdipatnam Bus Stand,87,45.2,Cloudy
2026-04-14T10:18:15Z,SENS-001,Jubilee Hills Checkpost,151,17.58,Clear
2026-04-14T10:19:11Z,SENS-002,Gachibowli Junction,137,21.3,Clear
2026-04-14T10:22:21Z,SENS-008,LB Nagar Crossroads,112,12.55,Light Rain
2026-04-14T10:22:33Z,SENS-009,Kukatpally Housing Board,119,17.25,Clear
2026-04-14T10:25:50Z,SENS-009,Kukatpally Housing Board,96,22.98,Clear
2026-04-14T10:28:28Z,SENS-002,Gachibowli Junction,83,19.9,Cloudy
2026-04-14T10:41:38Z,SENS-006,Hitech City Signal,128,27.22,Clear
2026-04-14T10:44:28Z,SENS-001,Jubilee Hills Checkpost,110,26.94,Cloudy
2026-04-14T10:47:12Z,SENS-011,Mehdipatnam Bus Stand,185,8.85,Cloudy
2026-04-14T10:58:53Z,SENS-001,Jubilee Hills Checkpost,91,30.73,Light Rain
2026-04-14T11:02:09Z,SENS-004,Madhapur IT Corridor,80,37.74,Cloudy
2026-04-14T11:05:20Z,SENS-007,Begumpet Flyover,57,37.85,Clear
2026-04-14T11:05:37Z,SENS-002,Gachibowli Junction,49,18.07,Cloudy
2026-04-14T11:06:45Z,SENS-006,Hitech City Signal,49,48.22,Cloudy
2026-04-14T11:09:24Z,SENS-001,Jubilee Hills Checkpost,59,57.28,Cloudy
2026-04-14T11:09:59Z,SENS-001,Jubilee Hills Checkpost,27,42.16,Light Rain
2026-04-14T11:10:05Z,SENS-011,Mehdipatnam Bus Stand,41,20.91,Heavy Rain
2026-04-14T11:10:51Z,SENS-001,Jubilee Hills Checkpost,34,56.11,Light Rain
2026-04-14T11:11:14Z,SENS-006,Hitech City Signal,71,25.28,Cloudy
2026-04-14T11:12:06Z,SENS-001,Jubilee Hills Checkpost,54,62.23,Clear
2026-04-14T11:13:47Z,SENS-012,PVNR Expressway Toll,37,38.42,Clear
2026-04-14T11:24:49Z,SENS-002,Gachibowli Junction,33,51.6,Cloudy
2026-04-14T11:27:08Z,SENS-004,Madhapur IT Corridor,41,24.15,Cloudy
2026-04-14T11:39:18Z,SENS-004,Madhapur IT Corridor,32,22.24,Fog
2026-04-14T11:47:56Z,SENS-005,Tank Bund Road,42,14.6,Heavy Rain
2026-04-14T11:48:16Z,SENS-009,Kukatpally Housing Board,47,39.82,Clear
2026-04-14T11:48:21Z,SENS-004,Madhapur IT Corridor,82,21.67,Clear
2026-04-14T11:52:48Z,SENS-006,Hitech City Signal,31,18.84,Fog
2026-04-14T11:53:37Z,SENS-001,Jubilee Hills Checkpost,84,15.54,Cloudy
2026-04-14T12:05:23Z,SENS-012,PVNR Expressway Toll,69,20.71,Clear
2026-04-14T12:13:45Z,SENS-008,LB Nagar Crossroads,72,48.59,Clear
2026-04-14T12:15:19Z,SENS-007,Begumpet Flyover,50,57.5,Cloudy
2026-04-14T12:16:33Z,SENS-012,PVNR Expressway Toll,59,37.9,Light Rain
2026-04-14T12:25:26Z,SENS-006,Hitech City Signal,41,27.92,Fog
2026-04-14T12:28:37Z,SENS-012,PVNR Expressway Toll,63,15.64,Clear
2026-04-14T12:32:54Z,SENS-006,Hitech City Signal,74,39.24,Clear
2026-04-14T12:36:46Z,SENS-008,LB Nagar Crossroads,85,15.86,Clear
2026-04-14T12:49:13Z,SENS-006,Hitech City Signal,68,31.67,Light Rain
2026-04-14T13:01:06Z,SENS-009,Kukatpally Housing Board,39,22.15,Clear
2026-04-14T13:02:37Z,SENS-010,Secunderabad Clock Tower,72,45.87,Clear
2026-04-14T13:06:31Z,SENS-001,Jubilee Hills Checkpost,42,17.26,Light Rain
2026-04-14T13:12:59Z,SENS-001,Jubilee Hills Checkpost,76,23.83,Clear
2026-04-14T13:14:09Z,SENS-010,Secunderabad Clock Tower,64,39.47,Heavy Rain
2026-04-14T13:16:11Z,SENS-010,Secunderabad Clock Tower,86,24.81,Cloudy
2026-04-14T13:24:55Z,SENS-001,Jubilee Hills Checkpost,83,17.98,Clear
2026-04-14T13:28:31Z,SENS-012,PVNR Expressway Toll,54,56.95,Cloudy
2026-04-14T13:36:21Z,SENS-003,Ameerpet Crossroads,45,31.81,Drizzle
2026-04-14T13:41:11Z,SENS-012,PVNR Expressway Toll,82,14.7,Cloudy
2026-04-14T13:43:05Z,SENS-001,Jubilee Hills Checkpost,28,28.71,Fog
2026-04-14T13:43:52Z,SENS-007,Begumpet Flyover,43,12.5,Heavy Rain
2026-04-14T13:46:51Z,SENS-009,Kukatpally Housing Board,48,32.22,Cloudy
2026-04-14T13:50:58Z,SENS-002,Gachibowli Junction,61,48.2,Light Rain
2026-04-14T13:51:57Z,SENS-011,Mehdipatnam Bus Stand,34,67.61,Clear
2026-04-14T13:59:09Z,SENS-012,PVNR Expressway Toll,77,21.9,Cloudy
2026-04-14T13:59:11Z,SENS-001,Jubilee Hills Checkpost,80,22.22,Clear
2026-04-14T13:59:40Z,SENS-002,Gachibowli Junction,37,62.94,Clear
2026-04-14T14:03:18Z,SENS-011,Mehdipatnam Bus Stand,37,59.84,Clear
2026-04-14T14:12:01Z,SENS-009,Kukatpally Housing Board,32,54.92,Light Rain
2026-04-14T14:13:36Z,SENS-012,PVNR Expressway Toll,57,14.34,Light Rain
2026-04-14T14:21:39Z,SENS-010,Secunderabad Clock Tower,68,29.5,Cloudy
2026-04-14T14:28:23Z,SENS-009,Kukatpally Housing Board,62,17.26,Clear
2026-04-14T14:35:12Z,SENS-003,Ameerpet Crossroads,48,61.94,Clear
2026-04-14T14:40:24Z,SENS-002,Gachibowli Junction,46,32.03,Light Rain
2026-04-14T14:49:23Z,SENS-009,Kukatpally Housing Board,68,22.76,Clear
2026-04-14T14:50:04Z,SENS-002,Gachibowli Junction,84,27.49,Cloudy
2026-04-14T14:54:28Z,SENS-001,Jubilee Hills Checkpost,39,23.52,Heavy Rain
2026-04-14T14:57:17Z,SENS-001,Jubilee Hills Checkpost,75,13.59,Cloudy
2026-04-14T15:01:46Z,SENS-005,Tank Bund Road,68,34.27,Clear
2026-04-14T15:18:34Z,SENS-005,Tank Bund Road,82,49.02,Clear
2026-04-14T15:24:41Z,SENS-004,Madhapur IT Corridor,45,58.97,Clear
2026-04-14T15:24:51Z,SENS-002,Gachibowli Junction,86,47.92,Clear
2026-04-14T15:32:27Z,SENS-004,Madhapur IT Corridor,50,46.38,Light Rain
2026-04-14T15:34:39Z,SENS-004,Madhapur IT Corridor,79,16.22,Light Rain
2026-04-14T15:39:59Z,SENS-008,LB Nagar Crossroads,48,34.49,Fog
2026-04-14T15:41:48Z,SENS-009,Kukatpally Housing Board,42,59.47,Clear
2026-04-14T15:45:00Z,SENS-004,Madhapur IT Corridor,37,32.87,Drizzle
2026-04-14T16:02:24Z,SENS-003,Ameerpet Crossroads,52,13.47,Heavy Rain
2026-04-14T16:09:10Z,SENS-009,Kukatpally Housing Board,54,32.76,Light Rain
2026-04-14T16:10:50Z,SENS-008,LB Nagar Crossroads,49,25.59,Clear
2026-04-14T16:14:27Z,SENS-006,Hitech City Signal,57,56.75,Cloudy
2026-04-14T16:15:03Z,SENS-005,Tank Bund Road,44,32.76,Heavy Rain
2026-04-14T16:25:51Z,SENS-005,Tank Bund Road,45,38.65,Light Rain
2026-04-14T16:30:10Z,SENS-006,Hitech City Signal,86,39.43,Clear
2026-04-14T16:39:38Z,SENS-009,Kukatpally Housing Board,60,23.98,Cloudy
2026-04-14T16:39:52Z,SENS-012,PVNR Expressway Toll,76,14.09,Clear
2026-04-14T16:49:48Z,SENS-003,Ameerpet Crossroads,80,14.39,Clear
2026-04-14T16:51:48Z,SENS-002,Gachibowli Junction,41,14.85,Fog
2026-04-14T16:55:04Z,SENS-007,Begumpet Flyover,35,30.36,Cloudy
2026-04-14T16:58:38Z,SENS-006,Hitech City Signal,40,41.67,Clear
2026-04-14T17:01:16Z,SENS-003,Ameerpet Crossroads,197,18.1,Clear
2026-04-14T17:13:08Z,SENS-007,Begumpet Flyover,122,14.28,Cloudy
2026-04-14T17:15:36Z,SENS-008,LB Nagar Crossroads,79,35.36,Cloudy
2026-04-14T17:16:17Z,SENS-005,Tank Bund Road,179,23.77,Clear
2026-04-14T17:18:30Z,SENS-010,Secunderabad Clock Tower,152,23.86,Clear
2026-04-14T17:19:06Z,SENS-011,Mehdipatnam Bus Stand,153,25.81,Clear
2026-04-14T17:31:51Z,SENS-004,Madhapur IT Corridor,193,7.82,Clear
2026-04-14T17:36:34Z,SENS-009,Kukatpally Housing Board,172,21.45,Cloudy
2026-04-14T17:38:30Z,SENS-003,Ameerpet Crossroads,191,19.4,Cloudy
2026-04-14T17:48:16Z,SENS-002,Gachibowli Junction,117,34.76,Clear
2026-04-14T17:53:14Z,SENS-004,Madhapur IT Corridor,166,18.57,Cloudy
2026-04-14T17:57:38Z,SENS-005,Tank Bund Road,177,7.78,Clear
2026-04-14T17:57:45Z,SENS-012,PVNR Expressway Toll,119,22.9,Clear
2026-04-14T17:57:46Z,SENS-011,Mehdipatnam Bus Stand,154,11.36,Clear
2026-04-14T17:58:02Z,SENS-002,Gachibowli Junction,151,23.62,Clear
2026-04-14T17:58:11Z,SENS-010,Secunderabad Clock Tower,98,14.85,Clear
2026-04-14T18:15:39Z,SENS-008,LB Nagar Crossroads,151,23.42,Clear
2026-04-14T18:23:41Z,SENS-004,Madhapur IT Corridor,121,11.26,Fog
2026-04-14T18:30:08Z,SENS-002,Gachibowli Junction,95,39.95,Cloudy
2026-04-14T18:32:01Z,SENS-005,Tank Bund Road,150,15.94,Cloudy
2026-04-14T18:36:07Z,SENS-012,PVNR Expressway Toll,185,13.37,Cloudy
2026-04-14T18:39:04Z,SENS-008,LB Nagar Crossroads,60,28.52,Heavy Rain
2026-04-14T18:46:23Z,SENS-011,Mehdipatnam Bus Stand,126,25.15,Fog
2026-04-14T18:52:15Z,SENS-004,Madhapur IT Corridor,181,22.44,Cloudy
2026-04-14T18:55:28Z,SENS-005,Tank Bund Road,97,41.28,Clear
2026-04-14T18:56:43Z,SENS-009,Kukatpally Housing Board,164,11.55,Drizzle
2026-04-14T18:58:09Z,SENS-005,Tank Bund Road,92,33.94,Heavy Rain
2026-04-14T19:03:33Z,SENS-002,Gachibowli Junction,93,30.76,Fog
2026-04-14T19:04:23Z,SENS-012,PVNR Expressway Toll,106,11.68,Clear
2026-04-14T19:05:02Z,SENS-011,Mehdipatnam Bus Stand,72,44.53,Light Rain
2026-04-14T19:23:31Z,SENS-008,LB Nagar Crossroads,114,15.88,Cloudy
2026-04-14T19:27:22Z,SENS-001,Jubilee Hills Checkpost,112,21.49,Light Rain
2026-04-14T19:28:50Z,SENS-008,LB Nagar Crossroads,141,9.28,Heavy Rain
2026-04-14T19:34:15Z,SENS-001,Jubilee Hills Checkpost,150,16.39,Cloudy
2026-04-14T19:39:48Z,SENS-001,Jubilee Hills Checkpost,85,18.3,Clear
2026-04-14T19:45:02Z,SENS-001,Jubilee Hills Checkpost,99,24.18,Light Rain
2026-04-14T19:46:06Z,SENS-001,Jubilee Hills Checkpost,164,24.99,Clear
2026-04-14T19:47:13Z,SENS-009,Kukatpally Housing Board,63,16.3,Heavy Rain
2026-04-14T19:51:15Z,SENS-001,Jubilee Hills Checkpost,177,10.33,Drizzle
2026-04-14T19:53:43Z,SENS-006,Hitech City Signal,161,11.21,Cloudy
2026-04-14T19:57:58Z,SENS-006,Hitech City Signal,80,23.27,Cloudy
2026-04-14T20:02:00Z,SENS-011,Mehdipatnam Bus Stand,76,27.89,Clear
2026-04-14T20:02:03Z,SENS-008,LB Nagar Crossroads,75,17.39,Clear
2026-04-14T20:06:50Z,SENS-006,Hitech City Signal,55,24.92,Heavy Rain
2026-04-14T20:18:05Z,SENS-008,LB Nagar Crossroads,48,47.84,Drizzle
2026-04-14T20:21:59Z,SENS-009,Kukatpally Housing Board,45,18.2,Fog
2026-04-14T20:22:19Z,SENS-001,Jubilee Hills Checkpost,70,28.98,Clear
2026-04-14T20:24:58Z,SENS-004,Madhapur IT Corridor,49,45.28,Clear
2026-04-14T20:33:46Z,SENS-009,Kukatpally Housing Board,39,53.56,Drizzle
2026-04-14T20:46:15Z,SENS-010,Secunderabad Clock Tower,46,47.81,Cloudy
2026-04-14T20:51:43Z,SENS-004,Madhapur IT Corridor,69,13.94,Fog
2026-04-14T20:52:51Z,SENS-002,Gachibowli Junction,67,51.15,Drizzle
2026-04-14T20:55:15Z,SENS-002,Gachibowli Junction,64,54.13,Cloudy
2026-04-14T20:56:11Z,SENS-004,Madhapur IT Corridor,38,16.14,Light Rain
2026-04-14T20:56:36Z,SENS-003,Ameerpet Crossroads,38,51.13,Light Rain
2026-04-14T21:03:46Z,SENS-001,Jubilee Hills Checkpost,70,33.81,Cloudy
2026-04-14T21:07:17Z,SENS-001,Jubilee Hills Checkpost,69,24.73,Cloudy
2026-04-14T21:11:28Z,SENS-006,Hitech City Signal,49,59.1,Clear
2026-04-14T21:21:05Z,SENS-007,Begumpet Flyover,57,18.5,Cloudy
2026-04-14T21:25:22Z,SENS-008,LB Nagar Crossroads,78,12.19,Drizzle
2026-04-14T21:26:54Z,SENS-012,PVNR Expressway Toll,81,28.44,Cloudy
2026-04-14T21:28:43Z,SENS-009,Kukatpally Housing Board,81,28.29,Cloudy
2026-04-14T21:30:38Z,SENS-002,Gachibowli Junction,59,27.06,Light Rain
2026-04-14T21:35:37Z,SENS-012,PVNR Expressway Toll,70,28.58,Fog
2026-04-14T21:35:43Z,SENS-002,Gachibowli Junction,59,36.24,Clear
2026-04-14T21:43:00Z,SENS-009,Kukatpally Housing Board,39,46.77,Clear
2026-04-14T21:43:19Z,SENS-007,Begumpet Flyover,87,45.92,Clear
2026-04-14T21:45:23Z,SENS-003,Ameerpet Crossroads,59,16.25,Heavy Rain
2026-04-14T21:52:21Z,SENS-008,LB Nagar Crossroads,58,17.39,Light Rain
2026-04-14T22:01:35Z,SENS-003,Ameerpet Crossroads,9,48.94,Heavy Rain
2026-04-14T22:16:21Z,SENS-003,Ameerpet Crossroads,18,22.99,Clear
2026-04-14T22:23:32Z,SENS-001,Jubilee Hills Checkpost,14,50.56,Clear
2026-04-14T22:23:46Z,SENS-004,Madhapur IT Corridor,20,59.98,Light Rain
2026-04-14T22:32:43Z,SENS-005,Tank Bund Road,39,24.07,Clear
2026-04-14T22:34:19Z,SENS-006,Hitech City Signal,18,48.32,Light Rain
2026-04-14T22:43:06Z,SENS-001,Jubilee Hills Checkpost,13,65.88,Drizzle
2026-04-14T22:43:16Z,SENS-002,Gachibowli Junction,11,68.08,Clear
2026-04-14T22:45:42Z,SENS-006,Hitech City Signal,25,63.62,Cloudy
2026-04-14T22:45:50Z,SENS-010,Secunderabad Clock Tower,21,29.34,Cloudy
2026-04-14T22:47:35Z,SENS-001,Jubilee Hills Checkpost,13,24.96,Cloudy
2026-04-14T22:50:59Z,SENS-003,Ameerpet Crossroads,8,29.46,Fog
2026-04-14T22:51:54Z,SENS-007,Begumpet Flyover,28,20.83,Cloudy
2026-04-14T22:54:17Z,SENS-006,Hitech City Signal,24,32.26,Heavy Rain
2026-04-14T22:57:41Z,SENS-003,Ameerpet Crossroads,4,55.04,Heavy Rain
2026-04-14T23:03:23Z,SENS-008,LB Nagar Crossroads,36,25.66,Cloudy
2026-04-14T23:04:54Z,SENS-007,Begumpet Flyover,28,38.75,Light Rain
2026-04-14T23:08:05Z,SENS-009,Kukatpally Housing Board,23,18.86,Clear
2026-04-14T23:08:36Z,SENS-003,Ameerpet Crossroads,11,71.97,Clear
2026-04-14T23:13:12Z,SENS-012,PVNR Expressway Toll,18,68.3,Clear
2026-04-14T23:22:13Z,SENS-007,Begumpet Flyover,17,28.11,Light Rain
2026-04-14T23:25:42Z,SENS-007,Begumpet Flyover,15,41.49,Fog
2026-04-14T23:28:32Z,SENS-009,Kukatpally Housing Board,13,48.93,Clear
2026-04-14T23:32:00Z,SENS-009,Kukatpally Housing Board,15,20.59,Light Rain
2026-04-14T23:35:05Z,SENS-004,Madhapur IT Corridor,19,42.12,Cloudy
2026-04-14T23:48:06Z,SENS-008,LB Nagar Crossroads,8,29.46,Cloudy
2026-04-14T23:48:39Z,SENS-009,Kukatpally Housing Board,12,41.84,Clear
2026-04-15T00:03:56Z,SENS-012,PVNR Expressway Toll,28,46.4,Drizzle
2026-04-15T00:09:16Z,SENS-010,Secunderabad Clock Tower,9,27.19,Drizzle
2026-04-15T00:09:30Z,SENS-008,LB Nagar Crossroads,16,29.45,Cloudy
2026-04-15T00:24:48Z,SENS-012,PVNR Expressway Toll,4,37.67,Cloudy
2026-04-15T00:29:05Z,SENS-006,Hitech City Signal,8,52.26,Clear
2026-04-15T00:29:52Z,SENS-007,Begumpet Flyover,14,26.76,Drizzle
2026-04-15T00:38:45Z,SENS-003,Ameerpet Crossroads,4,41.12,Cloudy
2026-04-15T00:40:12Z,SENS-006,Hitech City Signal,6,45.87,Drizzle
2026-04-15T00:44:00Z,SENS-004,Madhapur IT Corridor,28,42.86,Drizzle
2026-04-15T00:51:38Z,SENS-009,Kukatpally Housing Board,36,54.06,Clear
2026-04-15T00:51:57Z,SENS-011,Mehdipatnam Bus Stand,28,25.62,Cloudy
2026-04-15T01:06:40Z,SENS-012,PVNR Expressway Toll,33,54.26,Clear
2026-04-15T01:14:59Z,SENS-011,Mehdipatnam Bus Stand,39,64.33,Clear
2026-04-15T01:16:32Z,SENS-001,Jubilee Hills Checkpost,11,38.02,Clear
2026-04-15T01:19:40Z,SENS-010,Secunderabad Clock Tower,19,55.95,Cloudy
2026-04-15T01:23:25Z,SENS-003,Ameerpet Crossroads,7,23.35,Light Rain
2026-04-15T01:23:37Z,SENS-003,Ameerpet Crossroads,31,60.7,Clear
2026-04-15T01:27:18Z,SENS-006,Hitech City Signal,30,60.87,Clear
2026-04-15T01:35:36Z,SENS-011,Mehdipatnam Bus Stand,27,38.35,Light Rain
2026-04-15T01:38:24Z,SENS-007,Begumpet Flyover,30,25.59,Clear
2026-04-15T01:43:33Z,SENS-012,PVNR Expressway Toll,13,37.97,Cloudy
2026-04-15T01:44:26Z,SENS-003,Ameerpet Crossroads,22,35.84,Heavy Rain
2026-04-15T01:52:00Z,SENS-009,Kukatpally Housing Board,36,28.37,Clear
2026-04-15T01:52:13Z,SENS-004,Madhapur IT Corridor,28,39.34,Clear
2026-04-15T01:53:57Z,SENS-012,PVNR Expressway Toll,19,21.16,Cloudy
2026-04-15T02:08:33Z,SENS-006,Hitech City Signal,29,36.8,Light Rain
2026-04-15T02:09:21Z,SENS-012,PVNR Expressway Toll,6,22.7,Clear
2026-04-15T02:17:21Z,SENS-009,Kukatpally Housing Board,18,50.98,Cloudy
2026-04-15T02:30:40Z,SENS-003,Ameerpet Crossroads,12,29.28,Heavy Rain
2026-04-15T02:35:22Z,SENS-005,Tank Bund Road,25,55.44,Light Rain
2026-04-15T02:37:08Z,SENS-008,LB Nagar Crossroads,27,23.29,Clear
2026-04-15T02:44:21Z,SENS-010,Secunderabad Clock Tower,19,24.98,Clear
2026-04-15T02:49:24Z,SENS-005,Tank Bund Road,30,44.18,Fog
2026-04-15T02:49:40Z,SENS-005,Tank Bund Road,37,49.49,Clear
2026-04-15T02:53:50Z,SENS-007,Begumpet Flyover,9,21.97,Light Rain
2026-04-15T02:59:08Z,SENS-006,Hitech City Signal,13,19.79,Cloudy
2026-04-15T03:07:12Z,SENS-011,Mehdipatnam Bus Stand,10,41.68,Drizzle
2026-04-15T03:08:28Z,SENS-001,Jubilee Hills Checkpost,19,43.56,Heavy Rain
2026-04-15T03:27:12Z,SENS-009,Kukatpally Housing Board,23,70.68,Clear
2026-04-15T03:33:09Z,SENS-003,Ameerpet Crossroads,17,51.15,Clear
2026-04-15T03:39:03Z,SENS-001,Jubilee Hills Checkpost,18,29.43,Fog
2026-04-15T03:44:38Z,SENS-001,Jubilee Hills Checkpost,13,38.1,Clear
2026-04-15T03:44:57Z,SENS-007,Begumpet Flyover,25,35.68,Clear
2026-04-15T03:46:31Z,SENS-005,Tank Bund Road,11,29.33,Fog
2026-04-15T03:48:32Z,SENS-009,Kukatpally Housing Board,26,28.37,Cloudy
2026-04-15T03:52:34Z,SENS-003,Ameerpet Crossroads,27,50.06,Drizzle
2026-04-15T03:57:29Z,SENS-012,PVNR Expressway Toll,33,51.41,Clear
2026-04-15T03:57:45Z,SENS-010,Secunderabad Clock Tower,36,39.21,Clear
2026-04-15T03:57:51Z,SENS-006,Hitech City Signal,9,53.68,Cloudy
2026-04-15T04:00:02Z,SENS-002,Gachibowli Junction,28,21.16,Clear
2026-04-15T04:04:36Z,SENS-004,Madhapur IT Corridor,24,37.69,Heavy Rain
2026-04-15T04:08:40Z,SENS-004,Madhapur IT Corridor,10,65.64,Clear
2026-04-15T04:20:37Z,SENS-010,Secunderabad Clock Tower,18,64.59,Clear
2026-04-15T04:24:35Z,SENS-003,Ameerpet Crossroads,22,52.3,Clear
2026-04-15T04:25:59Z,SENS-007,Begumpet Flyover,21,34.74,Clear
2026-04-15T04:31:18Z,SENS-011,Mehdipatnam Bus Stand,39,17.66,Clear
2026-04-15T04:31:30Z,SENS-004,Madhapur IT Corridor,23,68.16,Clear
2026-04-15T04:31:50Z,SENS-007,Begumpet Flyover,24,20.74,Clear
2026-04-15T04:33:24Z,SENS-006,Hitech City Signal,24,64.53,Clear
2026-04-15T04:34:38Z,SENS-001,Jubilee Hills Checkpost,14,70.01,Clear
2026-04-15T04:36:42Z,SENS-007,Begumpet Flyover,23,50.97,Light Rain
2026-04-15T04:40:59Z,SENS-002,Gachibowli Junction,37,32.37,Clear
2026-04-15T04:43:57Z,SENS-001,Jubilee Hills Checkpost,19,44.08,Cloudy
2026-04-15T04:57:40Z,SENS-003,Ameerpet Crossroads,20,48.98,Cloudy
2026-04-15T04:59:10Z,SENS-009,Kukatpally Housing Board,30,42.85,Cloudy
2026-04-15T04:59:57Z,SENS-012,PVNR Expressway Toll,32,18.58,Clear
2026-04-15T05:03:10Z,SENS-012,PVNR Expressway Toll,83,22.14,Clear
2026-04-15T05:05:44Z,SENS-008,LB Nagar Crossroads,36,26.54,Clear
2026-04-15T05:10:19Z,SENS-006,Hitech City Signal,38,26.08,Clear
2026-04-15T05:12:54Z,SENS-010,Secunderabad Clock Tower,48,52.26,Cloudy
2026-04-15T05:14:49Z,SENS-008,LB Nagar Crossroads,38,25.88,Cloudy
2026-04-15T05:23:05Z,SENS-004,Madhapur IT Corridor,81,16.92,Clear
2026-04-15T05:25:09Z,SENS-002,Gachibowli Junction,64,32.54,Clear
2026-04-15T05:29:21Z,SENS-001,Jubilee Hills Checkpost,69,55.74,Clear
2026-04-15T05:36:29Z,SENS-004,Madhapur IT Corridor,40,43.35,Fog
2026-04-15T05:44:00Z,SENS-009,Kukatpally Housing Board,35,29.0,Heavy Rain
2026-04-15T05:44:23Z,SENS-008,LB Nagar Crossroads,77,38.3,Cloudy
2026-04-15T05:47:04Z,SENS-007,Begumpet Flyover,30,39.7,Light Rain
2026-04-15T05:49:09Z,SENS-008,LB Nagar Crossroads,82,17.88,Clear
2026-04-15T05:53:55Z,SENS-002,Gachibowli Junction,46,19.59,Cloudy
2026-04-15T05:53:55Z,SENS-007,Begumpet Flyover,59,49.96,Cloudy
2026-04-15T05:59:45Z,SENS-001,Jubilee Hills Checkpost,36,55.52,Cloudy
2026-04-15T06:05:57Z,SENS-006,Hitech City Signal,80,43.15,Light Rain
2026-04-15T06:12:31Z,SENS-006,Hitech City Signal,73,22.6,Clear
2026-04-15T06:12:48Z,SENS-001,Jubilee Hills Checkpost,73,53.38,Cloudy
2026-04-15T06:21:46Z,SENS-010,Secunderabad Clock Tower,65,38.45,Light Rain
2026-04-15T06:22:01Z,SENS-006,Hitech City Signal,58,16.86,Light Rain
2026-04-15T06:26:06Z,SENS-006,Hitech City Signal,49,60.57,Clear
2026-04-15T06:28:01Z,SENS-008,LB Nagar Crossroads,68,24.33,Clear
2026-04-15T06:29:16Z,SENS-012,PVNR Expressway Toll,37,53.49,Light Rain
2026-04-15T06:31:06Z,SENS-011,Mehdipatnam Bus Stand,77,40.06,Clear
2026-04-15T06:33:22Z,SENS-001,Jubilee Hills Checkpost,67,16.58,Drizzle
2026-04-15T06:40:40Z,SENS-007,Begumpet Flyover,70,34.25,Clear
2026-04-15T06:45:20Z,SENS-012,PVNR Expressway Toll,36,16.07,Light Rain
2026-04-15T06:48:44Z,SENS-004,Madhapur IT Corridor,36,38.09,Cloudy
2026-04-15T06:49:11Z,SENS-001,Jubilee Hills Checkpost,52,21.36,Cloudy
2026-04-15T06:49:59Z,SENS-003,Ameerpet Crossroads,36,39.85,Drizzle
2026-04-15T07:01:06Z,SENS-004,Madhapur IT Corridor,42,44.31,Clear
2026-04-15T07:02:47Z,SENS-006,Hitech City Signal,56,52.13,Clear
2026-04-15T07:04:46Z,SENS-009,Kukatpally Housing Board,54,41.02,Clear
2026-04-15T07:09:31Z,SENS-012,PVNR Expressway Toll,43,40.87,Cloudy
2026-04-15T07:15:51Z,SENS-005,Tank Bund Road,47,30.34,Cloudy
2026-04-15T07:24:36Z,SENS-005,Tank Bund Road,37,22.33,Light Rain
2026-04-15T07:25:10Z,SENS-007,Begumpet Flyover,24,21.5,Fog
2026-04-15T07:45:01Z,SENS-003,Ameerpet Crossroads,60,54.6,Cloudy
2026-04-15T07:47:07Z,SENS-001,Jubilee Hills Checkpost,89,32.32,Clear
2026-04-15T07:51:46Z,SENS-002,Gachibowli Junction,46,42.04,Light Rain
2026-04-15T07:56:46Z,SENS-008,LB Nagar Crossroads,46,30.03,Cloudy
2026-04-15T08:03:08Z,SENS-004,Madhapur IT Corridor,77,45.13,Cloudy
2026-04-15T08:10:47Z,SENS-007,Begumpet Flyover,115,17.68,Clear
2026-04-15T08:14:15Z,SENS-002,Gachibowli Junction,127,19.84,Clear
2026-04-15T08:18:51Z,SENS-010,Secunderabad Clock Tower,115,26.78,Drizzle
2026-04-15T08:22:57Z,SENS-007,Begumpet Flyover,71,32.67,Heavy Rain
2026-04-15T08:23:09Z,SENS-003,Ameerpet Crossroads,165,14.39,Clear
2026-04-15T08:27:49Z,SENS-009,Kukatpally Housing Board,157,11.26,Fog
2026-04-15T08:29:31Z,SENS-001,Jubilee Hills Checkpost,180,9.49,Clear
2026-04-15T08:36:18Z,SENS-003,Ameerpet Crossroads,153,9.13,Clear
2026-04-15T08:38:59Z,SENS-012,PVNR Expressway Toll,187,11.93,Clear
2026-04-15T08:40:04Z,SENS-002,Gachibowli Junction,158,17.34,Clear
2026-04-15T08:40:16Z,SENS-012,PVNR Expressway Toll,167,17.65,Cloudy
2026-04-15T08:41:50Z,SENS-010,Secunderabad Clock Tower,129,25.94,Cloudy
2026-04-15T08:46:37Z,SENS-005,Tank Bund Road,147,29.06,Clear
2026-04-15T09:03:14Z,SENS-012,PVNR Expressway Toll,140,26.14,Clear
2026-04-15T09:07:10Z,SENS-011,Mehdipatnam Bus Stand,165,7.52,Clear
2026-04-15T09:14:26Z,SENS-011,Mehdipatnam Bus Stand,160,7.38,Cloudy
2026-04-15T09:16:45Z,SENS-012,PVNR Expressway Toll,140,27.53,Clear
2026-04-15T09:23:04Z,SENS-012,PVNR Expressway Toll,145,22.73,Clear
2026-04-15T09:30:35Z,SENS-003,Ameerpet Crossroads,148,12.58,Light Rain
2026-04-15T09:30:36Z,SENS-007,Begumpet Flyover,117,25.02,Clear
2026-04-15T09:32:31Z,SENS-009,Kukatpally Housing Board,160,10.44,Cloudy
2026-04-15T09:33:47Z,SENS-003,Ameerpet Crossroads,133,31.36,Cloudy
2026-04-15T09:33:59Z,SENS-011,Mehdipatnam Bus Stand,136,27.59,Clear
2026-04-15T09:49:25Z,SENS-005,Tank Bund Road,102,16.76,Heavy Rain
2026-04-15T09:50:35Z,SENS-011,Mehdipatnam Bus Stand,86,32.21,Cloudy
2026-04-15T09:53:02Z,SENS-010,Secunderabad Clock Tower,176,15.74,Cloudy
2026-04-15T10:02:41Z,SENS-006,Hitech City Signal,87,20.11,Clear
2026-04-15T10:03:35Z,SENS-001,Jubilee Hills Checkpost,90,20.5,Clear
2026-04-15T10:04:59Z,SENS-007,Begumpet Flyover,122,20.9,Cloudy
2026-04-15T10:07:44Z,SENS-006,Hitech City Signal,80,25.66,Clear
2026-04-15T10:07:53Z,SENS-007,Begumpet Flyover,87,14.67,Cloudy
2026-04-15T10:09:00Z,SENS-004,Madhapur IT Corridor,174,10.07,Clear
2026-04-15T10:20:04Z,SENS-002,Gachibowli Junction,180,10.21,Cloudy
2026-04-15T10:21:20Z,SENS-012,PVNR Expressway Toll,161,10.39,Cloudy
2026-04-15T10:26:37Z,SENS-003,Ameerpet Crossroads,72,20.72,Heavy Rain
2026-04-15T10:28:35Z,SENS-002,Gachibowli Junction,103,29.81,Cloudy
2026-04-15T10:32:16Z,SENS-012,PVNR Expressway Toll,79,37.71,Cloudy
2026-04-15T10:36:47Z,SENS-002,Gachibowli Junction,117,24.48,Clear
2026-04-15T10:45:32Z,SENS-002,Gachibowli Junction,164,13.34,Light Rain
2026-04-15T10:50:42Z,SENS-002,Gachibowli Junction,86,26.73,Cloudy
2026-04-15T10:52:32Z,SENS-011,Mehdipatnam Bus Stand,84,19.77,Fog
2026-04-15T10:53:31Z,SENS-011,Mehdipatnam Bus Stand,161,25.87,Cloudy
2026-04-15T10:59:27Z,SENS-006,Hitech City Signal,163,13.99,Clear
2026-04-15T11:04:22Z,SENS-007,Begumpet Flyover,64,37.87,Light Rain
2026-04-15T11:14:22Z,SENS-003,Ameerpet Crossroads,53,60.25,Clear
2026-04-15T11:24:05Z,SENS-002,Gachibowli Junction,61,42.1,Drizzle
2026-04-15T11:28:22Z,SENS-005,Tank Bund Road,34,42.07,Clear
2026-04-15T11:28:51Z,SENS-003,Ameerpet Crossroads,49,23.17,Light Rain
2026-04-15T11:29:03Z,SENS-003,Ameerpet Crossroads,62,18.1,Cloudy
2026-04-15T11:38:17Z,SENS-010,Secunderabad Clock Tower,45,38.54,Light Rain
2026-04-15T11:47:39Z,SENS-012,PVNR Expressway Toll,38,57.24,Clear
2026-04-15T11:49:03Z,SENS-001,Jubilee Hills Checkpost,46,33.63,Clear
2026-04-15T11:50:06Z,SENS-010,Secunderabad Clock Tower,28,17.8,Light Rain
2026-04-15T11:54:14Z,SENS-001,Jubilee Hills Checkpost,79,30.99,Drizzle
2026-04-15T11:57:06Z,SENS-012,PVNR Expressway Toll,74,31.98,Clear
2026-04-15T12:02:46Z,SENS-005,Tank Bund Road,43,42.35,Clear
2026-04-15T12:04:20Z,SENS-004,Madhapur IT Corridor,39,58.68,Clear
2026-04-15T12:09:52Z,SENS-002,Gachibowli Junction,51,25.64,Light Rain
2026-04-15T12:12:54Z,SENS-002,Gachibowli Junction,71,17.25,Clear
2026-04-15T12:29:46Z,SENS-012,PVNR Expressway Toll,39,31.66,Cloudy
2026-04-15T12:33:24Z,SENS-010,Secunderabad Clock Tower,74,30.64,Light Rain
2026-04-15T12:44:09Z,SENS-002,Gachibowli Junction,58,45.57,Drizzle
2026-04-15T12:44:36Z,SENS-007,Begumpet Flyover,69,35.13,Drizzle
2026-04-15T12:48:29Z,SENS-008,LB Nagar Crossroads,80,32.67,Clear
2026-04-15T12:52:15Z,SENS-005,Tank Bund Road,66,38.12,Clear
2026-04-15T13:04:09Z,SENS-005,Tank Bund Road,80,37.21,Clear
2026-04-15T13:06:00Z,SENS-010,Secunderabad Clock Tower,42,18.96,Clear
2026-04-15T13:08:57Z,SENS-002,Gachibowli Junction,61,35.03,Cloudy
2026-04-15T13:18:51Z,SENS-010,Secunderabad Clock Tower,45,16.89,Drizzle
2026-04-15T13:19:36Z,SENS-012,PVNR Expressway Toll,54,27.12,Cloudy
2026-04-15T13:26:23Z,SENS-011,Mehdipatnam Bus Stand,48,60.42,Clear
2026-04-15T13:28:26Z,SENS-012,PVNR Expressway Toll,38,64.39,Clear
2026-04-15T13:40:21Z,SENS-004,Madhapur IT Corridor,43,35.05,Clear
2026-04-15T13:43:57Z,SENS-011,Mehdipatnam Bus Stand,22,12.84,Heavy Rain
2026-04-15T13:47:02Z,SENS-007,Begumpet Flyover,59,17.49,Light Rain
2026-04-15T13:50:19Z,SENS-010,Secunderabad Clock Tower,80,21.34,Light Rain
2026-04-15T13:55:10Z,SENS-007,Begumpet Flyover,51,38.36,Cloudy
2026-04-15T13:58:42Z,SENS-007,Begumpet Flyover,60,39.08,Light Rain
2026-04-15T13:59:51Z,SENS-007,Begumpet Flyover,37,14.95,Fog
2026-04-15T14:05:20Z,SENS-004,Madhapur IT Corridor,45,34.22,Heavy Rain
2026-04-15T14:05:59Z,SENS-011,Mehdipatnam Bus Stand,35,24.12,Light Rain
2026-04-15T14:07:48Z,SENS-009,Kukatpally Housing Board,79,16.51,Clear
2026-04-15T14:11:54Z,SENS-005,Tank Bund Road,43,30.74,Light Rain
2026-04-15T14:22:13Z,SENS-004,Madhapur IT Corridor,60,39.35,Heavy Rain
2026-04-15T14:24:50Z,SENS-003,Ameerpet Crossroads,64,24.79,Cloudy
2026-04-15T14:52:42Z,SENS-011,Mehdipatnam Bus Stand,65,15.58,Fog
2026-04-15T14:54:13Z,SENS-008,LB Nagar Crossroads,39,30.29,Heavy Rain
2026-04-15T14:58:10Z,SENS-007,Begumpet Flyover,69,43.45,Cloudy
2026-04-15T14:58:12Z,SENS-005,Tank Bund Road,49,59.27,Cloudy
2026-04-15T15:00:56Z,SENS-011,Mehdipatnam Bus Stand,66,42.78,Cloudy
2026-04-15T15:05:24Z,SENS-010,Secunderabad Clock Tower,64,35.71,Clear
2026-04-15T15:18:22Z,SENS-003,Ameerpet Crossroads,36,22.37,Light Rain
2026-04-15T15:25:04Z,SENS-011,Mehdipatnam Bus Stand,79,16.85,Clear
2026-04-15T15:27:19Z,SENS-010,Secunderabad Clock Tower,64,49.18,Cloudy
2026-04-15T15:32:28Z,SENS-006,Hitech City Signal,76,22.52,Clear
2026-04-15T15:41:36Z,SENS-012,PVNR Expressway Toll,86,13.88,Clear
2026-04-15T15:49:59Z,SENS-011,Mehdipatnam Bus Stand,32,51.14,Light Rain
2026-04-15T15:51:20Z,SENS-008,LB Nagar Crossroads,78,18.57,Clear
2026-04-15T15:52:21Z,SENS-012,PVNR Expressway Toll,75,54.92,Clear
2026-04-15T16:04:06Z,SENS-001,Jubilee Hills Checkpost,27,49.52,Light Rain
2026-04-15T16:05:28Z,SENS-008,LB Nagar Crossroads,76,40.63,Cloudy
2026-04-15T16:06:25Z,SENS-004,Madhapur IT Corridor,60,57.32,Cloudy
2026-04-15T16:10:39Z,SENS-012,PVNR Expressway Toll,64,21.33,Clear
2026-04-15T16:14:31Z,SENS-004,Madhapur IT Corridor,66,46.07,Clear
2026-04-15T16:19:48Z,SENS-005,Tank Bund Road,57,28.95,Drizzle
2026-04-15T16:43:43Z,SENS-004,Madhapur IT Corridor,53,13.9,Light Rain
2026-04-15T16:54:22Z,SENS-011,Mehdipatnam Bus Stand,30,61.94,Clear
2026-04-15T16:56:26Z,SENS-001,Jubilee Hills Checkpost,30,54.01,Light Rain
2026-04-15T17:05:16Z,SENS-004,Madhapur IT Corridor,144,13.03,Fog
2026-04-15T17:08:42Z,SENS-007,Begumpet Flyover,94,23.97,Fog
2026-04-15T17:15:45Z,SENS-008,LB Nagar Crossroads,89,31.94,Light Rain
2026-04-15T17:18:03Z,SENS-007,Begumpet Flyover,158,14.29,Cloudy
2026-04-15T17:19:56Z,SENS-001,Jubilee Hills Checkpost,130,30.66,Cloudy
2026-04-15T17:21:42Z,SENS-010,Secunderabad Clock Tower,124,22.47,Clear
2026-04-15T17:22:22Z,SENS-006,Hitech City Signal,125,24.81,Light Rain
2026-04-15T17:23:05Z,SENS-001,Jubilee Hills Checkpost,136,6.87,Fog
2026-04-15T17:30:30Z,SENS-005,Tank Bund Road,167,23.16,Clear
2026-04-15T17:32:39Z,SENS-003,Ameerpet Crossroads,81,33.22,Heavy Rain
2026-04-15T17:36:39Z,SENS-010,Secunderabad Clock Tower,174,8.85,Cloudy
2026-04-15T17:39:25Z,SENS-012,PVNR Expressway Toll,99,17.0,Light Rain
2026-04-15T17:39:57Z,SENS-005,Tank Bund Road,72,25.62,Fog
2026-04-15T17:49:10Z,SENS-008,LB Nagar Crossroads,116,40.01,Clear
2026-04-15T17:52:40Z,SENS-008,LB Nagar Crossroads,93,23.68,Heavy Rain
2026-04-15T17:57:40Z,SENS-005,Tank Bund Road,143,14.92,Cloudy
2026-04-15T18:05:29Z,SENS-002,Gachibowli Junction,162,18.06,Clear
2026-04-15T18:08:09Z,SENS-004,Madhapur IT Corridor,178,11.79,Clear
2026-04-15T18:08:45Z,SENS-012,PVNR Expressway Toll,193,10.39,Clear
2026-04-15T18:09:53Z,SENS-008,LB Nagar Crossroads,136,9.33,Clear
2026-04-15T18:12:50Z,SENS-011,Mehdipatnam Bus Stand,143,23.02,Light Rain
2026-04-15T18:13:52Z,SENS-003,Ameerpet Crossroads,189,7.46,Clear
2026-04-15T18:16:52Z,SENS-008,LB Nagar Crossroads,66,29.36,Fog
2026-04-15T18:21:18Z,SENS-005,Tank Bund Road,165,7.88,Cloudy
2026-04-15T18:28:55Z,SENS-012,PVNR Expressway Toll,160,9.25,Light Rain
2026-04-15T18:33:54Z,SENS-002,Gachibowli Junction,88,13.66,Light Rain
2026-04-15T18:36:28Z,SENS-011,Mehdipatnam Bus Stand,131,17.51,Clear
2026-04-15T18:38:19Z,SENS-002,Gachibowli Junction,102,36.93,Cloudy
2026-04-15T18:41:03Z,SENS-007,Begumpet Flyover,117,18.66,Clear
2026-04-15T18:41:43Z,SENS-002,Gachibowli Junction,177,11.41,Cloudy
2026-04-15T18:48:38Z,SENS-002,Gachibowli Junction,153,14.67,Clear
2026-04-15T18:52:48Z,SENS-010,Secunderabad Clock Tower,84,39.41,Cloudy
2026-04-15T18:54:01Z,SENS-008,LB Nagar Crossroads,146,8.13,Light Rain
2026-04-15T19:01:00Z,SENS-002,Gachibowli Junction,125,16.3,Cloudy
2026-04-15T19:07:07Z,SENS-004,Madhapur IT Corridor,79,35.86,Heavy Rain
2026-04-15T19:14:35Z,SENS-001,Jubilee Hills Checkpost,121,36.09,Clear
2026-04-15T19:24:11Z,SENS-009,Kukatpally Housing Board,120,39.67,Clear
2026-04-15T19:29:23Z,SENS-007,Begumpet Flyover,177,13.74,Cloudy
2026-04-15T19:29:48Z,SENS-010,Secunderabad Clock Tower,135,23.65,Drizzle
2026-04-15T19:30:23Z,SENS-005,Tank Bund Road,120,19.45,Cloudy
2026-04-15T19:31:42Z,SENS-003,Ameerpet Crossroads,121,21.06,Light Rain
2026-04-15T19:33:50Z,SENS-009,Kukatpally Housing Board,160,8.6,Light Rain
2026-04-15T19:34:23Z,SENS-012,PVNR Expressway Toll,83,30.07,Drizzle
2026-04-15T19:37:05Z,SENS-010,Secunderabad Clock Tower,129,21.14,Cloudy
2026-04-15T19:41:45Z,SENS-006,Hitech City Signal,77,40.38,Cloudy
2026-04-15T19:50:48Z,SENS-010,Secunderabad Clock Tower,184,7.01,Clear
2026-04-15T19:52:56Z,SENS-010,Secunderabad Clock Tower,147,16.96,Cloudy
2026-04-15T19:53:45Z,SENS-007,Begumpet Flyover,68,22.26,Heavy Rain
2026-04-15T20:00:10Z,SENS-002,Gachibowli Junction,61,55.19,Clear
2026-04-15T20:05:12Z,SENS-011,Mehdipatnam Bus Stand,72,23.24,Light Rain
2026-04-15T20:15:07Z,SENS-005,Tank Bund Road,63,18.2,Light Rain
2026-04-15T20:18:06Z,SENS-003,Ameerpet Crossroads,80,37.9,Light Rain
2026-04-15T20:20:14Z,SENS-010,Secunderabad Clock Tower,45,17.57,Light Rain
2026-04-15T20:21:05Z,SENS-011,Mehdipatnam Bus Stand,36,28.02,Light Rain
2026-04-15T20:24:41Z,SENS-006,Hitech City Signal,64,23.95,Fog
2026-04-15T20:27:29Z,SENS-007,Begumpet Flyover,37,43.99,Fog
2026-04-15T20:29:49Z,SENS-009,Kukatpally Housing Board,49,20.42,Light Rain
2026-04-15T20:32:59Z,SENS-002,Gachibowli Junction,42,51.13,Light Rain
2026-04-15T20:33:39Z,SENS-010,Secunderabad Clock Tower,37,41.8,Drizzle
2026-04-15T20:47:50Z,SENS-011,Mehdipatnam Bus Stand,34,61.44,Clear
2026-04-15T20:47:54Z,SENS-003,Ameerpet Crossroads,84,26.58,Clear
2026-04-15T20:53:23Z,SENS-007,Begumpet Flyover,67,20.83,Fog
2026-04-15T20:58:44Z,SENS-006,Hitech City Signal,59,28.74,Cloudy
2026-04-15T21:02:52Z,SENS-009,Kukatpally Housing Board,65,25.49,Clear
2026-04-15T21:10:28Z,SENS-011,Mehdipatnam Bus Stand,55,38.48,Clear
2026-04-15T21:12:27Z,SENS-007,Begumpet Flyover,31,69.84,Clear
2026-04-15T21:12:48Z,SENS-010,Secunderabad Clock Tower,30,50.64,Light Rain
2026-04-15T21:13:52Z,SENS-007,Begumpet Flyover,62,24.22,Clear
2026-04-15T21:15:13Z,SENS-007,Begumpet Flyover,37,60.94,Clear
2026-04-15T21:16:05Z,SENS-008,LB Nagar Crossroads,30,30.49,Clear
2026-04-15T21:17:31Z,SENS-008,LB Nagar Crossroads,80,44.01,Clear
2026-04-15T21:19:24Z,SENS-006,Hitech City Signal,49,37.09,Cloudy
2026-04-15T21:27:26Z,SENS-010,Secunderabad Clock Tower,31,20.03,Clear
2026-04-15T21:29:04Z,SENS-006,Hitech City Signal,61,30.25,Drizzle
2026-04-15T21:30:10Z,SENS-002,Gachibowli Junction,41,57.13,Cloudy
2026-04-15T21:36:48Z,SENS-002,Gachibowli Junction,86,25.89,Clear
2026-04-15T21:40:25Z,SENS-003,Ameerpet Crossroads,65,42.96,Cloudy
2026-04-15T21:44:28Z,SENS-004,Madhapur IT Corridor,65,15.52,Light Rain
2026-04-15T21:44:50Z,SENS-011,Mehdipatnam Bus Stand,82,18.95,Clear
2026-04-15T21:55:02Z,SENS-010,Secunderabad Clock Tower,30,48.48,Cloudy
2026-04-15T21:57:34Z,SENS-001,Jubilee Hills Checkpost,54,18.18,Clear
2026-04-15T21:59:40Z,SENS-006,Hitech City Signal,79,33.26,Light Rain
2026-04-15T22:02:55Z,SENS-001,Jubilee Hills Checkpost,23,39.67,Cloudy
2026-04-15T22:03:30Z,SENS-001,Jubilee Hills Checkpost,8,48.66,Heavy Rain
2026-04-15T22:07:37Z,SENS-001,Jubilee Hills Checkpost,12,72.05,Cloudy
2026-04-15T22:07:54Z,SENS-010,Secunderabad Clock Tower,6,56.14,Drizzle
2026-04-15T22:10:30Z,SENS-003,Ameerpet Crossroads,37,45.84,Cloudy
2026-04-15T22:10:48Z,SENS-008,LB Nagar Crossroads,5,45.78,Clear
2026-04-15T22:13:53Z,SENS-008,LB Nagar Crossroads,7,28.7,Clear
2026-04-15T22:14:30Z,SENS-011,Mehdipatnam Bus Stand,9,23.37,Clear
2026-04-15T22:15:52Z,SENS-009,Kukatpally Housing Board,22,71.77,Clear
2026-04-15T22:19:51Z,SENS-002,Gachibowli Junction,31,41.17,Cloudy
2026-04-15T22:24:42Z,SENS-001,Jubilee Hills Checkpost,4,41.35,Fog
2026-04-15T22:26:39Z,SENS-010,Secunderabad Clock Tower,15,70.47,Clear
2026-04-15T22:33:54Z,SENS-012,PVNR Expressway Toll,18,30.58,Clear
2026-04-15T22:36:27Z,SENS-009,Kukatpally Housing Board,14,44.77,Fog
2026-04-15T22:42:06Z,SENS-008,LB Nagar Crossroads,5,60.22,Light Rain
2026-04-15T22:42:22Z,SENS-009,Kukatpally Housing Board,30,60.09,Clear
2026-04-15T22:43:39Z,SENS-009,Kukatpally Housing Board,6,58.87,Cloudy
2026-04-15T22:49:52Z,SENS-007,Begumpet Flyover,13,61.34,Clear
2026-04-15T22:56:21Z,SENS-007,Begumpet Flyover,24,15.78,Light Rain
2026-04-15T22:57:29Z,SENS-005,Tank Bund Road,36,40.68,Cloudy
2026-04-15T23:00:50Z,SENS-001,Jubilee Hills Checkpost,25,25.64,Light Rain
2026-04-15T23:02:07Z,SENS-012,PVNR Expressway Toll,34,43.65,Cloudy
2026-04-15T23:02:27Z,SENS-006,Hitech City Signal,28,35.95,Clear
2026-04-15T23:03:10Z,SENS-011,Mehdipatnam Bus Stand,35,17.25,Cloudy
2026-04-15T23:09:05Z,SENS-002,Gachibowli Junction,14,41.7,Clear
2026-04-15T23:10:42Z,SENS-004,Madhapur IT Corridor,29,68.28,Clear
2026-04-15T23:11:32Z,SENS-006,Hitech City Signal,28,44.51,Light Rain
2026-04-15T23:27:01Z,SENS-001,Jubilee Hills Checkpost,6,62.71,Light Rain
2026-04-15T23:28:00Z,SENS-008,LB Nagar Crossroads,34,34.45,Clear
2026-04-15T23:29:45Z,SENS-004,Madhapur IT Corridor,30,64.37,Clear
2026-04-15T23:34:44Z,SENS-007,Begumpet Flyover,15,20.06,Light Rain
2026-04-15T23:45:26Z,SENS-001,Jubilee Hills Checkpost,22,39.6,Clear
2026-04-15T23:49:57Z,SENS-009,Kukatpally Housing Board,23,19.62,Cloudy
2026-04-16T00:00:14Z,SENS-001,Jubilee Hills Checkpost,11,24.4,Clear
2026-04-16T00:01:50Z,SENS-004,Madhapur IT Corridor,20,25.8,Light Rain
2026-04-16T00:02:53Z,SENS-002,Gachibowli Junction,19,26.79,Cloudy
2026-04-16T00:13:12Z,SENS-012,PVNR Expressway Toll,25,67.47,Clear
2026-04-16T00:18:02Z,SENS-009,Kukatpally Housing Board,24,23.96,Heavy Rain
2026-04-16T00:22:26Z,SENS-011,Mehdipatnam Bus Stand,14,23.19,Light Rain
2026-04-16T00:23:21Z,SENS-006,Hitech City Signal,35,25.79,Cloudy
2026-04-16T00:26:24Z,SENS-011,Mehdipatnam Bus Stand,15,15.24,Heavy Rain
2026-04-16T00:32:52Z,SENS-006,Hitech City Signal,27,61.4,Cloudy
2026-04-16T00:36:42Z,SENS-007,Begumpet Flyover,22,20.13,Light Rain
2026-04-16T00:50:59Z,SENS-008,LB Nagar Crossroads,18,39.65,Drizzle
2026-04-16T01:00:53Z,SENS-010,Secunderabad Clock Tower,21,49.28,Clear
2026-04-16T01:02:36Z,SENS-009,Kukatpally Housing Board,10,20.42,Drizzle
2026-04-16T01:04:23Z,SENS-004,Madhapur IT Corridor,8,63.73,Clear
2026-04-16T01:04:53Z,SENS-008,LB Nagar Crossroads,26,30.68,Clear
2026-04-16T01:11:43Z,SENS-009,Kukatpally Housing Board,12,12.74,Fog
2026-04-16T01:21:44Z,SENS-011,Mehdipatnam Bus Stand,29,29.51,Heavy Rain
2026-04-16T01:27:09Z,SENS-009,Kukatpally Housing Board,23,32.23,Cloudy
2026-04-16T01:28:28Z,SENS-005,Tank Bund Road,22,56.16,Clear
2026-04-16T01:28:58Z,SENS-004,Madhapur IT Corridor,32,18.88,Clear
2026-04-16T01:36:54Z,SENS-001,Jubilee Hills Checkpost,27,15.92,Heavy Rain
2026-04-16T01:39:26Z,SENS-006,Hitech City Signal,11,69.34,Cloudy
2026-04-16T01:40:09Z,SENS-009,Kukatpally Housing Board,32,50.43,Cloudy
2026-04-16T01:45:27Z,SENS-006,Hitech City Signal,14,54.24,Clear
2026-04-16T01:49:34Z,SENS-012,PVNR Expressway Toll,16,31.73,Clear
2026-04-16T01:53:10Z,SENS-002,Gachibowli Junction,13,30.67,Clear
2026-04-16T01:55:11Z,SENS-007,Begumpet Flyover,36,39.72,Clear
2026-04-16T01:57:44Z,SENS-002,Gachibowli Junction,34,63.24,Clear
2026-04-16T01:58:07Z,SENS-008,LB Nagar Crossroads,13,20.15,Clear
2026-04-16T02:05:25Z,SENS-011,Mehdipatnam Bus Stand,28,44.72,Clear
2026-04-16T02:07:34Z,SENS-012,PVNR Expressway Toll,19,58.95,Clear
2026-04-16T02:14:30Z,SENS-005,Tank Bund Road,10,70.42,Cloudy
2026-04-16T02:19:51Z,SENS-004,Madhapur IT Corridor,39,52.75,Clear
2026-04-16T02:22:12Z,SENS-007,Begumpet Flyover,6,24.88,Clear
2026-04-16T02:22:52Z,SENS-002,Gachibowli Junction,30,31.79,Clear
2026-04-16T02:26:47Z,SENS-010,Secunderabad Clock Tower,32,63.42,Cloudy
2026-04-16T02:26:58Z,SENS-005,Tank Bund Road,16,35.84,Clear
2026-04-16T02:32:36Z,SENS-002,Gachibowli Junction,5,37.54,Drizzle
2026-04-16T02:32:51Z,SENS-011,Mehdipatnam Bus Stand,27,26.75,Light Rain
2026-04-16T02:33:28Z,SENS-004,Madhapur IT Corridor,25,49.05,Clear
2026-04-16T02:35:49Z,SENS-010,Secunderabad Clock Tower,5,56.85,Light Rain
2026-04-16T02:47:58Z,SENS-004,Madhapur IT Corridor,29,32.4,Clear
2026-04-16T02:55:59Z,SENS-011,Mehdipatnam Bus Stand,24,27.76,Clear
2026-04-16T03:00:15Z,SENS-012,PVNR Expressway Toll,17,69.96,Clear
2026-04-16T03:02:52Z,SENS-011,Mehdipatnam Bus Stand,35,63.04,Clear
2026-04-16T03:17:42Z,SENS-001,Jubilee Hills Checkpost,10,14.0,Fog
2026-04-16T03:17:55Z,SENS-005,Tank Bund Road,26,22.4,Clear
2026-04-16T03:18:12Z,SENS-005,Tank Bund Road,36,33.86,Clear
2026-04-16T03:22:46Z,SENS-008,LB Nagar Crossroads,5,56.02,Cloudy
2026-04-16T03:23:46Z,SENS-004,Madhapur IT Corridor,22,28.8,Cloudy
2026-04-16T03:31:29Z,SENS-006,Hitech City Signal,14,48.06,Heavy Rain
2026-04-16T03:35:08Z,SENS-011,Mehdipatnam Bus Stand,29,13.23,Heavy Rain
2026-04-16T03:36:39Z,SENS-007,Begumpet Flyover,27,40.39,Fog
2026-04-16T03:37:57Z,SENS-002,Gachibowli Junction,7,42.09,Cloudy
2026-04-16T03:43:29Z,SENS-005,Tank Bund Road,14,35.0,Cloudy
2026-04-16T03:47:07Z,SENS-007,Begumpet Flyover,24,16.16,Heavy Rain
2026-04-16T03:48:27Z,SENS-008,LB Nagar Crossroads,9,46.58,Clear
2026-04-16T03:51:00Z,SENS-008,LB Nagar Crossroads,24,20.61,Fog
2026-04-16T03:53:16Z,SENS-006,Hitech City Signal,19,40.24,Clear
2026-04-16T04:03:28Z,SENS-003,Ameerpet Crossroads,22,25.19,Fog
2026-04-16T04:07:31Z,SENS-007,Begumpet Flyover,25,54.81,Drizzle
2026-04-16T04:09:20Z,SENS-008,LB Nagar Crossroads,36,41.75,Cloudy
2026-04-16T04:09:30Z,SENS-011,Mehdipatnam Bus Stand,20,35.25,Light Rain
2026-04-16T04:17:34Z,SENS-009,Kukatpally Housing Board,12,26.3,Heavy Rain
2026-04-16T04:20:06Z,SENS-009,Kukatpally Housing Board,15,20.57,Light Rain
2026-04-16T04:27:27Z,SENS-006,Hitech City Signal,21,64.09,Clear
2026-04-16T04:32:05Z,SENS-003,Ameerpet Crossroads,20,64.32,Cloudy
2026-04-16T04:32:15Z,SENS-007,Begumpet Flyover,34,19.2,Clear
2026-04-16T04:32:24Z,SENS-009,Kukatpally Housing Board,29,21.24,Light Rain
2026-04-16T04:44:49Z,SENS-009,Kukatpally Housing Board,5,60.91,Clear
2026-04-16T04:48:01Z,SENS-005,Tank Bund Road,9,28.69,Light Rain
2026-04-16T04:53:28Z,SENS-009,Kukatpally Housing Board,21,63.39,Clear
2026-04-16T04:53:50Z,SENS-011,Mehdipatnam Bus Stand,35,59.48,Cloudy
2026-04-16T04:55:00Z,SENS-005,Tank Bund Road,19,46.92,Clear
2026-04-16T05:02:04Z,SENS-008,LB Nagar Crossroads,48,23.68,Clear
2026-04-16T05:04:00Z,SENS-009,Kukatpally Housing Board,68,41.23,Clear
2026-04-16T05:06:05Z,SENS-012,PVNR Expressway Toll,83,13.99,Clear
2026-04-16T05:19:28Z,SENS-002,Gachibowli Junction,70,38.18,Light Rain
2026-04-16T05:30:28Z,SENS-002,Gachibowli Junction,69,38.91,Clear
2026-04-16T05:32:31Z,SENS-004,Madhapur IT Corridor,84,30.3,Clear
2026-04-16T05:33:05Z,SENS-005,Tank Bund Road,75,27.11,Cloudy
2026-04-16T05:40:25Z,SENS-006,Hitech City Signal,32,54.4,Cloudy
2026-04-16T05:47:12Z,SENS-009,Kukatpally Housing Board,67,24.13,Light Rain
2026-04-16T05:55:36Z,SENS-002,Gachibowli Junction,66,19.53,Light Rain
2026-04-16T06:10:10Z,SENS-004,Madhapur IT Corridor,68,15.44,Light Rain
2026-04-16T06:16:23Z,SENS-009,Kukatpally Housing Board,34,54.11,Cloudy
2026-04-16T06:22:03Z,SENS-011,Mehdipatnam Bus Stand,39,42.77,Fog
2026-04-16T06:23:55Z,SENS-004,Madhapur IT Corridor,58,23.6,Clear
2026-04-16T06:25:02Z,SENS-006,Hitech City Signal,39,60.55,Cloudy
2026-04-16T06:29:55Z,SENS-009,Kukatpally Housing Board,64,27.42,Cloudy
2026-04-16T06:34:58Z,SENS-011,Mehdipatnam Bus Stand,88,33.88,Clear
2026-04-16T06:39:29Z,SENS-007,Begumpet Flyover,77,26.18,Light Rain
2026-04-16T06:51:51Z,SENS-010,Secunderabad Clock Tower,30,43.53,Cloudy
2026-04-16T06:51:59Z,SENS-002,Gachibowli Junction,38,23.1,Heavy Rain
2026-04-16T06:55:22Z,SENS-002,Gachibowli Junction,87,35.93,Clear
2026-04-16T06:56:57Z,SENS-011,Mehdipatnam Bus Stand,57,43.64,Light Rain
2026-04-16T07:00:46Z,SENS-001,Jubilee Hills Checkpost,49,47.29,Clear
2026-04-16T07:05:18Z,SENS-002,Gachibowli Junction,52,31.13,Clear
2026-04-16T07:08:24Z,SENS-011,Mehdipatnam Bus Stand,79,44.14,Clear
2026-04-16T07:11:31Z,SENS-003,Ameerpet Crossroads,50,26.28,Clear
2026-04-16T07:14:40Z,SENS-009,Kukatpally Housing Board,39,16.17,Cloudy
2026-04-16T07:21:25Z,SENS-011,Mehdipatnam Bus Stand,33,54.21,Cloudy
2026-04-16T07:22:27Z,SENS-003,Ameerpet Crossroads,70,52.67,Clear
2026-04-16T07:25:36Z,SENS-008,LB Nagar Crossroads,76,46.81,Cloudy
2026-04-16T07:29:25Z,SENS-006,Hitech City Signal,33,48.68,Cloudy
2026-04-16T07:29:27Z,SENS-002,Gachibowli Junction,53,36.63,Clear
2026-04-16T07:36:05Z,SENS-006,Hitech City Signal,40,32.41,Clear
2026-04-16T07:46:06Z,SENS-010,Secunderabad Clock Tower,62,38.95,Cloudy
2026-04-16T07:51:06Z,SENS-006,Hitech City Signal,70,43.91,Light Rain
2026-04-16T07:51:28Z,SENS-006,Hitech City Signal,41,32.2,Light Rain
2026-04-16T07:52:26Z,SENS-007,Begumpet Flyover,50,33.95,Light Rain
2026-04-16T07:54:28Z,SENS-011,Mehdipatnam Bus Stand,29,23.38,Cloudy
2026-04-16T07:57:35Z,SENS-002,Gachibowli Junction,55,54.03,Cloudy
2026-04-16T07:58:13Z,SENS-009,Kukatpally Housing Board,28,26.4,Fog
2026-04-16T08:16:25Z,SENS-012,PVNR Expressway Toll,114,15.95,Cloudy
2026-04-16T08:27:32Z,SENS-009,Kukatpally Housing Board,143,13.07,Cloudy
2026-04-16T08:30:08Z,SENS-005,Tank Bund Road,72,33.0,Heavy Rain
2026-04-16T08:30:13Z,SENS-008,LB Nagar Crossroads,158,10.24,Clear
2026-04-16T08:42:02Z,SENS-010,Secunderabad Clock Tower,102,35.57,Cloudy
2026-04-16T08:43:27Z,SENS-002,Gachibowli Junction,140,33.87,Clear
2026-04-16T08:52:14Z,SENS-011,Mehdipatnam Bus Stand,168,13.53,Light Rain
2026-04-16T08:57:47Z,SENS-009,Kukatpally Housing Board,83,24.53,Drizzle
2026-04-16T09:05:00Z,SENS-012,PVNR Expressway Toll,175,20.43,Drizzle
2026-04-16T09:05:31Z,SENS-010,Secunderabad Clock Tower,139,22.09,Light Rain
2026-04-16T09:05:57Z,SENS-003,Ameerpet Crossroads,163,21.11,Clear
2026-04-16T09:20:17Z,SENS-012,PVNR Expressway Toll,128,12.25,Cloudy
2026-04-16T09:24:38Z,SENS-004,Madhapur IT Corridor,137,33.19,Clear
2026-04-16T09:29:39Z,SENS-012,PVNR Expressway Toll,139,22.31,Cloudy
2026-04-16T09:35:23Z,SENS-009,Kukatpally Housing Board,180,11.45,Clear
2026-04-16T09:42:24Z,SENS-006,Hitech City Signal,126,17.92,Cloudy
2026-04-16T09:48:06Z,SENS-002,Gachibowli Junction,173,6.5,Clear
2026-04-16T09:56:22Z,SENS-008,LB Nagar Crossroads,121,16.84,Clear
2026-04-16T10:04:48Z,SENS-010,Secunderabad Clock Tower,109,20.23,Clear
2026-04-16T10:09:41Z,SENS-010,Secunderabad Clock Tower,176,7.45,Light Rain
2026-04-16T10:16:34Z,SENS-011,Mehdipatnam Bus Stand,135,9.58,Light Rain
2026-04-16T10:17:20Z,SENS-009,Kukatpally Housing Board,126,35.26,Clear
2026-04-16T10:20:42Z,SENS-007,Begumpet Flyover,185,15.43,Cloudy
2026-04-16T10:23:52Z,SENS-011,Mehdipatnam Bus Stand,172,6.87,Clear
2026-04-16T10:27:31Z,SENS-010,Secunderabad Clock Tower,79,43.67,Drizzle
2026-04-16T10:30:27Z,SENS-010,Secunderabad Clock Tower,154,19.18,Fog
2026-04-16T10:32:04Z,SENS-007,Begumpet Flyover,133,34.89,Clear
2026-04-16T10:39:50Z,SENS-012,PVNR Expressway Toll,133,12.27,Clear
2026-04-16T10:43:48Z,SENS-003,Ameerpet Crossroads,103,24.41,Light Rain
2026-04-16T10:44:58Z,SENS-009,Kukatpally Housing Board,152,29.08,Clear
2026-04-16T10:46:53Z,SENS-007,Begumpet Flyover,117,13.26,Cloudy
2026-04-16T10:47:35Z,SENS-006,Hitech City Signal,177,15.53,Cloudy
2026-04-16T10:49:05Z,SENS-004,Madhapur IT Corridor,127,32.66,Drizzle
2026-04-16T10:49:22Z,SENS-002,Gachibowli Junction,118,32.48,Cloudy
2026-04-16T10:52:19Z,SENS-008,LB Nagar Crossroads,154,19.32,Cloudy
2026-04-16T11:00:40Z,SENS-004,Madhapur IT Corridor,31,18.56,Light Rain
2026-04-16T11:00:49Z,SENS-008,LB Nagar Crossroads,87,49.75,Clear
2026-04-16T11:02:09Z,SENS-011,Mehdipatnam Bus Stand,85,30.09,Cloudy
2026-04-16T11:06:34Z,SENS-002,Gachibowli Junction,60,44.75,Clear
2026-04-16T11:16:37Z,SENS-008,LB Nagar Crossroads,67,30.86,Cloudy
2026-04-16T11:27:06Z,SENS-001,Jubilee Hills Checkpost,43,33.67,Light Rain
2026-04-16T11:30:49Z,SENS-009,Kukatpally Housing Board,34,19.08,Drizzle
2026-04-16T11:33:16Z,SENS-002,Gachibowli Junction,52,43.68,Clear
2026-04-16T11:34:42Z,SENS-008,LB Nagar Crossroads,56,41.36,Light Rain
2026-04-16T11:48:12Z,SENS-003,Ameerpet Crossroads,61,46.58,Light Rain
2026-04-16T11:51:35Z,SENS-007,Begumpet Flyover,42,44.19,Clear
2026-04-16T12:04:07Z,SENS-007,Begumpet Flyover,45,18.11,Cloudy
2026-04-16T12:15:42Z,SENS-009,Kukatpally Housing Board,58,42.88,Clear
2026-04-16T12:18:35Z,SENS-010,Secunderabad Clock Tower,33,63.6,Clear
2026-04-16T12:24:23Z,SENS-002,Gachibowli Junction,69,14.03,Light Rain
2026-04-16T12:25:51Z,SENS-008,LB Nagar Crossroads,38,52.62,Clear
2026-04-16T12:26:57Z,SENS-004,Madhapur IT Corridor,74,27.06,Clear
2026-04-16T12:34:04Z,SENS-010,Secunderabad Clock Tower,45,22.86,Drizzle
2026-04-16T12:36:34Z,SENS-001,Jubilee Hills Checkpost,30,25.84,Drizzle
2026-04-16T12:38:35Z,SENS-012,PVNR Expressway Toll,65,27.48,Drizzle
2026-04-16T12:40:45Z,SENS-012,PVNR Expressway Toll,84,35.56,Clear
2026-04-16T12:47:29Z,SENS-005,Tank Bund Road,58,59.72,Clear
2026-04-16T12:48:01Z,SENS-008,LB Nagar Crossroads,78,20.96,Light Rain
2026-04-16T12:53:27Z,SENS-001,Jubilee Hills Checkpost,36,43.06,Clear
2026-04-16T12:56:13Z,SENS-005,Tank Bund Road,50,60.79,Clear
2026-04-16T12:56:41Z,SENS-004,Madhapur IT Corridor,68,28.75,Fog
2026-04-16T12:57:39Z,SENS-008,LB Nagar Crossroads,31,65.96,Cloudy
2026-04-16T12:58:58Z,SENS-004,Madhapur IT Corridor,31,59.92,Cloudy
2026-04-16T13:03:02Z,SENS-003,Ameerpet Crossroads,35,50.3,Cloudy
2026-04-16T13:05:43Z,SENS-006,Hitech City Signal,68,28.76,Cloudy
2026-04-16T13:18:10Z,SENS-005,Tank Bund Road,54,22.43,Light Rain
2026-04-16T13:19:35Z,SENS-004,Madhapur IT Corridor,56,17.49,Light Rain
2026-04-16T13:21:55Z,SENS-011,Mehdipatnam Bus Stand,46,49.73,Cloudy
2026-04-16T13:22:21Z,SENS-004,Madhapur IT Corridor,65,54.17,Clear
2026-04-16T13:24:37Z,SENS-007,Begumpet Flyover,30,31.84,Light Rain
2026-04-16T13:28:19Z,SENS-004,Madhapur IT Corridor,43,34.16,Clear
2026-04-16T13:41:22Z,SENS-010,Secunderabad Clock Tower,88,50.01,Clear
2026-04-16T13:47:23Z,SENS-006,Hitech City Signal,48,19.5,Clear
2026-04-16T13:49:31Z,SENS-003,Ameerpet Crossroads,88,34.85,Clear
2026-04-16T13:49:41Z,SENS-005,Tank Bund Road,41,50.31,Light Rain
2026-04-16T13:55:37Z,SENS-007,Begumpet Flyover,56,39.46,Clear
2026-04-16T14:03:51Z,SENS-007,Begumpet Flyover,56,59.13,Clear
2026-04-16T14:09:09Z,SENS-012,PVNR Expressway Toll,32,22.8,Fog
2026-04-16T14:14:47Z,SENS-005,Tank Bund Road,24,23.23,Fog
2026-04-16T14:22:31Z,SENS-003,Ameerpet Crossroads,44,35.49,Heavy Rain
2026-04-16T14:30:14Z,SENS-002,Gachibowli Junction,32,65.23,Cloudy
2026-04-16T14:35:40Z,SENS-007,Begumpet Flyover,69,35.15,Light Rain
2026-04-16T14:36:17Z,SENS-002,Gachibowli Junction,66,43.73,Light Rain
2026-04-16T14:41:43Z,SENS-001,Jubilee Hills Checkpost,64,22.08,Fog
2026-04-16T14:53:47Z,SENS-012,PVNR Expressway Toll,61,49.47,Clear
2026-04-16T15:01:04Z,SENS-008,LB Nagar Crossroads,51,43.02,Light Rain
2026-04-16T15:01:52Z,SENS-005,Tank Bund Road,30,41.13,Fog
2026-04-16T15:03:45Z,SENS-007,Begumpet Flyover,66,42.93,Clear
2026-04-16T15:06:24Z,SENS-001,Jubilee Hills Checkpost,30,29.29,Cloudy
2026-04-16T15:06:36Z,SENS-007,Begumpet Flyover,51,14.17,Light Rain
2026-04-16T15:07:41Z,SENS-003,Ameerpet Crossroads,45,31.52,Fog
2026-04-16T15:09:52Z,SENS-012,PVNR Expressway Toll,43,46.22,Light Rain
2026-04-16T15:11:51Z,SENS-003,Ameerpet Crossroads,36,52.5,Cloudy
2026-04-16T15:12:04Z,SENS-008,LB Nagar Crossroads,62,47.18,Cloudy
2026-04-16T15:17:50Z,SENS-002,Gachibowli Junction,56,30.87,Clear
2026-04-16T15:21:47Z,SENS-011,Mehdipatnam Bus Stand,54,15.72,Fog
2026-04-16T15:31:06Z,SENS-006,Hitech City Signal,35,22.48,Heavy Rain
2026-04-16T15:33:57Z,SENS-006,Hitech City Signal,62,39.0,Fog
2026-04-16T15:40:09Z,SENS-006,Hitech City Signal,35,54.22,Light Rain
2026-04-16T15:40:36Z,SENS-003,Ameerpet Crossroads,24,39.56,Heavy Rain
2026-04-16T15:44:09Z,SENS-004,Madhapur IT Corridor,56,45.65,Clear
2026-04-16T15:44:15Z,SENS-008,LB Nagar Crossroads,35,56.11,Clear
2026-04-16T15:50:00Z,SENS-001,Jubilee Hills Checkpost,76,14.4,Clear
2026-04-16T15:55:01Z,SENS-009,Kukatpally Housing Board,24,18.94,Fog
2026-04-16T15:57:37Z,SENS-009,Kukatpally Housing Board,87,16.51,Clear
2026-04-16T16:01:48Z,SENS-009,Kukatpally Housing Board,33,23.93,Clear
2026-04-16T16:02:54Z,SENS-012,PVNR Expressway Toll,66,21.43,Heavy Rain
2026-04-16T16:07:21Z,SENS-008,LB Nagar Crossroads,48,50.71,Cloudy
2026-04-16T16:11:00Z,SENS-005,Tank Bund Road,50,50.02,Cloudy
2026-04-16T16:15:17Z,SENS-011,Mehdipatnam Bus Stand,70,36.28,Clear
2026-04-16T16:23:58Z,SENS-011,Mehdipatnam Bus Stand,45,41.73,Cloudy
2026-04-16T16:29:33Z,SENS-001,Jubilee Hills Checkpost,87,20.46,Clear
2026-04-16T16:29:42Z,SENS-006,Hitech City Signal,25,18.65,Heavy Rain
2026-04-16T16:30:20Z,SENS-008,LB Nagar Crossroads,65,38.9,Clear
2026-04-16T16:34:55Z,SENS-005,Tank Bund Road,86,46.21,Cloudy
2026-04-16T16:39:31Z,SENS-002,Gachibowli Junction,41,62.03,Clear
2026-04-16T16:40:27Z,SENS-007,Begumpet Flyover,57,47.58,Clear
2026-04-16T16:42:25Z,SENS-007,Begumpet Flyover,47,32.09,Fog
2026-04-16T16:43:37Z,SENS-002,Gachibowli Junction,57,37.85,Clear
2026-04-16T17:01:56Z,SENS-009,Kukatpally Housing Board,104,44.27,Cloudy
2026-04-16T17:10:23Z,SENS-001,Jubilee Hills Checkpost,91,43.74,Clear
2026-04-16T17:14:36Z,SENS-005,Tank Bund Road,79,22.27,Light Rain
2026-04-16T17:19:10Z,SENS-011,Mehdipatnam Bus Stand,187,10.83,Clear
2026-04-16T17:19:55Z,SENS-002,Gachibowli Junction,77,26.4,Fog
2026-04-16T17:21:55Z,SENS-004,Madhapur IT Corridor,115,42.69,Clear
2026-04-16T17:30:43Z,SENS-002,Gachibowli Junction,150,8.54,Cloudy
2026-04-16T17:39:31Z,SENS-002,Gachibowli Junction,130,9.49,Light Rain
2026-04-16T17:40:04Z,SENS-009,Kukatpally Housing Board,116,39.91,Cloudy
2026-04-16T17:40:57Z,SENS-001,Jubilee Hills Checkpost,195,23.29,Clear
2026-04-16T17:42:41Z,SENS-012,PVNR Expressway Toll,78,47.25,Cloudy
2026-04-16T17:46:13Z,SENS-001,Jubilee Hills Checkpost,162,8.67,Cloudy
2026-04-16T17:48:26Z,SENS-007,Begumpet Flyover,148,24.38,Clear
2026-04-16T17:50:14Z,SENS-001,Jubilee Hills Checkpost,108,18.14,Clear
2026-04-16T17:52:29Z,SENS-008,LB Nagar Crossroads,178,20.15,Clear
2026-04-16T18:03:00Z,SENS-007,Begumpet Flyover,88,32.11,Clear
2026-04-16T18:03:35Z,SENS-003,Ameerpet Crossroads,140,30.03,Clear
2026-04-16T18:06:24Z,SENS-010,Secunderabad Clock Tower,180,13.3,Clear
2026-04-16T18:12:39Z,SENS-009,Kukatpally Housing Board,137,16.4,Cloudy
2026-04-16T18:14:55Z,SENS-009,Kukatpally Housing Board,81,30.68,Clear
2026-04-16T18:22:35Z,SENS-009,Kukatpally Housing Board,195,21.54,Clear
2026-04-16T18:32:09Z,SENS-009,Kukatpally Housing Board,167,9.38,Cloudy
2026-04-16T18:48:01Z,SENS-007,Begumpet Flyover,148,29.38,Cloudy
2026-04-16T18:52:00Z,SENS-002,Gachibowli Junction,183,16.55,Cloudy
2026-04-16T18:53:52Z,SENS-007,Begumpet Flyover,154,15.21,Clear
2026-04-16T19:06:22Z,SENS-004,Madhapur IT Corridor,105,18.12,Clear
2026-04-16T19:07:42Z,SENS-011,Mehdipatnam Bus Stand,88,21.27,Clear
2026-04-16T19:08:46Z,SENS-010,Secunderabad Clock Tower,149,18.34,Clear
2026-04-16T19:09:39Z,SENS-011,Mehdipatnam Bus Stand,135,27.06,Clear
2026-04-16T19:12:20Z,SENS-005,Tank Bund Road,87,45.71,Clear
2026-04-16T19:14:20Z,SENS-003,Ameerpet Crossroads,135,10.5,Light Rain
2026-04-16T19:17:53Z,SENS-004,Madhapur IT Corridor,126,25.71,Clear
2026-04-16T19:19:58Z,SENS-003,Ameerpet Crossroads,147,17.2,Clear
2026-04-16T19:32:32Z,SENS-006,Hitech City Signal,116,13.21,Fog
2026-04-16T19:32:35Z,SENS-012,PVNR Expressway Toll,174,9.32,Clear
2026-04-16T19:47:46Z,SENS-004,Madhapur IT Corridor,171,8.58,Clear
2026-04-16T19:48:40Z,SENS-004,Madhapur IT Corridor,156,8.53,Drizzle
2026-04-16T19:59:30Z,SENS-005,Tank Bund Road,114,36.15,Light Rain
2026-04-16T20:01:21Z,SENS-005,Tank Bund Road,39,18.7,Cloudy
2026-04-16T20:04:18Z,SENS-004,Madhapur IT Corridor,63,42.54,Clear
2026-04-16T20:09:29Z,SENS-006,Hitech City Signal,68,31.23,Cloudy
2026-04-16T20:14:12Z,SENS-010,Secunderabad Clock Tower,67,34.57,Drizzle
2026-04-16T20:14:56Z,SENS-006,Hitech City Signal,37,41.28,Light Rain
2026-04-16T20:17:17Z,SENS-003,Ameerpet Crossroads,28,26.64,Drizzle
2026-04-16T20:20:51Z,SENS-011,Mehdipatnam Bus Stand,39,37.1,Fog
2026-04-16T20:23:24Z,SENS-002,Gachibowli Junction,44,24.1,Clear
2026-04-16T20:27:34Z,SENS-005,Tank Bund Road,82,20.25,Cloudy
2026-04-16T20:32:45Z,SENS-003,Ameerpet Crossroads,35,40.87,Cloudy
2026-04-16T20:35:03Z,SENS-005,Tank Bund Road,32,69.07,Clear
2026-04-16T20:46:39Z,SENS-008,LB Nagar Crossroads,75,44.28,Cloudy
2026-04-16T20:49:30Z,SENS-010,Secunderabad Clock Tower,56,15.72,Clear
2026-04-16T20:52:06Z,SENS-004,Madhapur IT Corridor,34,55.65,Clear
2026-04-16T20:58:53Z,SENS-005,Tank Bund Road,36,20.22,Fog
2026-04-16T21:03:44Z,SENS-010,Secunderabad Clock Tower,72,43.41,Cloudy
2026-04-16T21:07:18Z,SENS-002,Gachibowli Junction,37,22.08,Cloudy
2026-04-16T21:25:12Z,SENS-008,LB Nagar Crossroads,89,44.27,Clear
2026-04-16T21:27:13Z,SENS-009,Kukatpally Housing Board,43,37.41,Clear
2026-04-16T21:41:14Z,SENS-005,Tank Bund Road,79,40.74,Clear
2026-04-16T21:47:59Z,SENS-011,Mehdipatnam Bus Stand,47,18.86,Clear
2026-04-16T21:48:31Z,SENS-006,Hitech City Signal,87,46.78,Clear
2026-04-16T21:49:14Z,SENS-007,Begumpet Flyover,33,56.51,Cloudy
2026-04-16T21:53:32Z,SENS-003,Ameerpet Crossroads,72,51.05,Clear
2026-04-16T21:57:02Z,SENS-004,Madhapur IT Corridor,34,44.67,Fog
2026-04-16T21:58:16Z,SENS-004,Madhapur IT Corridor,32,46.39,Heavy Rain
2026-04-16T21:58:18Z,SENS-007,Begumpet Flyover,80,19.88,Cloudy
2026-04-16T21:59:37Z,SENS-009,Kukatpally Housing Board,31,42.03,Cloudy
2026-04-16T22:02:13Z,SENS-001,Jubilee Hills Checkpost,32,34.19,Cloudy
2026-04-16T22:02:41Z,SENS-002,Gachibowli Junction,10,41.52,Clear
2026-04-16T22:04:45Z,SENS-004,Madhapur IT Corridor,19,69.04,Cloudy
2026-04-16T22:08:25Z,SENS-012,PVNR Expressway Toll,28,36.11,Clear
2026-04-16T22:10:27Z,SENS-002,Gachibowli Junction,6,57.78,Clear
2026-04-16T22:10:52Z,SENS-003,Ameerpet Crossroads,27,43.95,Heavy Rain
2026-04-16T22:10:54Z,SENS-002,Gachibowli Junction,38,62.03,Clear
2026-04-16T22:10:54Z,SENS-006,Hitech City Signal,28,39.33,Cloudy
2026-04-16T22:12:31Z,SENS-009,Kukatpally Housing Board,28,36.92,Light Rain
2026-04-16T22:16:25Z,SENS-001,Jubilee Hills Checkpost,9,57.59,Cloudy
2026-04-16T22:17:55Z,SENS-002,Gachibowli Junction,33,24.43,Clear
2026-04-16T22:18:06Z,SENS-001,Jubilee Hills Checkpost,26,42.9,Fog
2026-04-16T22:27:08Z,SENS-012,PVNR Expressway Toll,9,33.07,Cloudy
2026-04-16T22:48:13Z,SENS-007,Begumpet Flyover,34,42.45,Clear
2026-04-16T22:50:06Z,SENS-003,Ameerpet Crossroads,31,50.78,Light Rain
2026-04-16T22:50:34Z,SENS-011,Mehdipatnam Bus Stand,16,68.97,Clear
2026-04-16T22:53:50Z,SENS-007,Begumpet Flyover,30,44.22,Clear
2026-04-16T23:01:51Z,SENS-009,Kukatpally Housing Board,13,23.41,Clear
2026-04-16T23:02:07Z,SENS-006,Hitech City Signal,5,28.08,Fog
2026-04-16T23:05:36Z,SENS-003,Ameerpet Crossroads,25,53.33,Cloudy
2026-04-16T23:08:15Z,SENS-009,Kukatpally Housing Board,25,33.88,Light Rain
2026-04-16T23:11:32Z,SENS-008,LB Nagar Crossroads,6,70.21,Cloudy
2026-04-16T23:13:16Z,SENS-010,Secunderabad Clock Tower,22,62.89,Clear
2026-04-16T23:16:11Z,SENS-006,Hitech City Signal,12,36.2,Light Rain
2026-04-16T23:19:44Z,SENS-011,Mehdipatnam Bus Stand,33,38.16,Clear
2026-04-16T23:23:41Z,SENS-007,Begumpet Flyover,33,68.96,Clear
2026-04-16T23:23:45Z,SENS-005,Tank Bund Road,24,24.47,Clear
2026-04-16T23:26:42Z,SENS-004,Madhapur IT Corridor,13,46.73,Light Rain
2026-04-16T23:34:31Z,SENS-010,Secunderabad Clock Tower,13,45.93,Fog
2026-04-16T23:42:46Z,SENS-008,LB Nagar Crossroads,24,27.89,Clear
2026-04-16T23:44:45Z,SENS-001,Jubilee Hills Checkpost,14,27.05,Light Rain
2026-04-16T23:51:14Z,SENS-011,Mehdipatnam Bus Stand,13,45.81,Drizzle
2026-04-17T00:14:53Z,SENS-005,Tank Bund Road,31,35.94,Light Rain
2026-04-17T00:15:02Z,SENS-002,Gachibowli Junction,31,19.45,Clear
2026-04-17T00:27:00Z,SENS-006,Hitech City Signal,28,57.66,Clear
2026-04-17T00:27:23Z,SENS-003,Ameerpet Crossroads,7,14.53,Fog
2026-04-17T00:27:58Z,SENS-001,Jubilee Hills Checkpost,28,46.95,Heavy Rain
2026-04-17T00:31:45Z,SENS-004,Madhapur IT Corridor,33,24.43,Light Rain
2026-04-17T00:31:48Z,SENS-009,Kukatpally Housing Board,15,56.3,Clear
2026-04-17T00:35:57Z,SENS-012,PVNR Expressway Toll,22,56.67,Light Rain
2026-04-17T00:38:02Z,SENS-012,PVNR Expressway Toll,35,25.56,Clear
2026-04-17T00:49:57Z,SENS-012,PVNR Expressway Toll,24,59.47,Clear
2026-04-17T00:53:17Z,SENS-007,Begumpet Flyover,28,21.34,Clear
2026-04-17T00:53:45Z,SENS-001,Jubilee Hills Checkpost,23,13.04,Fog
2026-04-17T00:57:55Z,SENS-009,Kukatpally Housing Board,17,29.81,Heavy Rain
2026-04-17T01:00:02Z,SENS-001,Jubilee Hills Checkpost,15,52.39,Drizzle
2026-04-17T01:04:59Z,SENS-005,Tank Bund Road,13,35.39,Clear
2026-04-17T01:07:28Z,SENS-005,Tank Bund Road,34,27.62,Cloudy
2026-04-17T01:13:37Z,SENS-006,Hitech City Signal,13,27.61,Heavy Rain
2026-04-17T01:19:19Z,SENS-005,Tank Bund Road,16,41.29,Light Rain
2026-04-17T01:24:32Z,SENS-003,Ameerpet Crossroads,8,22.14,Fog
2026-04-17T01:26:41Z,SENS-001,Jubilee Hills Checkpost,13,37.96,Heavy Rain
2026-04-17T01:32:37Z,SENS-004,Madhapur IT Corridor,25,31.44,Heavy Rain
2026-04-17T01:33:42Z,SENS-001,Jubilee Hills Checkpost,31,28.84,Clear
2026-04-17T01:39:44Z,SENS-002,Gachibowli Junction,4,47.1,Cloudy
2026-04-17T01:39:47Z,SENS-004,Madhapur IT Corridor,29,56.27,Clear
2026-04-17T01:41:34Z,SENS-010,Secunderabad Clock Tower,14,39.76,Light Rain
2026-04-17T01:44:18Z,SENS-011,Mehdipatnam Bus Stand,33,39.27,Cloudy
2026-04-17T01:49:23Z,SENS-002,Gachibowli Junction,16,47.63,Clear
2026-04-17T01:49:47Z,SENS-005,Tank Bund Road,18,17.88,Heavy Rain
2026-04-17T01:56:00Z,SENS-004,Madhapur IT Corridor,4,73.04,Cloudy
2026-04-17T01:57:58Z,SENS-009,Kukatpally Housing Board,18,70.04,Clear
2026-04-17T02:03:28Z,SENS-012,PVNR Expressway Toll,20,66.63,Cloudy
2026-04-17T02:06:25Z,SENS-004,Madhapur IT Corridor,28,48.52,Clear
2026-04-17T02:07:24Z,SENS-002,Gachibowli Junction,5,21.17,Clear
2026-04-17T02:13:31Z,SENS-001,Jubilee Hills Checkpost,7,30.9,Heavy Rain
2026-04-17T02:21:33Z,SENS-006,Hitech City Signal,4,23.32,Cloudy
2026-04-17T02:22:36Z,SENS-004,Madhapur IT Corridor,15,53.74,Cloudy
2026-04-17T02:25:46Z,SENS-004,Madhapur IT Corridor,5,53.66,Light Rain
2026-04-17T02:26:42Z,SENS-006,Hitech City Signal,24,72.11,Clear
2026-04-17T02:27:24Z,SENS-002,Gachibowli Junction,13,27.8,Clear
2026-04-17T02:28:04Z,SENS-003,Ameerpet Crossroads,9,35.55,Clear
2026-04-17T02:29:12Z,SENS-012,PVNR Expressway Toll,18,74.04,Clear
2026-04-17T02:29:18Z,SENS-009,Kukatpally Housing Board,30,43.13,Clear
2026-04-17T02:33:48Z,SENS-003,Ameerpet Crossroads,10,21.86,Light Rain
2026-04-17T02:37:34Z,SENS-002,Gachibowli Junction,22,41.35,Clear
2026-04-17T02:37:47Z,SENS-009,Kukatpally Housing Board,26,49.82,Cloudy
2026-04-17T02:48:12Z,SENS-002,Gachibowli Junction,23,38.14,Clear
2026-04-17T02:50:06Z,SENS-004,Madhapur IT Corridor,5,39.97,Heavy Rain
2026-04-17T02:56:24Z,SENS-005,Tank Bund Road,32,65.05,Clear
2026-04-17T03:07:50Z,SENS-011,Mehdipatnam Bus Stand,39,38.0,Clear
2026-04-17T03:07:55Z,SENS-011,Mehdipatnam Bus Stand,29,31.46,Heavy Rain
2026-04-17T03:09:34Z,SENS-003,Ameerpet Crossroads,4,21.38,Cloudy
2026-04-17T03:10:19Z,SENS-006,Hitech City Signal,7,63.62,Light Rain
2026-04-17T03:21:12Z,SENS-006,Hitech City Signal,23,24.94,Cloudy
2026-04-17T03:25:09Z,SENS-005,Tank Bund Road,9,50.08,Light Rain
2026-04-17T03:28:31Z,SENS-011,Mehdipatnam Bus Stand,17,51.39,Clear
2026-04-17T03:30:23Z,SENS-012,PVNR Expressway Toll,6,74.3,Clear
2026-04-17T03:31:54Z,SENS-010,Secunderabad Clock Tower,35,17.74,Clear
2026-04-17T03:53:06Z,SENS-005,Tank Bund Road,22,47.23,Cloudy
2026-04-17T03:56:39Z,SENS-010,Secunderabad Clock Tower,34,23.34,Cloudy
2026-04-17T04:12:28Z,SENS-001,Jubilee Hills Checkpost,31,13.53,Fog
2026-04-17T04:16:58Z,SENS-006,Hitech City Signal,16,16.63,Light Rain
2026-04-17T04:24:20Z,SENS-012,PVNR Expressway Toll,21,69.52,Clear
2026-04-17T04:24:23Z,SENS-011,Mehdipatnam Bus Stand,9,74.21,Clear
2026-04-17T04:38:20Z,SENS-009,Kukatpally Housing Board,17,56.13,Light Rain
2026-04-17T04:39:31Z,SENS-009,Kukatpally Housing Board,5,47.14,Heavy Rain
2026-04-17T04:43:18Z,SENS-004,Madhapur IT Corridor,15,47.67,Cloudy
2026-04-17T04:43:59Z,SENS-006,Hitech City Signal,8,28.27,Light Rain
2026-04-17T04:48:10Z,SENS-008,LB Nagar Crossroads,25,71.64,Clear
2026-04-17T04:52:02Z,SENS-001,Jubilee Hills Checkpost,12,41.06,Clear
2026-04-17T04:54:10Z,SENS-002,Gachibowli Junction,32,38.1,Light Rain
2026-04-17T04:54:21Z,SENS-004,Madhapur IT Corridor,20,49.95,Cloudy
2026-04-17T05:16:53Z,SENS-004,Madhapur IT Corridor,50,55.82,Clear
2026-04-17T05:18:00Z,SENS-002,Gachibowli Junction,68,36.81,Drizzle
2026-04-17T05:22:49Z,SENS-001,Jubilee Hills Checkpost,36,55.09,Clear
2026-04-17T05:28:14Z,SENS-009,Kukatpally Housing Board,55,22.94,Cloudy
2026-04-17T05:28:30Z,SENS-011,Mehdipatnam Bus Stand,57,19.22,Clear
2026-04-17T05:31:12Z,SENS-006,Hitech City Signal,81,44.28,Clear
2026-04-17T05:50:10Z,SENS-003,Ameerpet Crossroads,48,29.71,Fog
2026-04-17T05:51:19Z,SENS-003,Ameerpet Crossroads,61,38.05,Clear
2026-04-17T05:51:25Z,SENS-009,Kukatpally Housing Board,88,44.99,Clear
2026-04-17T05:55:41Z,SENS-007,Begumpet Flyover,72,51.52,Clear
2026-04-17T05:56:31Z,SENS-003,Ameerpet Crossroads,86,38.87,Cloudy
2026-04-17T06:01:39Z,SENS-004,Madhapur IT Corridor,31,26.82,Light Rain
2026-04-17T06:07:35Z,SENS-008,LB Nagar Crossroads,42,34.8,Clear
2026-04-17T06:13:40Z,SENS-003,Ameerpet Crossroads,81,25.94,Clear
2026-04-17T06:20:03Z,SENS-007,Begumpet Flyover,80,21.53,Clear
2026-04-17T06:20:44Z,SENS-005,Tank Bund Road,23,17.97,Heavy Rain
2026-04-17T06:32:31Z,SENS-002,Gachibowli Junction,65,18.34,Clear
2026-04-17T06:46:49Z,SENS-006,Hitech City Signal,33,16.61,Light Rain
2026-04-17T06:53:48Z,SENS-004,Madhapur IT Corridor,42,50.49,Light Rain
2026-04-17T06:56:06Z,SENS-010,Secunderabad Clock Tower,66,41.13,Light Rain
2026-04-17T07:04:34Z,SENS-003,Ameerpet Crossroads,32,35.78,Cloudy
2026-04-17T07:06:49Z,SENS-006,Hitech City Signal,36,31.05,Light Rain
2026-04-17T07:07:54Z,SENS-003,Ameerpet Crossroads,47,56.29,Cloudy
2026-04-17T07:12:08Z,SENS-006,Hitech City Signal,34,55.33,Clear
2026-04-17T07:13:46Z,SENS-010,Secunderabad Clock Tower,44,14.74,Fog
2026-04-17T07:16:38Z,SENS-001,Jubilee Hills Checkpost,40,24.47,Cloudy
2026-04-17T07:18:38Z,SENS-004,Madhapur IT Corridor,63,17.47,Heavy Rain
2026-04-17T07:21:22Z,SENS-005,Tank Bund Road,45,38.14,Heavy Rain
2026-04-17T07:26:01Z,SENS-001,Jubilee Hills Checkpost,49,22.54,Heavy Rain
2026-04-17T07:27:56Z,SENS-005,Tank Bund Road,71,20.17,Cloudy
2026-04-17T07:29:48Z,SENS-009,Kukatpally Housing Board,80,13.61,Clear
2026-04-17T07:32:27Z,SENS-002,Gachibowli Junction,70,32.75,Clear
2026-04-17T07:34:27Z,SENS-005,Tank Bund Road,54,21.01,Light Rain
2026-04-17T07:36:02Z,SENS-002,Gachibowli Junction,69,23.69,Clear
2026-04-17T07:40:44Z,SENS-008,LB Nagar Crossroads,44,27.58,Fog
2026-04-17T07:46:07Z,SENS-006,Hitech City Signal,30,61.66,Clear
2026-04-17T07:49:46Z,SENS-001,Jubilee Hills Checkpost,32,25.68,Heavy Rain
2026-04-17T07:50:34Z,SENS-012,PVNR Expressway Toll,80,38.07,Drizzle
2026-04-17T07:51:49Z,SENS-012,PVNR Expressway Toll,41,14.1,Heavy Rain
2026-04-17T07:54:14Z,SENS-003,Ameerpet Crossroads,61,16.03,Clear
2026-04-17T07:55:14Z,SENS-011,Mehdipatnam Bus Stand,56,18.84,Clear
2026-04-17T07:56:32Z,SENS-003,Ameerpet Crossroads,45,30.66,Heavy Rain
2026-04-17T08:05:52Z,SENS-012,PVNR Expressway Toll,171,20.15,Cloudy
2026-04-17T08:13:06Z,SENS-004,Madhapur IT Corridor,175,11.21,Clear
2026-04-17T08:14:27Z,SENS-001,Jubilee Hills Checkpost,83,47.78,Clear
2026-04-17T08:16:41Z,SENS-006,Hitech City Signal,161,14.57,Clear
2026-04-17T08:18:32Z,SENS-007,Begumpet Flyover,128,16.96,Cloudy
2026-04-17T08:21:35Z,SENS-005,Tank Bund Road,97,27.6,Cloudy
2026-04-17T08:26:23Z,SENS-010,Secunderabad Clock Tower,172,14.71,Cloudy
2026-04-17T08:29:12Z,SENS-005,Tank Bund Road,190,13.42,Cloudy
2026-04-17T08:31:02Z,SENS-007,Begumpet Flyover,155,17.57,Clear
2026-04-17T08:32:23Z,SENS-003,Ameerpet Crossroads,115,12.59,Clear
2026-04-17T08:34:09Z,SENS-004,Madhapur IT Corridor,143,20.21,Cloudy
2026-04-17T08:37:25Z,SENS-002,Gachibowli Junction,153,16.8,Light Rain
2026-04-17T08:38:35Z,SENS-009,Kukatpally Housing Board,152,15.74,Clear
2026-04-17T08:41:18Z,SENS-007,Begumpet Flyover,114,21.19,Heavy Rain
2026-04-17T08:42:32Z,SENS-008,LB Nagar Crossroads,80,14.76,Clear
2026-04-17T08:45:23Z,SENS-006,Hitech City Signal,151,10.66,Drizzle
2026-04-17T08:53:47Z,SENS-008,LB Nagar Crossroads,86,25.0,Clear
2026-04-17T08:54:55Z,SENS-010,Secunderabad Clock Tower,150,23.22,Clear
2026-04-17T08:56:58Z,SENS-008,LB Nagar Crossroads,136,15.72,Fog
2026-04-17T08:58:01Z,SENS-011,Mehdipatnam Bus Stand,155,8.66,Cloudy
2026-04-17T09:03:22Z,SENS-009,Kukatpally Housing Board,116,36.64,Clear
2026-04-17T09:03:49Z,SENS-009,Kukatpally Housing Board,143,13.77,Cloudy
2026-04-17T09:10:24Z,SENS-011,Mehdipatnam Bus Stand,153,13.24,Clear
2026-04-17T09:13:57Z,SENS-010,Secunderabad Clock Tower,119,15.98,Cloudy
2026-04-17T09:24:31Z,SENS-009,Kukatpally Housing Board,103,40.25,Cloudy
2026-04-17T09:27:14Z,SENS-008,LB Nagar Crossroads,174,11.59,Drizzle
2026-04-17T09:32:51Z,SENS-001,Jubilee Hills Checkpost,144,11.3,Clear
2026-04-17T09:33:14Z,SENS-009,Kukatpally Housing Board,173,8.04,Clear
2026-04-17T09:39:00Z,SENS-009,Kukatpally Housing Board,91,16.3,Cloudy
2026-04-17T09:40:34Z,SENS-001,Jubilee Hills Checkpost,149,14.4,Clear
2026-04-17T09:41:21Z,SENS-003,Ameerpet Crossroads,138,35.77,Clear
2026-04-17T09:41:33Z,SENS-001,Jubilee Hills Checkpost,186,22.73,Clear
2026-04-17T09:48:17Z,SENS-003,Ameerpet Crossroads,138,33.7,Clear
2026-04-17T09:54:21Z,SENS-004,Madhapur IT Corridor,98,10.61,Fog
2026-04-17T09:54:40Z,SENS-006,Hitech City Signal,103,25.32,Cloudy
2026-04-17T09:56:39Z,SENS-008,LB Nagar Crossroads,106,44.0,Clear
2026-04-17T09:57:39Z,SENS-007,Begumpet Flyover,159,12.21,Drizzle
2026-04-17T09:57:58Z,SENS-009,Kukatpally Housing Board,113,21.88,Light Rain
2026-04-17T10:05:38Z,SENS-012,PVNR Expressway Toll,178,8.43,Cloudy
2026-04-17T10:06:35Z,SENS-009,Kukatpally Housing Board,157,7.61,Clear
2026-04-17T10:08:35Z,SENS-005,Tank Bund Road,143,19.19,Clear
2026-04-17T10:16:20Z,SENS-002,Gachibowli Junction,103,20.75,Light Rain
2026-04-17T10:21:51Z,SENS-011,Mehdipatnam Bus Stand,129,24.68,Fog
2026-04-17T10:31:14Z,SENS-007,Begumpet Flyover,195,17.63,Clear
2026-04-17T10:37:39Z,SENS-012,PVNR Expressway Toll,120,22.04,Clear
2026-04-17T10:48:10Z,SENS-005,Tank Bund Road,195,9.72,Clear
2026-04-17T10:51:00Z,SENS-001,Jubilee Hills Checkpost,119,38.8,Cloudy
2026-04-17T11:02:03Z,SENS-007,Begumpet Flyover,29,24.21,Cloudy
2026-04-17T11:02:20Z,SENS-012,PVNR Expressway Toll,44,61.83,Clear
2026-04-17T11:15:07Z,SENS-009,Kukatpally Housing Board,58,33.12,Clear
2026-04-17T11:21:08Z,SENS-006,Hitech City Signal,35,25.63,Cloudy
2026-04-17T11:25:28Z,SENS-009,Kukatpally Housing Board,34,51.59,Clear
2026-04-17T11:25:39Z,SENS-007,Begumpet Flyover,52,50.03,Clear
2026-04-17T11:33:17Z,SENS-001,Jubilee Hills Checkpost,35,11.88,Fog
2026-04-17T11:33:37Z,SENS-007,Begumpet Flyover,30,18.32,Fog
2026-04-17T11:38:23Z,SENS-008,LB Nagar Crossroads,62,20.35,Cloudy
2026-04-17T11:38:57Z,SENS-003,Ameerpet Crossroads,38,63.01,Cloudy
2026-04-17T11:40:13Z,SENS-001,Jubilee Hills Checkpost,88,19.5,Clear
2026-04-17T11:52:19Z,SENS-001,Jubilee Hills Checkpost,89,42.95,Clear
2026-04-17T12:07:21Z,SENS-001,Jubilee Hills Checkpost,70,56.15,Clear
2026-04-17T12:09:19Z,SENS-006,Hitech City Signal,43,38.47,Fog
2026-04-17T12:16:47Z,SENS-007,Begumpet Flyover,30,43.43,Fog
2026-04-17T12:18:44Z,SENS-004,Madhapur IT Corridor,66,33.62,Clear
2026-04-17T12:19:34Z,SENS-008,LB Nagar Crossroads,71,29.49,Clear
2026-04-17T12:22:46Z,SENS-003,Ameerpet Crossroads,59,34.58,Clear
2026-04-17T12:30:52Z,SENS-007,Begumpet Flyover,62,51.31,Cloudy
2026-04-17T12:32:51Z,SENS-012,PVNR Expressway Toll,80,18.23,Clear
2026-04-17T12:43:52Z,SENS-010,Secunderabad Clock Tower,89,35.79,Clear
2026-04-17T12:51:01Z,SENS-008,LB Nagar Crossroads,79,50.78,Clear
2026-04-17T12:53:01Z,SENS-012,PVNR Expressway Toll,60,18.18,Light Rain
2026-04-17T12:53:16Z,SENS-006,Hitech City Signal,64,40.28,Cloudy
2026-04-17T12:54:20Z,SENS-007,Begumpet Flyover,51,41.72,Heavy Rain
2026-04-17T13:00:47Z,SENS-009,Kukatpally Housing Board,49,46.16,Clear
2026-04-17T13:02:04Z,SENS-011,Mehdipatnam Bus Stand,88,34.31,Clear
2026-04-17T13:06:38Z,SENS-002,Gachibowli Junction,70,26.73,Light Rain
2026-04-17T13:11:03Z,SENS-001,Jubilee Hills Checkpost,40,47.46,Light Rain
2026-04-17T13:16:06Z,SENS-012,PVNR Expressway Toll,72,32.5,Light Rain
2026-04-17T13:21:44Z,SENS-010,Secunderabad Clock Tower,35,20.8,Light Rain
2026-04-17T13:28:05Z,SENS-001,Jubilee Hills Checkpost,62,45.9,Clear
2026-04-17T13:37:51Z,SENS-002,Gachibowli Junction,74,35.0,Light Rain
2026-04-17T13:52:57Z,SENS-002,Gachibowli Junction,88,27.44,Clear
2026-04-17T14:04:10Z,SENS-010,Secunderabad Clock Tower,47,27.5,Cloudy
2026-04-17T14:05:49Z,SENS-002,Gachibowli Junction,65,34.97,Fog
2026-04-17T14:05:49Z,SENS-012,PVNR Expressway Toll,64,37.32,Heavy Rain
2026-04-17T14:10:15Z,SENS-010,Secunderabad Clock Tower,77,23.38,Clear
2026-04-17T14:16:48Z,SENS-007,Begumpet Flyover,30,16.89,Heavy Rain
2026-04-17T14:16:50Z,SENS-009,Kukatpally Housing Board,66,45.61,Light Rain
2026-04-17T14:17:37Z,SENS-009,Kukatpally Housing Board,30,25.83,Light Rain
2026-04-17T14:18:07Z,SENS-003,Ameerpet Crossroads,50,35.52,Cloudy
2026-04-17T14:30:18Z,SENS-008,LB Nagar Crossroads,31,37.93,Heavy Rain
2026-04-17T14:31:22Z,SENS-007,Begumpet Flyover,64,43.32,Cloudy
2026-04-17T14:35:16Z,SENS-012,PVNR Expressway Toll,60,46.98,Clear
2026-04-17T14:37:55Z,SENS-012,PVNR Expressway Toll,46,27.44,Clear
2026-04-17T14:40:41Z,SENS-011,Mehdipatnam Bus Stand,86,21.28,Cloudy
2026-04-17T14:43:47Z,SENS-011,Mehdipatnam Bus Stand,58,45.05,Cloudy
2026-04-17T14:44:49Z,SENS-007,Begumpet Flyover,46,35.03,Clear
2026-04-17T14:51:42Z,SENS-011,Mehdipatnam Bus Stand,61,34.75,Cloudy
2026-04-17T14:59:57Z,SENS-003,Ameerpet Crossroads,80,29.43,Clear
2026-04-17T15:03:33Z,SENS-010,Secunderabad Clock Tower,30,21.66,Cloudy
2026-04-17T15:09:04Z,SENS-010,Secunderabad Clock Tower,64,38.12,Fog
2026-04-17T15:15:08Z,SENS-002,Gachibowli Junction,70,15.46,Clear
2026-04-17T15:18:20Z,SENS-011,Mehdipatnam Bus Stand,61,29.38,Cloudy
2026-04-17T15:19:50Z,SENS-009,Kukatpally Housing Board,31,62.57,Clear
2026-04-17T15:20:31Z,SENS-009,Kukatpally Housing Board,76,44.9,Clear
2026-04-17T15:20:59Z,SENS-008,LB Nagar Crossroads,75,22.76,Clear
2026-04-17T15:21:00Z,SENS-012,PVNR Expressway Toll,49,44.71,Clear
2026-04-17T15:21:57Z,SENS-008,LB Nagar Crossroads,63,57.36,Clear
2026-04-17T15:26:18Z,SENS-011,Mehdipatnam Bus Stand,64,31.84,Clear
2026-04-17T15:31:02Z,SENS-008,LB Nagar Crossroads,36,64.82,Clear
2026-04-17T15:35:59Z,SENS-006,Hitech City Signal,35,38.96,Light Rain
2026-04-17T15:42:47Z,SENS-001,Jubilee Hills Checkpost,49,18.4,Light Rain
2026-04-17T15:49:09Z,SENS-002,Gachibowli Junction,60,39.03,Clear
2026-04-17T15:49:48Z,SENS-011,Mehdipatnam Bus Stand,53,26.9,Fog
2026-04-17T15:50:47Z,SENS-001,Jubilee Hills Checkpost,68,33.26,Light Rain
2026-04-17T16:03:34Z,SENS-009,Kukatpally Housing Board,43,31.78,Light Rain
2026-04-17T16:09:52Z,SENS-001,Jubilee Hills Checkpost,45,28.16,Heavy Rain
2026-04-17T16:11:06Z,SENS-012,PVNR Expressway Toll,53,26.97,Clear
2026-04-17T16:19:54Z,SENS-006,Hitech City Signal,69,41.54,Drizzle
2026-04-17T16:23:09Z,SENS-009,Kukatpally Housing Board,52,44.13,Cloudy
2026-04-17T16:26:07Z,SENS-008,LB Nagar Crossroads,24,19.27,Heavy Rain
2026-04-17T16:34:32Z,SENS-004,Madhapur IT Corridor,49,54.78,Clear
2026-04-17T16:47:19Z,SENS-010,Secunderabad Clock Tower,41,17.85,Fog
2026-04-17T16:47:49Z,SENS-012,PVNR Expressway Toll,85,34.94,Clear
2026-04-17T16:49:31Z,SENS-012,PVNR Expressway Toll,72,33.04,Clear
2026-04-17T16:50:18Z,SENS-005,Tank Bund Road,53,17.19,Light Rain
2026-04-17T16:50:35Z,SENS-002,Gachibowli Junction,46,41.54,Clear
2026-04-17T16:58:37Z,SENS-006,Hitech City Signal,73,31.87,Clear
2026-04-17T17:03:19Z,SENS-002,Gachibowli Junction,182,7.63,Cloudy
2026-04-17T17:13:29Z,SENS-012,PVNR Expressway Toll,83,17.25,Fog
2026-04-17T17:23:03Z,SENS-003,Ameerpet Crossroads,95,19.32,Light Rain
2026-04-17T17:29:40Z,SENS-005,Tank Bund Road,82,23.96,Cloudy
2026-04-17T17:43:05Z,SENS-009,Kukatpally Housing Board,104,30.32,Cloudy
2026-04-17T17:43:55Z,SENS-008,LB Nagar Crossroads,190,12.39,Clear
2026-04-17T17:50:39Z,SENS-006,Hitech City Signal,196,10.46,Clear
2026-04-17T18:06:56Z,SENS-007,Begumpet Flyover,169,12.36,Cloudy
2026-04-17T18:16:16Z,SENS-002,Gachibowli Junction,147,8.76,Fog
2026-04-17T18:17:34Z,SENS-001,Jubilee Hills Checkpost,172,11.05,Cloudy
2026-04-17T18:21:14Z,SENS-007,Begumpet Flyover,83,37.26,Light Rain
2026-04-17T18:31:14Z,SENS-010,Secunderabad Clock Tower,147,30.2,Clear
2026-04-17T18:36:51Z,SENS-001,Jubilee Hills Checkpost,120,38.34,Clear
2026-04-17T18:39:49Z,SENS-007,Begumpet Flyover,104,31.95,Clear
2026-04-17T18:52:54Z,SENS-002,Gachibowli Junction,177,12.34,Clear
2026-04-17T19:02:10Z,SENS-001,Jubilee Hills Checkpost,144,17.66,Light Rain
2026-04-17T19:06:17Z,SENS-007,Begumpet Flyover,87,14.41,Cloudy
2026-04-17T19:09:28Z,SENS-009,Kukatpally Housing Board,171,22.02,Cloudy
2026-04-17T19:09:51Z,SENS-006,Hitech City Signal,161,17.93,Clear
2026-04-17T19:13:48Z,SENS-009,Kukatpally Housing Board,150,31.73,Clear
2026-04-17T19:14:14Z,SENS-012,PVNR Expressway Toll,83,19.13,Light Rain
2026-04-17T19:14:47Z,SENS-007,Begumpet Flyover,119,29.56,Cloudy
2026-04-17T19:19:57Z,SENS-002,Gachibowli Junction,135,13.88,Clear
2026-04-17T19:19:58Z,SENS-011,Mehdipatnam Bus Stand,84,47.61,Cloudy
2026-04-17T19:20:27Z,SENS-007,Begumpet Flyover,125,27.4,Clear
2026-04-17T19:20:44Z,SENS-006,Hitech City Signal,114,28.34,Heavy Rain
2026-04-17T19:22:57Z,SENS-003,Ameerpet Crossroads,171,8.98,Cloudy
2026-04-17T19:24:09Z,SENS-007,Begumpet Flyover,154,9.22,Clear
2026-04-17T19:24:59Z,SENS-012,PVNR Expressway Toll,87,30.82,Heavy Rain
2026-04-17T19:26:37Z,SENS-006,Hitech City Signal,145,15.71,Cloudy
2026-04-17T19:27:45Z,SENS-008,LB Nagar Crossroads,197,10.86,Clear
2026-04-17T19:28:13Z,SENS-010,Secunderabad Clock Tower,165,17.22,Light Rain
2026-04-17T19:29:09Z,SENS-011,Mehdipatnam Bus Stand,89,30.96,Clear
2026-04-17T19:34:06Z,SENS-004,Madhapur IT Corridor,189,16.41,Clear
2026-04-17T19:37:58Z,SENS-012,PVNR Expressway Toll,143,30.12,Cloudy
2026-04-17T19:46:17Z,SENS-001,Jubilee Hills Checkpost,164,7.32,Light Rain
2026-04-17T19:46:57Z,SENS-009,Kukatpally Housing Board,113,24.17,Clear
2026-04-17T19:51:26Z,SENS-004,Madhapur IT Corridor,163,19.89,Cloudy
2026-04-17T19:52:56Z,SENS-009,Kukatpally Housing Board,168,13.54,Cloudy
2026-04-17T19:55:37Z,SENS-011,Mehdipatnam Bus Stand,126,16.19,Clear
2026-04-17T20:03:08Z,SENS-007,Begumpet Flyover,42,23.16,Drizzle
2026-04-17T20:07:25Z,SENS-012,PVNR Expressway Toll,71,22.4,Clear
2026-04-17T20:07:35Z,SENS-010,Secunderabad Clock Tower,68,28.72,Fog
2026-04-17T20:14:29Z,SENS-007,Begumpet Flyover,41,26.57,Clear
2026-04-17T20:15:17Z,SENS-001,Jubilee Hills Checkpost,72,35.84,Light Rain
2026-04-17T20:23:00Z,SENS-011,Mehdipatnam Bus Stand,89,33.94,Clear
2026-04-17T20:27:30Z,SENS-001,Jubilee Hills Checkpost,53,31.26,Light Rain
2026-04-17T20:36:23Z,SENS-012,PVNR Expressway Toll,39,53.09,Cloudy
2026-04-17T20:49:20Z,SENS-010,Secunderabad Clock Tower,51,28.83,Heavy Rain
2026-04-17T20:56:21Z,SENS-010,Secunderabad Clock Tower,74,26.58,Clear
2026-04-17T20:57:56Z,SENS-006,Hitech City Signal,80,40.14,Cloudy
2026-04-17T21:00:07Z,SENS-006,Hitech City Signal,54,34.07,Cloudy
2026-04-17T21:01:02Z,SENS-006,Hitech City Signal,24,45.45,Heavy Rain
2026-04-17T21:01:33Z,SENS-003,Ameerpet Crossroads,84,45.78,Clear
2026-04-17T21:01:43Z,SENS-002,Gachibowli Junction,52,47.17,Cloudy
2026-04-17T21:04:28Z,SENS-011,Mehdipatnam Bus Stand,72,33.4,Light Rain
2026-04-17T21:05:38Z,SENS-011,Mehdipatnam Bus Stand,68,47.53,Light Rain
2026-04-17T21:06:19Z,SENS-012,PVNR Expressway Toll,39,25.47,Clear
2026-04-17T21:09:26Z,SENS-006,Hitech City Signal,34,31.22,Clear
2026-04-17T21:18:58Z,SENS-010,Secunderabad Clock Tower,43,29.5,Cloudy
2026-04-17T21:19:22Z,SENS-004,Madhapur IT Corridor,56,20.91,Clear
2026-04-17T21:20:28Z,SENS-001,Jubilee Hills Checkpost,39,35.99,Clear
2026-04-17T21:27:34Z,SENS-007,Begumpet Flyover,72,32.1,Cloudy
2026-04-17T21:33:29Z,SENS-010,Secunderabad Clock Tower,59,40.86,Clear
2026-04-17T21:37:19Z,SENS-011,Mehdipatnam Bus Stand,63,19.3,Clear
2026-04-17T21:40:20Z,SENS-002,Gachibowli Junction,29,49.25,Light Rain
2026-04-17T21:40:57Z,SENS-002,Gachibowli Junction,48,30.21,Cloudy
2026-04-17T21:41:57Z,SENS-012,PVNR Expressway Toll,50,50.08,Cloudy
2026-04-17T21:42:37Z,SENS-007,Begumpet Flyover,45,52.65,Clear
2026-04-17T21:48:38Z,SENS-010,Secunderabad Clock Tower,25,41.27,Heavy Rain
2026-04-17T21:59:20Z,SENS-010,Secunderabad Clock Tower,52,32.79,Cloudy
2026-04-17T22:00:24Z,SENS-012,PVNR Expressway Toll,21,36.51,Drizzle
2026-04-17T22:06:42Z,SENS-008,LB Nagar Crossroads,10,43.59,Clear
2026-04-17T22:12:20Z,SENS-003,Ameerpet Crossroads,15,27.65,Heavy Rain
2026-04-17T22:30:11Z,SENS-012,PVNR Expressway Toll,37,30.59,Cloudy
2026-04-17T22:35:16Z,SENS-002,Gachibowli Junction,19,54.34,Clear
2026-04-17T22:36:10Z,SENS-001,Jubilee Hills Checkpost,32,20.54,Cloudy
2026-04-17T22:37:54Z,SENS-010,Secunderabad Clock Tower,4,31.42,Fog
2026-04-17T22:42:42Z,SENS-002,Gachibowli Junction,29,20.66,Heavy Rain
2026-04-17T22:55:26Z,SENS-004,Madhapur IT Corridor,35,53.81,Clear
2026-04-17T22:57:10Z,SENS-010,Secunderabad Clock Tower,27,58.62,Cloudy
2026-04-17T23:02:31Z,SENS-004,Madhapur IT Corridor,18,21.89,Cloudy
2026-04-17T23:02:53Z,SENS-005,Tank Bund Road,7,37.04,Clear
2026-04-17T23:09:21Z,SENS-012,PVNR Expressway Toll,29,53.37,Clear
2026-04-17T23:11:13Z,SENS-012,PVNR Expressway Toll,34,17.9,Drizzle
2026-04-17T23:13:31Z,SENS-009,Kukatpally Housing Board,14,62.08,Clear
2026-04-17T23:21:35Z,SENS-011,Mehdipatnam Bus Stand,16,33.45,Heavy Rain
2026-04-17T23:29:21Z,SENS-008,LB Nagar Crossroads,26,39.21,Clear
2026-04-17T23:29:58Z,SENS-009,Kukatpally Housing Board,11,41.76,Clear
2026-04-17T23:42:07Z,SENS-009,Kukatpally Housing Board,20,41.66,Fog
2026-04-17T23:43:43Z,SENS-005,Tank Bund Road,9,49.36,Drizzle
2026-04-17T23:47:47Z,SENS-012,PVNR Expressway Toll,5,31.41,Cloudy
2026-04-17T23:52:18Z,SENS-005,Tank Bund Road,31,21.86,Clear
2026-04-17T23:56:13Z,SENS-008,LB Nagar Crossroads,26,21.9,Clear
2026-04-18T00:01:23Z,SENS-003,Ameerpet Crossroads,10,26.6,Heavy Rain
2026-04-18T00:01:26Z,SENS-011,Mehdipatnam Bus Stand,34,33.64,Clear
2026-04-18T00:03:49Z,SENS-002,Gachibowli Junction,14,47.7,Clear
2026-04-18T00:04:45Z,SENS-007,Begumpet Flyover,8,32.44,Fog
2026-04-18T00:08:31Z,SENS-008,LB Nagar Crossroads,8,23.48,Light Rain
2026-04-18T00:23:20Z,SENS-010,Secunderabad Clock Tower,32,39.24,Clear
2026-04-18T00:27:15Z,SENS-011,Mehdipatnam Bus Stand,11,43.35,Heavy Rain
2026-04-18T00:32:13Z,SENS-003,Ameerpet Crossroads,30,21.82,Light Rain
2026-04-18T00:40:19Z,SENS-004,Madhapur IT Corridor,33,24.62,Light Rain
2026-04-18T00:41:24Z,SENS-004,Madhapur IT Corridor,34,64.0,Cloudy
2026-04-18T00:42:35Z,SENS-011,Mehdipatnam Bus Stand,15,35.34,Clear
2026-04-18T00:51:58Z,SENS-008,LB Nagar Crossroads,20,45.07,Fog
2026-04-18T00:53:04Z,SENS-005,Tank Bund Road,13,66.16,Cloudy
2026-04-18T01:03:40Z,SENS-005,Tank Bund Road,25,43.52,Light Rain
2026-04-18T01:08:14Z,SENS-007,Begumpet Flyover,9,23.8,Cloudy
2026-04-18T01:09:00Z,SENS-006,Hitech City Signal,27,44.09,Heavy Rain
2026-04-18T01:10:29Z,SENS-011,Mehdipatnam Bus Stand,13,58.95,Cloudy
2026-04-18T01:16:49Z,SENS-006,Hitech City Signal,34,27.77,Light Rain
2026-04-18T01:19:56Z,SENS-011,Mehdipatnam Bus Stand,14,47.59,Cloudy
2026-04-18T01:20:14Z,SENS-003,Ameerpet Crossroads,4,39.59,Cloudy
2026-04-18T01:22:05Z,SENS-012,PVNR Expressway Toll,31,20.91,Clear
2026-04-18T01:32:02Z,SENS-009,Kukatpally Housing Board,18,57.11,Drizzle
2026-04-18T01:33:22Z,SENS-006,Hitech City Signal,18,72.44,Clear
2026-04-18T01:33:52Z,SENS-006,Hitech City Signal,22,63.95,Clear
2026-04-18T01:36:32Z,SENS-008,LB Nagar Crossroads,32,18.95,Cloudy
2026-04-18T01:37:17Z,SENS-007,Begumpet Flyover,26,36.84,Light Rain
2026-04-18T01:47:18Z,SENS-011,Mehdipatnam Bus Stand,30,25.5,Cloudy
2026-04-18T01:49:13Z,SENS-008,LB Nagar Crossroads,34,43.67,Drizzle
2026-04-18T01:49:43Z,SENS-011,Mehdipatnam Bus Stand,20,49.7,Clear
2026-04-18T01:54:02Z,SENS-012,PVNR Expressway Toll,32,35.7,Clear
2026-04-18T01:55:11Z,SENS-006,Hitech City Signal,38,52.86,Clear
2026-04-18T02:01:32Z,SENS-007,Begumpet Flyover,22,59.57,Light Rain
2026-04-18T02:06:53Z,SENS-006,Hitech City Signal,9,39.14,Light Rain
2026-04-18T02:07:32Z,SENS-004,Madhapur IT Corridor,36,57.5,Clear
2026-04-18T02:08:18Z,SENS-004,Madhapur IT Corridor,17,37.56,Light Rain
2026-04-18T02:09:07Z,SENS-009,Kukatpally Housing Board,38,54.45,Clear
2026-04-18T02:09:37Z,SENS-011,Mehdipatnam Bus Stand,38,45.1,Clear
2026-04-18T02:10:03Z,SENS-006,Hitech City Signal,31,40.25,Clear
2026-04-18T02:10:34Z,SENS-005,Tank Bund Road,16,67.41,Clear
2026-04-18T02:24:05Z,SENS-009,Kukatpally Housing Board,38,25.74,Clear
2026-04-18T02:27:53Z,SENS-004,Madhapur IT Corridor,12,20.99,Fog
2026-04-18T02:32:28Z,SENS-005,Tank Bund Road,16,29.5,Clear
2026-04-18T02:33:11Z,SENS-009,Kukatpally Housing Board,25,35.83,Drizzle
2026-04-18T02:36:06Z,SENS-012,PVNR Expressway Toll,25,18.78,Cloudy
2026-04-18T02:43:18Z,SENS-001,Jubilee Hills Checkpost,15,41.62,Clear
2026-04-18T02:43:33Z,SENS-012,PVNR Expressway Toll,25,46.17,Clear
2026-04-18T02:48:34Z,SENS-002,Gachibowli Junction,17,20.56,Fog
2026-04-18T02:48:40Z,SENS-010,Secunderabad Clock Tower,12,41.24,Clear
2026-04-18T02:48:50Z,SENS-003,Ameerpet Crossroads,12,44.07,Clear
2026-04-18T02:50:51Z,SENS-010,Secunderabad Clock Tower,12,24.84,Clear
2026-04-18T02:53:07Z,SENS-002,Gachibowli Junction,8,21.49,Heavy Rain
2026-04-18T02:57:41Z,SENS-006,Hitech City Signal,34,17.53,Light Rain
2026-04-18T02:57:51Z,SENS-005,Tank Bund Road,34,36.52,Cloudy
2026-04-18T02:59:38Z,SENS-001,Jubilee Hills Checkpost,10,37.23,Cloudy
2026-04-18T02:59:55Z,SENS-008,LB Nagar Crossroads,23,29.64,Cloudy
2026-04-18T03:03:34Z,SENS-003,Ameerpet Crossroads,8,38.65,Light Rain
2026-04-18T03:05:53Z,SENS-003,Ameerpet Crossroads,23,27.34,Drizzle
2026-04-18T03:10:35Z,SENS-008,LB Nagar Crossroads,34,36.08,Clear
2026-04-18T03:10:39Z,SENS-007,Begumpet Flyover,25,43.04,Heavy Rain
2026-04-18T03:14:48Z,SENS-004,Madhapur IT Corridor,12,47.02,Clear
2026-04-18T03:23:45Z,SENS-010,Secunderabad Clock Tower,13,59.49,Cloudy
2026-04-18T03:27:01Z,SENS-006,Hitech City Signal,38,38.77,Clear
2026-04-18T03:42:58Z,SENS-010,Secunderabad Clock Tower,33,61.14,Clear
2026-04-18T03:51:58Z,SENS-003,Ameerpet Crossroads,24,68.08,Clear
2026-04-18T03:56:09Z,SENS-009,Kukatpally Housing Board,23,46.25,Light Rain
2026-04-18T03:58:13Z,SENS-005,Tank Bund Road,12,45.48,Clear
2026-04-18T03:58:49Z,SENS-005,Tank Bund Road,6,44.19,Clear
2026-04-18T04:06:48Z,SENS-010,Secunderabad Clock Tower,24,36.33,Heavy Rain
2026-04-18T04:15:28Z,SENS-009,Kukatpally Housing Board,21,46.88,Clear
2026-04-18T04:17:33Z,SENS-003,Ameerpet Crossroads,29,23.99,Clear
2026-04-18T04:23:56Z,SENS-006,Hitech City Signal,27,26.21,Clear
2026-04-18T04:26:34Z,SENS-006,Hitech City Signal,25,53.87,Clear
2026-04-18T04:29:23Z,SENS-005,Tank Bund Road,21,44.45,Light Rain
2026-04-18T04:35:35Z,SENS-007,Begumpet Flyover,11,27.14,Cloudy
2026-04-18T04:40:42Z,SENS-002,Gachibowli Junction,8,59.2,Light Rain
2026-04-18T04:53:36Z,SENS-005,Tank Bund Road,12,52.65,Clear
2026-04-18T04:53:44Z,SENS-010,Secunderabad Clock Tower,24,26.83,Heavy Rain
2026-04-18T04:55:56Z,SENS-008,LB Nagar Crossroads,34,24.63,Clear
2026-04-18T04:58:48Z,SENS-007,Begumpet Flyover,18,42.54,Light Rain
2026-04-18T05:00:42Z,SENS-004,Madhapur IT Corridor,58,26.93,Heavy Rain
2026-04-18T05:15:17Z,SENS-005,Tank Bund Road,53,10.47,Fog
2026-04-18T05:19:42Z,SENS-001,Jubilee Hills Checkpost,35,35.56,Light Rain
2026-04-18T05:27:53Z,SENS-002,Gachibowli Junction,81,36.87,Cloudy
2026-04-18T05:29:31Z,SENS-007,Begumpet Flyover,82,20.65,Cloudy
2026-04-18T05:33:09Z,SENS-010,Secunderabad Clock Tower,49,38.27,Clear
2026-04-18T05:34:06Z,SENS-006,Hitech City Signal,65,31.87,Cloudy
2026-04-18T05:40:26Z,SENS-005,Tank Bund Road,28,23.37,Heavy Rain
2026-04-18T05:42:18Z,SENS-002,Gachibowli Junction,72,53.02,Cloudy
2026-04-18T05:48:12Z,SENS-011,Mehdipatnam Bus Stand,52,56.74,Cloudy
2026-04-18T05:51:14Z,SENS-006,Hitech City Signal,85,36.48,Clear
2026-04-18T05:51:35Z,SENS-012,PVNR Expressway Toll,43,46.09,Cloudy
2026-04-18T05:52:34Z,SENS-009,Kukatpally Housing Board,49,27.84,Cloudy
2026-04-18T05:57:47Z,SENS-007,Begumpet Flyover,88,40.0,Clear
2026-04-18T06:02:34Z,SENS-005,Tank Bund Road,63,20.08,Cloudy
2026-04-18T06:12:03Z,SENS-009,Kukatpally Housing Board,46,47.52,Clear
2026-04-18T06:14:02Z,SENS-009,Kukatpally Housing Board,34,56.56,Light Rain
2026-04-18T06:15:32Z,SENS-001,Jubilee Hills Checkpost,33,45.65,Drizzle
2026-04-18T06:17:12Z,SENS-008,LB Nagar Crossroads,46,65.16,Clear
2026-04-18T06:18:41Z,SENS-007,Begumpet Flyover,39,27.07,Cloudy
2026-04-18T06:19:37Z,SENS-011,Mehdipatnam Bus Stand,59,38.6,Fog
2026-04-18T06:21:35Z,SENS-004,Madhapur IT Corridor,60,41.29,Light Rain
2026-04-18T06:29:34Z,SENS-005,Tank Bund Road,40,61.58,Clear
2026-04-18T06:32:26Z,SENS-003,Ameerpet Crossroads,80,11.71,Light Rain
2026-04-18T06:32:45Z,SENS-001,Jubilee Hills Checkpost,81,29.41,Cloudy
2026-04-18T06:34:49Z,SENS-008,LB Nagar Crossroads,80,34.31,Light Rain
2026-04-18T06:34:54Z,SENS-011,Mehdipatnam Bus Stand,35,28.81,Clear
2026-04-18T06:38:44Z,SENS-006,Hitech City Signal,83,35.57,Cloudy
2026-04-18T06:40:11Z,SENS-005,Tank Bund Road,49,53.69,Clear
2026-04-18T06:44:05Z,SENS-002,Gachibowli Junction,77,33.98,Light Rain
2026-04-18T06:51:47Z,SENS-011,Mehdipatnam Bus Stand,66,22.52,Heavy Rain
2026-04-18T06:58:33Z,SENS-008,LB Nagar Crossroads,88,23.25,Clear
2026-04-18T07:02:10Z,SENS-010,Secunderabad Clock Tower,80,24.1,Clear
2026-04-18T07:06:51Z,SENS-008,LB Nagar Crossroads,66,30.86,Fog
2026-04-18T07:13:30Z,SENS-011,Mehdipatnam Bus Stand,48,25.99,Clear
2026-04-18T07:18:40Z,SENS-006,Hitech City Signal,60,37.43,Clear
2026-04-18T07:21:08Z,SENS-004,Madhapur IT Corridor,71,35.62,Cloudy
2026-04-18T07:23:24Z,SENS-001,Jubilee Hills Checkpost,50,54.6,Drizzle
2026-04-18T07:24:42Z,SENS-011,Mehdipatnam Bus Stand,31,29.7,Cloudy
2026-04-18T07:25:57Z,SENS-012,PVNR Expressway Toll,49,22.01,Clear
2026-04-18T07:29:03Z,SENS-007,Begumpet Flyover,57,44.39,Cloudy
2026-04-18T07:33:15Z,SENS-010,Secunderabad Clock Tower,66,25.44,Heavy Rain
2026-04-18T07:40:26Z,SENS-006,Hitech City Signal,86,24.21,Cloudy
2026-04-18T07:41:10Z,SENS-011,Mehdipatnam Bus Stand,34,57.52,Drizzle
2026-04-18T07:42:45Z,SENS-006,Hitech City Signal,50,46.82,Clear
2026-04-18T07:47:39Z,SENS-011,Mehdipatnam Bus Stand,40,16.84,Light Rain
2026-04-18T07:51:50Z,SENS-003,Ameerpet Crossroads,39,58.99,Clear
2026-04-18T07:59:51Z,SENS-010,Secunderabad Clock Tower,37,61.08,Clear
2026-04-18T08:00:22Z,SENS-005,Tank Bund Road,122,39.51,Clear
2026-04-18T08:05:30Z,SENS-003,Ameerpet Crossroads,139,21.91,Clear
2026-04-18T08:07:36Z,SENS-007,Begumpet Flyover,171,10.47,Cloudy
2026-04-18T08:13:17Z,SENS-005,Tank Bund Road,172,14.65,Clear
2026-04-18T08:19:32Z,SENS-012,PVNR Expressway Toll,133,12.96,Clear
2026-04-18T08:25:37Z,SENS-009,Kukatpally Housing Board,167,7.19,Cloudy
2026-04-18T08:28:53Z,SENS-002,Gachibowli Junction,117,25.73,Light Rain
2026-04-18T08:30:09Z,SENS-005,Tank Bund Road,182,10.38,Clear
2026-04-18T08:30:23Z,SENS-009,Kukatpally Housing Board,108,24.35,Light Rain
2026-04-18T08:30:27Z,SENS-009,Kukatpally Housing Board,148,12.74,Clear
2026-04-18T08:31:18Z,SENS-004,Madhapur IT Corridor,149,9.66,Clear
2026-04-18T08:42:05Z,SENS-007,Begumpet Flyover,87,35.75,Heavy Rain
2026-04-18T08:42:59Z,SENS-005,Tank Bund Road,96,24.91,Clear
2026-04-18T08:43:51Z,SENS-003,Ameerpet Crossroads,154,13.52,Drizzle
2026-04-18T08:47:09Z,SENS-005,Tank Bund Road,145,7.95,Fog
2026-04-18T08:48:47Z,SENS-006,Hitech City Signal,107,12.29,Clear
2026-04-18T08:49:28Z,SENS-007,Begumpet Flyover,151,12.47,Light Rain
2026-04-18T08:56:51Z,SENS-009,Kukatpally Housing Board,189,22.9,Clear
2026-04-18T08:59:06Z,SENS-007,Begumpet Flyover,139,31.65,Cloudy
2026-04-18T08:59:23Z,SENS-009,Kukatpally Housing Board,141,18.58,Fog
2026-04-18T09:01:31Z,SENS-003,Ameerpet Crossroads,180,12.46,Cloudy
2026-04-18T09:03:37Z,SENS-010,Secunderabad Clock Tower,135,31.28,Cloudy
2026-04-18T09:05:34Z,SENS-009,Kukatpally Housing Board,112,18.11,Heavy Rain
2026-04-18T09:06:33Z,SENS-010,Secunderabad Clock Tower,131,14.66,Heavy Rain
2026-04-18T09:08:33Z,SENS-010,Secunderabad Clock Tower,116,27.83,Heavy Rain
2026-04-18T09:14:01Z,SENS-012,PVNR Expressway Toll,76,30.64,Fog
2026-04-18T09:24:28Z,SENS-008,LB Nagar Crossroads,155,23.12,Light Rain
2026-04-18T09:25:08Z,SENS-010,Secunderabad Clock Tower,86,38.26,Clear
2026-04-18T09:25:26Z,SENS-008,LB Nagar Crossroads,185,16.16,Clear
2026-04-18T09:27:08Z,SENS-008,LB Nagar Crossroads,85,17.25,Light Rain
2026-04-18T09:28:28Z,SENS-007,Begumpet Flyover,68,17.31,Fog
2026-04-18T09:30:37Z,SENS-008,LB Nagar Crossroads,97,16.13,Cloudy
2026-04-18T09:43:07Z,SENS-006,Hitech City Signal,140,22.97,Clear
2026-04-18T09:44:52Z,SENS-010,Secunderabad Clock Tower,154,15.92,Cloudy
2026-04-18T09:44:57Z,SENS-007,Begumpet Flyover,198,12.96,Clear
2026-04-18T09:51:40Z,SENS-010,Secunderabad Clock Tower,161,15.98,Clear
2026-04-18T09:53:24Z,SENS-008,LB Nagar Crossroads,125,23.87,Heavy Rain
2026-04-18T09:54:35Z,SENS-007,Begumpet Flyover,165,25.87,Clear
2026-04-18T09:55:28Z,SENS-011,Mehdipatnam Bus Stand,72,30.61,Fog
2026-04-18T09:59:50Z,SENS-004,Madhapur IT Corridor,165,14.0,Clear
2026-04-18T10:00:17Z,SENS-011,Mehdipatnam Bus Stand,83,41.85,Clear
2026-04-18T10:03:05Z,SENS-012,PVNR Expressway Toll,87,9.89,Heavy Rain
2026-04-18T10:04:38Z,SENS-007,Begumpet Flyover,153,16.86,Cloudy
2026-04-18T10:06:47Z,SENS-004,Madhapur IT Corridor,111,39.21,Clear
2026-04-18T10:08:51Z,SENS-004,Madhapur IT Corridor,79,23.0,Cloudy
2026-04-18T10:20:43Z,SENS-006,Hitech City Signal,90,31.82,Clear
2026-04-18T10:21:33Z,SENS-003,Ameerpet Crossroads,73,10.08,Heavy Rain
2026-04-18T10:26:41Z,SENS-012,PVNR Expressway Toll,134,25.77,Light Rain
2026-04-18T10:27:41Z,SENS-010,Secunderabad Clock Tower,97,21.49,Fog
2026-04-18T10:30:14Z,SENS-008,LB Nagar Crossroads,90,34.33,Clear
2026-04-18T10:39:41Z,SENS-002,Gachibowli Junction,112,27.58,Clear
2026-04-18T10:39:43Z,SENS-011,Mehdipatnam Bus Stand,92,21.51,Fog
2026-04-18T10:49:00Z,SENS-003,Ameerpet Crossroads,177,16.31,Clear
2026-04-18T10:51:00Z,SENS-001,Jubilee Hills Checkpost,67,10.94,Fog
2026-04-18T10:55:13Z,SENS-005,Tank Bund Road,171,24.09,Clear
2026-04-18T11:02:57Z,SENS-001,Jubilee Hills Checkpost,73,33.22,Cloudy
2026-04-18T11:06:29Z,SENS-012,PVNR Expressway Toll,34,40.16,Cloudy
2026-04-18T11:07:27Z,SENS-006,Hitech City Signal,37,33.5,Clear
2026-04-18T11:09:05Z,SENS-001,Jubilee Hills Checkpost,56,39.02,Clear
2026-04-18T11:13:05Z,SENS-011,Mehdipatnam Bus Stand,70,16.7,Fog
2026-04-18T11:14:14Z,SENS-001,Jubilee Hills Checkpost,70,37.93,Clear
2026-04-18T11:17:09Z,SENS-012,PVNR Expressway Toll,39,18.14,Clear
2026-04-18T11:39:41Z,SENS-001,Jubilee Hills Checkpost,46,17.34,Heavy Rain
2026-04-18T11:50:23Z,SENS-004,Madhapur IT Corridor,78,46.45,Light Rain
2026-04-18T11:52:08Z,SENS-011,Mehdipatnam Bus Stand,44,55.88,Clear
2026-04-18T11:54:12Z,SENS-006,Hitech City Signal,34,40.13,Clear
2026-04-18T11:54:59Z,SENS-004,Madhapur IT Corridor,80,34.89,Cloudy
2026-04-18T12:03:44Z,SENS-008,LB Nagar Crossroads,50,33.25,Clear
2026-04-18T12:07:04Z,SENS-009,Kukatpally Housing Board,60,47.97,Clear
2026-04-18T12:09:26Z,SENS-004,Madhapur IT Corridor,52,15.76,Fog
2026-04-18T12:21:08Z,SENS-011,Mehdipatnam Bus Stand,50,31.95,Drizzle
2026-04-18T12:24:42Z,SENS-003,Ameerpet Crossroads,68,48.05,Clear
2026-04-18T12:26:12Z,SENS-005,Tank Bund Road,63,20.81,Cloudy
2026-04-18T12:30:56Z,SENS-002,Gachibowli Junction,48,45.34,Clear
2026-04-18T12:34:27Z,SENS-006,Hitech City Signal,79,27.48,Clear
2026-04-18T12:36:48Z,SENS-003,Ameerpet Crossroads,44,38.27,Cloudy
2026-04-18T12:37:13Z,SENS-004,Madhapur IT Corridor,34,21.62,Cloudy
2026-04-18T12:39:16Z,SENS-004,Madhapur IT Corridor,53,44.14,Cloudy
2026-04-18T12:43:34Z,SENS-008,LB Nagar Crossroads,77,18.38,Clear
2026-04-18T12:46:31Z,SENS-011,Mehdipatnam Bus Stand,27,15.53,Light Rain
2026-04-18T12:51:03Z,SENS-012,PVNR Expressway Toll,37,15.52,Light Rain
2026-04-18T12:53:03Z,SENS-005,Tank Bund Road,61,42.2,Clear
2026-04-18T12:55:07Z,SENS-005,Tank Bund Road,84,26.9,Clear
2026-04-18T12:56:14Z,SENS-002,Gachibowli Junction,76,17.11,Light Rain
2026-04-18T13:00:15Z,SENS-006,Hitech City Signal,56,27.83,Clear
2026-04-18T13:07:00Z,SENS-002,Gachibowli Junction,48,27.98,Heavy Rain
2026-04-18T13:11:45Z,SENS-008,LB Nagar Crossroads,33,49.05,Clear
2026-04-18T13:13:02Z,SENS-012,PVNR Expressway Toll,36,48.17,Cloudy
2026-04-18T13:23:39Z,SENS-003,Ameerpet Crossroads,48,27.58,Clear
2026-04-18T13:25:15Z,SENS-002,Gachibowli Junction,77,33.83,Light Rain
2026-04-18T13:26:06Z,SENS-009,Kukatpally Housing Board,62,37.83,Cloudy
2026-04-18T13:34:54Z,SENS-006,Hitech City Signal,64,19.02,Fog
2026-04-18T13:38:09Z,SENS-001,Jubilee Hills Checkpost,50,31.28,Clear
2026-04-18T13:38:43Z,SENS-005,Tank Bund Road,79,17.74,Clear
2026-04-18T13:40:20Z,SENS-008,LB Nagar Crossroads,84,38.75,Cloudy
2026-04-18T13:44:09Z,SENS-008,LB Nagar Crossroads,28,50.78,Light Rain
2026-04-18T13:49:13Z,SENS-003,Ameerpet Crossroads,28,28.92,Light Rain
2026-04-18T13:51:47Z,SENS-003,Ameerpet Crossroads,61,22.84,Cloudy
2026-04-18T13:56:01Z,SENS-009,Kukatpally Housing Board,68,27.66,Cloudy
2026-04-18T14:03:37Z,SENS-011,Mehdipatnam Bus Stand,42,35.44,Light Rain
2026-04-18T14:13:11Z,SENS-007,Begumpet Flyover,51,26.44,Fog
2026-04-18T14:17:06Z,SENS-006,Hitech City Signal,54,18.09,Clear
2026-04-18T14:17:18Z,SENS-003,Ameerpet Crossroads,56,41.5,Clear
2026-04-18T14:20:43Z,SENS-001,Jubilee Hills Checkpost,36,62.68,Clear
2026-04-18T14:22:48Z,SENS-012,PVNR Expressway Toll,73,15.48,Clear
2026-04-18T14:28:09Z,SENS-002,Gachibowli Junction,68,39.81,Cloudy
2026-04-18T14:32:56Z,SENS-006,Hitech City Signal,73,20.99,Clear
2026-04-18T14:33:28Z,SENS-010,Secunderabad Clock Tower,87,27.93,Clear
2026-04-18T14:35:33Z,SENS-004,Madhapur IT Corridor,30,17.35,Drizzle
2026-04-18T14:37:55Z,SENS-005,Tank Bund Road,65,51.86,Clear
2026-04-18T14:39:34Z,SENS-001,Jubilee Hills Checkpost,57,41.21,Cloudy
2026-04-18T14:54:10Z,SENS-007,Begumpet Flyover,73,32.45,Cloudy
2026-04-18T14:58:31Z,SENS-009,Kukatpally Housing Board,46,43.81,Light Rain
2026-04-18T15:08:20Z,SENS-008,LB Nagar Crossroads,77,47.63,Clear
2026-04-18T15:18:23Z,SENS-001,Jubilee Hills Checkpost,34,48.27,Cloudy
2026-04-18T15:30:50Z,SENS-001,Jubilee Hills Checkpost,51,32.12,Clear
2026-04-18T15:31:25Z,SENS-006,Hitech City Signal,84,27.08,Clear
2026-04-18T15:33:49Z,SENS-008,LB Nagar Crossroads,67,11.84,Fog
2026-04-18T15:38:08Z,SENS-001,Jubilee Hills Checkpost,40,61.6,Cloudy
2026-04-18T15:49:40Z,SENS-001,Jubilee Hills Checkpost,42,46.46,Heavy Rain
2026-04-18T15:54:03Z,SENS-011,Mehdipatnam Bus Stand,64,17.56,Cloudy
2026-04-18T16:05:30Z,SENS-007,Begumpet Flyover,31,32.3,Clear
2026-04-18T16:15:28Z,SENS-003,Ameerpet Crossroads,39,18.88,Clear
2026-04-18T16:17:27Z,SENS-003,Ameerpet Crossroads,62,59.09,Clear
2026-04-18T16:21:43Z,SENS-009,Kukatpally Housing Board,60,30.49,Fog
2026-04-18T16:29:23Z,SENS-001,Jubilee Hills Checkpost,46,34.65,Clear
2026-04-18T16:29:27Z,SENS-001,Jubilee Hills Checkpost,58,34.9,Drizzle
2026-04-18T16:29:56Z,SENS-001,Jubilee Hills Checkpost,36,25.4,Light Rain
2026-04-18T16:40:57Z,SENS-004,Madhapur IT Corridor,53,41.95,Cloudy
2026-04-18T16:41:11Z,SENS-006,Hitech City Signal,70,20.25,Clear
2026-04-18T16:43:37Z,SENS-006,Hitech City Signal,86,22.7,Clear
2026-04-18T16:43:52Z,SENS-012,PVNR Expressway Toll,32,45.75,Clear
2026-04-18T16:44:26Z,SENS-003,Ameerpet Crossroads,35,21.46,Clear
2026-04-18T16:52:30Z,SENS-001,Jubilee Hills Checkpost,71,52.3,Clear
2026-04-18T16:55:35Z,SENS-001,Jubilee Hills Checkpost,49,16.34,Fog
2026-04-18T16:57:33Z,SENS-002,Gachibowli Junction,59,38.09,Clear
2026-04-18T16:58:51Z,SENS-005,Tank Bund Road,43,22.17,Cloudy
2026-04-18T17:03:09Z,SENS-009,Kukatpally Housing Board,140,29.91,Drizzle
2026-04-18T17:10:18Z,SENS-008,LB Nagar Crossroads,105,28.5,Clear
2026-04-18T17:12:25Z,SENS-003,Ameerpet Crossroads,108,32.06,Clear
2026-04-18T17:15:26Z,SENS-008,LB Nagar Crossroads,129,28.71,Clear
2026-04-18T17:25:07Z,SENS-010,Secunderabad Clock Tower,114,14.96,Fog
2026-04-18T17:31:18Z,SENS-008,LB Nagar Crossroads,128,11.22,Drizzle
2026-04-18T17:31:41Z,SENS-002,Gachibowli Junction,136,10.6,Clear
2026-04-18T17:31:44Z,SENS-005,Tank Bund Road,142,10.98,Drizzle
2026-04-18T17:35:16Z,SENS-005,Tank Bund Road,153,14.04,Cloudy
2026-04-18T17:41:53Z,SENS-005,Tank Bund Road,171,8.5,Clear
2026-04-18T17:45:03Z,SENS-012,PVNR Expressway Toll,111,17.61,Light Rain
2026-04-18T17:45:47Z,SENS-002,Gachibowli Junction,170,20.17,Clear
2026-04-18T17:48:06Z,SENS-011,Mehdipatnam Bus Stand,158,13.81,Light Rain
2026-04-18T17:48:26Z,SENS-011,Mehdipatnam Bus Stand,182,12.81,Clear
2026-04-18T17:53:43Z,SENS-010,Secunderabad Clock Tower,174,20.98,Cloudy
2026-04-18T17:57:21Z,SENS-001,Jubilee Hills Checkpost,104,25.09,Cloudy
2026-04-18T18:05:10Z,SENS-005,Tank Bund Road,113,29.25,Clear
2026-04-18T18:10:51Z,SENS-006,Hitech City Signal,135,14.38,Clear
2026-04-18T18:18:27Z,SENS-004,Madhapur IT Corridor,129,21.17,Heavy Rain
2026-04-18T18:22:18Z,SENS-001,Jubilee Hills Checkpost,153,10.0,Clear
2026-04-18T18:23:55Z,SENS-012,PVNR Expressway Toll,117,30.34,Clear
2026-04-18T18:29:19Z,SENS-012,PVNR Expressway Toll,185,11.69,Clear
2026-04-18T18:30:02Z,SENS-003,Ameerpet Crossroads,93,43.91,Cloudy
2026-04-18T18:31:35Z,SENS-007,Begumpet Flyover,90,15.93,Cloudy
2026-04-18T18:32:24Z,SENS-011,Mehdipatnam Bus Stand,126,17.49,Drizzle
2026-04-18T18:34:34Z,SENS-002,Gachibowli Junction,100,31.08,Heavy Rain
2026-04-18T18:39:19Z,SENS-004,Madhapur IT Corridor,147,20.37,Clear
2026-04-18T18:45:45Z,SENS-002,Gachibowli Junction,90,11.97,Drizzle
2026-04-18T18:50:59Z,SENS-007,Begumpet Flyover,77,46.59,Light Rain
2026-04-18T18:52:26Z,SENS-011,Mehdipatnam Bus Stand,119,21.07,Heavy Rain
2026-04-18T18:58:52Z,SENS-011,Mehdipatnam Bus Stand,180,15.62,Cloudy
2026-04-18T18:59:18Z,SENS-003,Ameerpet Crossroads,96,24.09,Cloudy
2026-04-18T19:01:06Z,SENS-012,PVNR Expressway Toll,168,24.66,Cloudy
2026-04-18T19:05:11Z,SENS-002,Gachibowli Junction,112,11.9,Clear
2026-04-18T19:12:58Z,SENS-011,Mehdipatnam Bus Stand,82,21.86,Cloudy
2026-04-18T19:15:24Z,SENS-008,LB Nagar Crossroads,166,8.64,Drizzle
2026-04-18T19:17:34Z,SENS-003,Ameerpet Crossroads,152,12.95,Fog
2026-04-18T19:17:55Z,SENS-012,PVNR Expressway Toll,133,33.24,Cloudy
2026-04-18T19:19:25Z,SENS-004,Madhapur IT Corridor,128,12.27,Cloudy
2026-04-18T19:30:43Z,SENS-007,Begumpet Flyover,167,25.12,Clear
2026-04-18T19:40:52Z,SENS-011,Mehdipatnam Bus Stand,117,24.13,Cloudy
2026-04-18T19:41:00Z,SENS-002,Gachibowli Junction,160,8.26,Cloudy
2026-04-18T19:41:03Z,SENS-010,Secunderabad Clock Tower,123,18.25,Fog
2026-04-18T19:46:54Z,SENS-009,Kukatpally Housing Board,191,7.44,Clear
2026-04-18T19:51:52Z,SENS-007,Begumpet Flyover,178,17.43,Light Rain
2026-04-18T19:57:54Z,SENS-010,Secunderabad Clock Tower,172,9.91,Drizzle
2026-04-18T20:03:10Z,SENS-010,Secunderabad Clock Tower,66,19.94,Clear
2026-04-18T20:12:52Z,SENS-011,Mehdipatnam Bus Stand,85,36.53,Clear
2026-04-18T20:32:35Z,SENS-005,Tank Bund Road,38,38.39,Clear
2026-04-18T20:40:45Z,SENS-008,LB Nagar Crossroads,67,20.71,Light Rain
2026-04-18T20:44:33Z,SENS-003,Ameerpet Crossroads,88,45.77,Clear
2026-04-18T20:48:07Z,SENS-001,Jubilee Hills Checkpost,64,53.92,Cloudy
2026-04-18T20:49:27Z,SENS-005,Tank Bund Road,33,46.05,Heavy Rain
2026-04-18T20:49:51Z,SENS-001,Jubilee Hills Checkpost,41,45.27,Clear
2026-04-18T20:51:18Z,SENS-008,LB Nagar Crossroads,47,47.03,Light Rain
2026-04-18T20:56:45Z,SENS-006,Hitech City Signal,86,18.34,Clear
2026-04-18T20:59:55Z,SENS-007,Begumpet Flyover,39,43.39,Clear
2026-04-18T21:00:39Z,SENS-004,Madhapur IT Corridor,63,37.01,Cloudy
2026-04-18T21:03:54Z,SENS-004,Madhapur IT Corridor,63,16.38,Cloudy
2026-04-18T21:09:46Z,SENS-006,Hitech City Signal,56,48.14,Clear
2026-04-18T21:12:33Z,SENS-011,Mehdipatnam Bus Stand,88,24.14,Clear
2026-04-18T21:13:58Z,SENS-003,Ameerpet Crossroads,48,26.61,Light Rain
2026-04-18T21:16:35Z,SENS-005,Tank Bund Road,62,16.02,Heavy Rain
2026-04-18T21:27:27Z,SENS-011,Mehdipatnam Bus Stand,53,62.74,Clear
2026-04-18T21:30:58Z,SENS-010,Secunderabad Clock Tower,40,54.53,Clear
2026-04-18T21:31:54Z,SENS-012,PVNR Expressway Toll,84,18.19,Clear
2026-04-18T21:33:11Z,SENS-009,Kukatpally Housing Board,56,16.03,Light Rain
2026-04-18T21:33:32Z,SENS-003,Ameerpet Crossroads,54,57.73,Cloudy
2026-04-18T21:44:57Z,SENS-002,Gachibowli Junction,39,36.29,Heavy Rain
2026-04-18T21:49:34Z,SENS-008,LB Nagar Crossroads,73,50.34,Cloudy
2026-04-18T22:05:57Z,SENS-007,Begumpet Flyover,12,52.69,Clear
2026-04-18T22:11:33Z,SENS-004,Madhapur IT Corridor,26,59.46,Clear
2026-04-18T22:17:34Z,SENS-003,Ameerpet Crossroads,11,38.29,Clear
2026-04-18T22:19:03Z,SENS-005,Tank Bund Road,22,36.32,Light Rain
2026-04-18T22:19:39Z,SENS-003,Ameerpet Crossroads,27,30.89,Light Rain
2026-04-18T22:20:29Z,SENS-006,Hitech City Signal,27,18.72,Cloudy
2026-04-18T22:23:27Z,SENS-006,Hitech City Signal,13,24.24,Heavy Rain
2026-04-18T22:24:15Z,SENS-011,Mehdipatnam Bus Stand,19,30.17,Clear
2026-04-18T22:33:48Z,SENS-007,Begumpet Flyover,9,19.31,Cloudy
2026-04-18T22:37:07Z,SENS-010,Secunderabad Clock Tower,16,30.8,Fog
2026-04-18T22:40:26Z,SENS-007,Begumpet Flyover,15,26.76,Cloudy
2026-04-18T22:40:41Z,SENS-007,Begumpet Flyover,38,48.65,Clear
2026-04-18T22:41:48Z,SENS-012,PVNR Expressway Toll,18,52.5,Light Rain
2026-04-18T22:48:02Z,SENS-001,Jubilee Hills Checkpost,27,19.22,Drizzle
2026-04-18T22:50:02Z,SENS-012,PVNR Expressway Toll,30,38.65,Light Rain
2026-04-18T22:57:33Z,SENS-006,Hitech City Signal,9,36.15,Drizzle
2026-04-18T23:01:08Z,SENS-009,Kukatpally Housing Board,34,61.5,Cloudy
2026-04-18T23:01:56Z,SENS-003,Ameerpet Crossroads,22,33.68,Light Rain
2026-04-18T23:03:02Z,SENS-004,Madhapur IT Corridor,33,58.2,Clear
2026-04-18T23:09:09Z,SENS-005,Tank Bund Road,22,22.28,Cloudy
2026-04-18T23:21:02Z,SENS-012,PVNR Expressway Toll,22,26.76,Fog
2026-04-18T23:24:20Z,SENS-001,Jubilee Hills Checkpost,9,43.41,Cloudy
2026-04-18T23:25:59Z,SENS-010,Secunderabad Clock Tower,17,27.58,Cloudy
2026-04-18T23:29:30Z,SENS-007,Begumpet Flyover,13,40.44,Fog
2026-04-18T23:30:21Z,SENS-009,Kukatpally Housing Board,19,70.22,Clear
2026-04-18T23:30:37Z,SENS-012,PVNR Expressway Toll,34,41.41,Cloudy
2026-04-18T23:41:19Z,SENS-008,LB Nagar Crossroads,26,32.22,Clear
2026-04-18T23:44:00Z,SENS-002,Gachibowli Junction,10,71.54,Clear
2026-04-18T23:55:49Z,SENS-004,Madhapur IT Corridor,8,65.75,Clear
2026-04-19T00:01:17Z,SENS-001,Jubilee Hills Checkpost,32,64.54,Cloudy
2026-04-19T00:07:28Z,SENS-006,Hitech City Signal,12,57.43,Clear
2026-04-19T00:14:47Z,SENS-007,Begumpet Flyover,31,18.36,Drizzle
2026-04-19T00:17:20Z,SENS-002,Gachibowli Junction,30,22.14,Cloudy
2026-04-19T00:18:35Z,SENS-005,Tank Bund Road,24,23.83,Clear
2026-04-19T00:19:53Z,SENS-007,Begumpet Flyover,22,40.84,Clear
2026-04-19T00:21:41Z,SENS-002,Gachibowli Junction,34,24.14,Clear
2026-04-19T00:30:58Z,SENS-003,Ameerpet Crossroads,19,68.5,Cloudy
2026-04-19T00:34:18Z,SENS-011,Mehdipatnam Bus Stand,24,46.86,Heavy Rain
2026-04-19T00:36:52Z,SENS-011,Mehdipatnam Bus Stand,34,53.26,Drizzle
2026-04-19T00:40:37Z,SENS-012,PVNR Expressway Toll,24,37.0,Clear
2026-04-19T00:47:18Z,SENS-005,Tank Bund Road,23,34.68,Clear
2026-04-19T00:54:16Z,SENS-002,Gachibowli Junction,17,14.83,Heavy Rain
2026-04-19T00:56:20Z,SENS-002,Gachibowli Junction,31,45.18,Light Rain
2026-04-19T00:56:42Z,SENS-012,PVNR Expressway Toll,25,62.18,Cloudy
2026-04-19T01:05:32Z,SENS-009,Kukatpally Housing Board,37,63.41,Clear
2026-04-19T01:06:22Z,SENS-012,PVNR Expressway Toll,36,32.52,Clear
2026-04-19T01:16:58Z,SENS-012,PVNR Expressway Toll,32,35.88,Light Rain
2026-04-19T01:17:06Z,SENS-011,Mehdipatnam Bus Stand,5,39.85,Clear
2026-04-19T01:18:53Z,SENS-008,LB Nagar Crossroads,32,51.31,Light Rain
2026-04-19T01:30:22Z,SENS-003,Ameerpet Crossroads,22,31.5,Clear
2026-04-19T01:36:08Z,SENS-011,Mehdipatnam Bus Stand,24,58.1,Cloudy
2026-04-19T01:48:15Z,SENS-007,Begumpet Flyover,25,21.59,Cloudy
2026-04-19T01:50:51Z,SENS-003,Ameerpet Crossroads,20,26.66,Light Rain
2026-04-19T01:52:25Z,SENS-004,Madhapur IT Corridor,20,24.86,Cloudy
2026-04-19T01:58:06Z,SENS-012,PVNR Expressway Toll,8,44.75,Cloudy
2026-04-19T01:59:16Z,SENS-011,Mehdipatnam Bus Stand,19,37.06,Clear
2026-04-19T02:01:33Z,SENS-011,Mehdipatnam Bus Stand,19,46.47,Fog
2026-04-19T02:04:56Z,SENS-008,LB Nagar Crossroads,19,59.97,Light Rain
2026-04-19T02:08:10Z,SENS-007,Begumpet Flyover,15,28.49,Cloudy
2026-04-19T02:14:41Z,SENS-006,Hitech City Signal,6,70.44,Clear
2026-04-19T02:20:01Z,SENS-002,Gachibowli Junction,24,27.7,Cloudy
2026-04-19T02:24:21Z,SENS-010,Secunderabad Clock Tower,15,40.01,Cloudy
2026-04-19T02:27:12Z,SENS-008,LB Nagar Crossroads,16,22.88,Clear
2026-04-19T02:40:49Z,SENS-012,PVNR Expressway Toll,36,41.46,Clear
2026-04-19T02:41:25Z,SENS-011,Mehdipatnam Bus Stand,6,14.48,Heavy Rain
2026-04-19T02:45:22Z,SENS-006,Hitech City Signal,4,25.33,Light Rain
2026-04-19T02:46:53Z,SENS-012,PVNR Expressway Toll,38,63.7,Clear
2026-04-19T02:54:04Z,SENS-012,PVNR Expressway Toll,21,66.66,Clear
2026-04-19T02:57:43Z,SENS-007,Begumpet Flyover,33,46.98,Clear
2026-04-19T02:59:33Z,SENS-009,Kukatpally Housing Board,32,35.48,Light Rain
2026-04-19T03:00:14Z,SENS-009,Kukatpally Housing Board,5,31.36,Fog
2026-04-19T03:03:36Z,SENS-011,Mehdipatnam Bus Stand,26,68.19,Clear
2026-04-19T03:03:39Z,SENS-007,Begumpet Flyover,29,46.01,Clear
2026-04-19T03:04:28Z,SENS-008,LB Nagar Crossroads,36,38.57,Clear
2026-04-19T03:16:36Z,SENS-012,PVNR Expressway Toll,18,21.21,Cloudy
2026-04-19T03:17:03Z,SENS-008,LB Nagar Crossroads,23,21.86,Drizzle
2026-04-19T03:18:38Z,SENS-007,Begumpet Flyover,23,38.57,Clear
2026-04-19T03:21:27Z,SENS-012,PVNR Expressway Toll,21,50.7,Clear
2026-04-19T03:22:37Z,SENS-006,Hitech City Signal,10,37.72,Clear
2026-04-19T03:24:25Z,SENS-004,Madhapur IT Corridor,22,43.08,Clear
2026-04-19T03:25:53Z,SENS-008,LB Nagar Crossroads,27,27.23,Clear
2026-04-19T03:26:38Z,SENS-001,Jubilee Hills Checkpost,22,40.06,Cloudy
2026-04-19T03:33:08Z,SENS-011,Mehdipatnam Bus Stand,25,21.02,Cloudy
2026-04-19T03:33:11Z,SENS-010,Secunderabad Clock Tower,15,49.66,Drizzle
2026-04-19T03:38:29Z,SENS-001,Jubilee Hills Checkpost,12,28.47,Clear
2026-04-19T03:49:28Z,SENS-010,Secunderabad Clock Tower,16,32.29,Light Rain
2026-04-19T03:52:40Z,SENS-011,Mehdipatnam Bus Stand,16,26.47,Cloudy
2026-04-19T03:53:16Z,SENS-003,Ameerpet Crossroads,15,21.85,Light Rain
2026-04-19T03:54:07Z,SENS-009,Kukatpally Housing Board,26,17.24,Heavy Rain
2026-04-19T03:57:22Z,SENS-005,Tank Bund Road,4,14.7,Fog
2026-04-19T04:05:58Z,SENS-006,Hitech City Signal,10,68.7,Cloudy
2026-04-19T04:07:40Z,SENS-002,Gachibowli Junction,17,39.88,Clear
2026-04-19T04:14:55Z,SENS-001,Jubilee Hills Checkpost,26,19.25,Light Rain
2026-04-19T04:16:53Z,SENS-012,PVNR Expressway Toll,17,59.98,Cloudy
2026-04-19T04:21:09Z,SENS-001,Jubilee Hills Checkpost,12,41.64,Clear
2026-04-19T04:25:17Z,SENS-010,Secunderabad Clock Tower,12,56.03,Cloudy
2026-04-19T04:37:06Z,SENS-006,Hitech City Signal,12,51.65,Heavy Rain
2026-04-19T04:38:27Z,SENS-011,Mehdipatnam Bus Stand,29,20.65,Clear
2026-04-19T04:39:27Z,SENS-007,Begumpet Flyover,29,36.27,Fog
2026-04-19T04:43:38Z,SENS-009,Kukatpally Housing Board,34,38.04,Cloudy
2026-04-19T04:43:47Z,SENS-004,Madhapur IT Corridor,15,34.75,Heavy Rain
2026-04-19T04:43:54Z,SENS-004,Madhapur IT Corridor,10,51.07,Light Rain
2026-04-19T04:46:32Z,SENS-009,Kukatpally Housing Board,12,45.27,Cloudy
2026-04-19T04:53:23Z,SENS-012,PVNR Expressway Toll,19,60.59,Light Rain
2026-04-19T05:02:56Z,SENS-012,PVNR Expressway Toll,84,41.84,Cloudy
2026-04-19T05:14:01Z,SENS-008,LB Nagar Crossroads,79,39.36,Light Rain
2026-04-19T05:14:40Z,SENS-006,Hitech City Signal,84,13.67,Cloudy
2026-04-19T05:19:03Z,SENS-007,Begumpet Flyover,44,41.67,Light Rain
2026-04-19T05:23:52Z,SENS-005,Tank Bund Road,82,28.82,Cloudy
2026-04-19T05:24:57Z,SENS-011,Mehdipatnam Bus Stand,81,22.51,Drizzle
2026-04-19T05:27:03Z,SENS-002,Gachibowli Junction,47,40.34,Clear
2026-04-19T05:27:05Z,SENS-003,Ameerpet Crossroads,39,56.68,Cloudy
2026-04-19T05:37:04Z,SENS-002,Gachibowli Junction,36,46.55,Clear
2026-04-19T05:39:45Z,SENS-004,Madhapur IT Corridor,44,24.73,Cloudy
2026-04-19T06:05:45Z,SENS-011,Mehdipatnam Bus Stand,66,20.56,Clear
2026-04-19T06:08:49Z,SENS-006,Hitech City Signal,69,19.62,Cloudy
2026-04-19T06:12:55Z,SENS-009,Kukatpally Housing Board,78,22.46,Cloudy
2026-04-19T06:14:20Z,SENS-006,Hitech City Signal,64,34.71,Clear
2026-04-19T06:20:16Z,SENS-006,Hitech City Signal,37,28.3,Clear
2026-04-19T06:25:32Z,SENS-010,Secunderabad Clock Tower,56,36.46,Fog
2026-04-19T06:33:20Z,SENS-005,Tank Bund Road,44,30.76,Cloudy
2026-04-19T06:34:53Z,SENS-005,Tank Bund Road,68,22.5,Clear
2026-04-19T06:37:36Z,SENS-009,Kukatpally Housing Board,54,42.92,Clear
2026-04-19T06:58:23Z,SENS-009,Kukatpally Housing Board,57,56.85,Clear
2026-04-19T07:03:56Z,SENS-009,Kukatpally Housing Board,61,19.88,Light Rain
2026-04-19T07:09:59Z,SENS-008,LB Nagar Crossroads,38,54.75,Cloudy
2026-04-19T07:12:32Z,SENS-011,Mehdipatnam Bus Stand,47,18.1,Clear
2026-04-19T07:13:43Z,SENS-010,Secunderabad Clock Tower,32,52.2,Cloudy
2026-04-19T07:16:08Z,SENS-010,Secunderabad Clock Tower,61,25.89,Clear
2026-04-19T07:25:41Z,SENS-010,Secunderabad Clock Tower,66,43.77,Cloudy
2026-04-19T07:29:09Z,SENS-001,Jubilee Hills Checkpost,84,25.85,Clear
2026-04-19T07:29:18Z,SENS-003,Ameerpet Crossroads,79,17.16,Cloudy
2026-04-19T07:43:12Z,SENS-001,Jubilee Hills Checkpost,60,35.68,Clear
2026-04-19T07:57:56Z,SENS-008,LB Nagar Crossroads,62,54.21,Cloudy
2026-04-19T07:59:47Z,SENS-011,Mehdipatnam Bus Stand,41,31.86,Light Rain
2026-04-19T08:02:00Z,SENS-009,Kukatpally Housing Board,129,35.19,Clear
2026-04-19T08:04:12Z,SENS-005,Tank Bund Road,96,21.16,Clear
2026-04-19T08:05:15Z,SENS-005,Tank Bund Road,190,19.74,Clear
2026-04-19T08:16:44Z,SENS-009,Kukatpally Housing Board,132,17.47,Cloudy
2026-04-19T08:22:09Z,SENS-002,Gachibowli Junction,179,8.21,Cloudy
2026-04-19T08:25:15Z,SENS-003,Ameerpet Crossroads,97,31.97,Cloudy
2026-04-19T08:26:16Z,SENS-009,Kukatpally Housing Board,112,35.99,Clear
2026-04-19T08:32:00Z,SENS-012,PVNR Expressway Toll,170,10.38,Cloudy
2026-04-19T08:33:55Z,SENS-010,Secunderabad Clock Tower,189,21.81,Cloudy
2026-04-19T08:35:24Z,SENS-004,Madhapur IT Corridor,103,36.53,Clear
2026-04-19T08:37:52Z,SENS-010,Secunderabad Clock Tower,96,37.29,Light Rain
2026-04-19T08:38:09Z,SENS-011,Mehdipatnam Bus Stand,87,16.47,Cloudy
2026-04-19T08:40:55Z,SENS-006,Hitech City Signal,179,6.36,Light Rain
2026-04-19T08:55:03Z,SENS-010,Secunderabad Clock Tower,81,26.31,Heavy Rain
2026-04-19T09:03:26Z,SENS-009,Kukatpally Housing Board,135,23.13,Clear
2026-04-19T09:03:37Z,SENS-005,Tank Bund Road,148,15.81,Clear
2026-04-19T09:03:47Z,SENS-010,Secunderabad Clock Tower,133,26.06,Light Rain
2026-04-19T09:06:06Z,SENS-009,Kukatpally Housing Board,195,13.47,Clear
2026-04-19T09:07:53Z,SENS-007,Begumpet Flyover,93,31.97,Drizzle
2026-04-19T09:16:53Z,SENS-004,Madhapur IT Corridor,152,17.73,Cloudy
2026-04-19T09:33:43Z,SENS-008,LB Nagar Crossroads,159,9.25,Cloudy
2026-04-19T09:39:08Z,SENS-005,Tank Bund Road,144,19.57,Clear
2026-04-19T09:51:08Z,SENS-004,Madhapur IT Corridor,66,20.86,Heavy Rain
2026-04-19T09:59:56Z,SENS-011,Mehdipatnam Bus Stand,103,22.7,Fog
2026-04-19T10:09:16Z,SENS-010,Secunderabad Clock Tower,144,13.59,Cloudy
2026-04-19T10:17:14Z,SENS-007,Begumpet Flyover,126,18.08,Light Rain
2026-04-19T10:17:36Z,SENS-010,Secunderabad Clock Tower,162,7.86,Light Rain
2026-04-19T10:29:52Z,SENS-004,Madhapur IT Corridor,169,21.69,Cloudy
2026-04-19T10:30:19Z,SENS-008,LB Nagar Crossroads,174,17.63,Cloudy
2026-04-19T10:38:24Z,SENS-006,Hitech City Signal,113,18.71,Clear
2026-04-19T10:48:24Z,SENS-001,Jubilee Hills Checkpost,137,19.8,Cloudy
2026-04-19T11:00:48Z,SENS-002,Gachibowli Junction,45,37.61,Light Rain
2026-04-19T11:06:42Z,SENS-009,Kukatpally Housing Board,56,43.77,Light Rain
2026-04-19T11:12:02Z,SENS-007,Begumpet Flyover,43,50.91,Clear
2026-04-19T11:13:46Z,SENS-011,Mehdipatnam Bus Stand,37,36.24,Cloudy
2026-04-19T11:19:12Z,SENS-007,Begumpet Flyover,56,41.74,Clear
2026-04-19T11:29:27Z,SENS-005,Tank Bund Road,61,41.34,Heavy Rain
2026-04-19T11:29:44Z,SENS-005,Tank Bund Road,41,23.29,Cloudy
2026-04-19T11:30:31Z,SENS-009,Kukatpally Housing Board,86,16.16,Clear
2026-04-19T11:34:24Z,SENS-011,Mehdipatnam Bus Stand,76,24.89,Light Rain
2026-04-19T11:34:26Z,SENS-008,LB Nagar Crossroads,30,21.42,Heavy Rain
2026-04-19T11:41:00Z,SENS-008,LB Nagar Crossroads,63,45.3,Light Rain
2026-04-19T11:41:25Z,SENS-012,PVNR Expressway Toll,41,45.13,Cloudy
2026-04-19T11:46:35Z,SENS-010,Secunderabad Clock Tower,76,38.52,Clear
2026-04-19T11:51:23Z,SENS-005,Tank Bund Road,53,16.34,Clear
2026-04-19T11:59:55Z,SENS-002,Gachibowli Junction,70,53.21,Clear
2026-04-19T12:02:17Z,SENS-006,Hitech City Signal,41,49.93,Cloudy
2026-04-19T12:06:08Z,SENS-004,Madhapur IT Corridor,69,44.74,Clear
2026-04-19T12:07:00Z,SENS-003,Ameerpet Crossroads,80,13.33,Cloudy
2026-04-19T12:11:42Z,SENS-004,Madhapur IT Corridor,61,33.27,Clear
2026-04-19T12:12:40Z,SENS-007,Begumpet Flyover,72,30.91,Light Rain
2026-04-19T12:14:28Z,SENS-010,Secunderabad Clock Tower,56,24.26,Cloudy
2026-04-19T12:14:54Z,SENS-012,PVNR Expressway Toll,45,31.08,Cloudy
2026-04-19T12:17:01Z,SENS-002,Gachibowli Junction,86,49.17,Cloudy
2026-04-19T12:18:10Z,SENS-009,Kukatpally Housing Board,36,63.82,Clear
2026-04-19T12:18:22Z,SENS-002,Gachibowli Junction,28,15.2,Light Rain
2026-04-19T12:22:33Z,SENS-010,Secunderabad Clock Tower,68,55.24,Clear
2026-04-19T12:24:46Z,SENS-005,Tank Bund Road,62,40.89,Cloudy
2026-04-19T12:26:48Z,SENS-004,Madhapur IT Corridor,82,27.51,Clear
2026-04-19T12:27:42Z,SENS-004,Madhapur IT Corridor,36,22.7,Cloudy
2026-04-19T12:30:00Z,SENS-010,Secunderabad Clock Tower,76,44.74,Cloudy
2026-04-19T12:34:52Z,SENS-007,Begumpet Flyover,76,33.33,Cloudy
2026-04-19T12:37:56Z,SENS-002,Gachibowli Junction,68,26.05,Clear
2026-04-19T12:38:09Z,SENS-005,Tank Bund Road,76,20.61,Clear
2026-04-19T12:39:26Z,SENS-008,LB Nagar Crossroads,24,46.34,Heavy Rain
2026-04-19T12:43:44Z,SENS-003,Ameerpet Crossroads,54,31.7,Light Rain
2026-04-19T12:44:48Z,SENS-012,PVNR Expressway Toll,52,24.4,Light Rain
2026-04-19T12:54:26Z,SENS-006,Hitech City Signal,80,18.91,Clear
2026-04-19T12:58:22Z,SENS-002,Gachibowli Junction,73,17.59,Clear
2026-04-19T13:06:37Z,SENS-007,Begumpet Flyover,46,50.2,Clear
2026-04-19T13:07:49Z,SENS-010,Secunderabad Clock Tower,67,21.45,Cloudy
2026-04-19T13:11:55Z,SENS-005,Tank Bund Road,53,28.43,Fog
2026-04-19T13:12:04Z,SENS-001,Jubilee Hills Checkpost,68,36.0,Clear
2026-04-19T13:12:50Z,SENS-011,Mehdipatnam Bus Stand,37,26.46,Clear
2026-04-19T13:16:41Z,SENS-006,Hitech City Signal,58,49.8,Cloudy
2026-04-19T13:16:42Z,SENS-003,Ameerpet Crossroads,33,40.55,Clear
2026-04-19T13:19:18Z,SENS-004,Madhapur IT Corridor,27,33.72,Heavy Rain
2026-04-19T13:24:48Z,SENS-006,Hitech City Signal,44,28.64,Cloudy
2026-04-19T13:26:37Z,SENS-009,Kukatpally Housing Board,34,31.12,Cloudy
2026-04-19T13:30:18Z,SENS-011,Mehdipatnam Bus Stand,77,30.27,Clear
2026-04-19T13:33:49Z,SENS-005,Tank Bund Road,67,45.74,Cloudy
2026-04-19T13:47:54Z,SENS-001,Jubilee Hills Checkpost,73,15.8,Cloudy
2026-04-19T13:49:07Z,SENS-003,Ameerpet Crossroads,44,36.16,Cloudy
2026-04-19T13:51:50Z,SENS-002,Gachibowli Junction,32,58.61,Clear
2026-04-19T13:56:12Z,SENS-005,Tank Bund Road,44,54.51,Clear
2026-04-19T13:56:32Z,SENS-012,PVNR Expressway Toll,84,26.74,Cloudy
2026-04-19T13:59:43Z,SENS-003,Ameerpet Crossroads,57,36.76,Clear
2026-04-19T14:01:15Z,SENS-001,Jubilee Hills Checkpost,80,28.92,Clear
2026-04-19T14:03:54Z,SENS-002,Gachibowli Junction,70,42.19,Clear
2026-04-19T14:04:52Z,SENS-008,LB Nagar Crossroads,60,27.14,Clear
2026-04-19T14:05:40Z,SENS-009,Kukatpally Housing Board,64,34.21,Cloudy
2026-04-19T14:12:04Z,SENS-005,Tank Bund Road,71,46.01,Clear
2026-04-19T14:12:22Z,SENS-008,LB Nagar Crossroads,59,36.3,Clear
2026-04-19T14:16:33Z,SENS-011,Mehdipatnam Bus Stand,69,41.0,Clear
2026-04-19T14:18:23Z,SENS-006,Hitech City Signal,78,50.68,Clear
2026-04-19T14:25:41Z,SENS-001,Jubilee Hills Checkpost,33,22.51,Heavy Rain
2026-04-19T14:31:58Z,SENS-007,Begumpet Flyover,44,38.19,Cloudy
2026-04-19T14:34:37Z,SENS-003,Ameerpet Crossroads,84,45.18,Cloudy
2026-04-19T14:40:33Z,SENS-009,Kukatpally Housing Board,34,25.63,Clear
2026-04-19T14:45:13Z,SENS-003,Ameerpet Crossroads,63,29.02,Light Rain
2026-04-19T14:52:22Z,SENS-004,Madhapur IT Corridor,46,14.85,Drizzle
2026-04-19T14:58:58Z,SENS-010,Secunderabad Clock Tower,66,48.13,Cloudy
2026-04-19T15:07:09Z,SENS-002,Gachibowli Junction,47,29.64,Clear
2026-04-19T15:09:08Z,SENS-011,Mehdipatnam Bus Stand,45,22.46,Light Rain
2026-04-19T15:25:29Z,SENS-007,Begumpet Flyover,54,32.08,Light Rain
2026-04-19T15:27:20Z,SENS-012,PVNR Expressway Toll,60,36.71,Fog
2026-04-19T15:28:05Z,SENS-001,Jubilee Hills Checkpost,27,49.51,Light Rain
2026-04-19T15:29:32Z,SENS-011,Mehdipatnam Bus Stand,86,29.71,Clear
2026-04-19T15:30:48Z,SENS-007,Begumpet Flyover,39,51.89,Cloudy
2026-04-19T15:33:38Z,SENS-011,Mehdipatnam Bus Stand,29,29.72,Cloudy
2026-04-19T15:54:18Z,SENS-009,Kukatpally Housing Board,70,32.81,Clear
2026-04-19T15:55:06Z,SENS-006,Hitech City Signal,74,20.09,Clear
2026-04-19T15:58:29Z,SENS-004,Madhapur IT Corridor,31,25.25,Clear
2026-04-19T15:58:37Z,SENS-007,Begumpet Flyover,78,33.84,Clear
2026-04-19T16:01:32Z,SENS-009,Kukatpally Housing Board,51,54.17,Cloudy
2026-04-19T16:01:42Z,SENS-006,Hitech City Signal,25,43.34,Fog
2026-04-19T16:03:52Z,SENS-002,Gachibowli Junction,52,33.52,Cloudy
2026-04-19T16:03:58Z,SENS-002,Gachibowli Junction,32,54.49,Cloudy
2026-04-19T16:17:51Z,SENS-010,Secunderabad Clock Tower,30,31.37,Cloudy
2026-04-19T16:19:39Z,SENS-010,Secunderabad Clock Tower,36,56.33,Clear
2026-04-19T16:21:52Z,SENS-011,Mehdipatnam Bus Stand,49,24.65,Clear
2026-04-19T16:22:28Z,SENS-007,Begumpet Flyover,39,48.12,Drizzle
2026-04-19T16:23:46Z,SENS-011,Mehdipatnam Bus Stand,33,65.56,Cloudy
2026-04-19T16:30:14Z,SENS-005,Tank Bund Road,75,19.49,Cloudy
2026-04-19T16:30:42Z,SENS-008,LB Nagar Crossroads,29,51.84,Light Rain
2026-04-19T16:32:10Z,SENS-003,Ameerpet Crossroads,35,40.84,Heavy Rain
2026-04-19T16:34:03Z,SENS-006,Hitech City Signal,64,46.28,Clear
2026-04-19T16:36:20Z,SENS-006,Hitech City Signal,88,26.48,Clear
2026-04-19T16:40:40Z,SENS-006,Hitech City Signal,45,33.9,Cloudy
2026-04-19T16:41:00Z,SENS-007,Begumpet Flyover,86,43.88,Clear
2026-04-19T16:41:13Z,SENS-010,Secunderabad Clock Tower,80,50.31,Cloudy
2026-04-19T16:41:35Z,SENS-006,Hitech City Signal,47,19.98,Drizzle
2026-04-19T16:41:58Z,SENS-001,Jubilee Hills Checkpost,64,18.16,Fog
2026-04-19T16:45:38Z,SENS-002,Gachibowli Junction,45,31.56,Light Rain
2026-04-19T16:49:47Z,SENS-006,Hitech City Signal,34,55.53,Clear
2026-04-19T16:57:13Z,SENS-002,Gachibowli Junction,62,47.95,Clear
2026-04-19T16:57:38Z,SENS-004,Madhapur IT Corridor,53,48.04,Light Rain
2026-04-19T16:58:12Z,SENS-008,LB Nagar Crossroads,58,43.9,Clear
2026-04-19T17:04:50Z,SENS-001,Jubilee Hills Checkpost,135,8.14,Heavy Rain
2026-04-19T17:05:36Z,SENS-012,PVNR Expressway Toll,196,16.61,Clear
2026-04-19T17:06:46Z,SENS-011,Mehdipatnam Bus Stand,171,15.68,Light Rain
2026-04-19T17:06:53Z,SENS-010,Secunderabad Clock Tower,157,17.5,Cloudy
2026-04-19T17:11:08Z,SENS-004,Madhapur IT Corridor,147,20.83,Cloudy
2026-04-19T17:32:03Z,SENS-001,Jubilee Hills Checkpost,184,19.12,Cloudy
2026-04-19T17:35:21Z,SENS-005,Tank Bund Road,105,41.12,Cloudy
2026-04-19T17:40:41Z,SENS-012,PVNR Expressway Toll,103,12.91,Heavy Rain
2026-04-19T17:55:05Z,SENS-010,Secunderabad Clock Tower,84,21.36,Clear
2026-04-19T17:59:49Z,SENS-005,Tank Bund Road,83,46.06,Clear
2026-04-19T18:04:22Z,SENS-009,Kukatpally Housing Board,156,7.52,Light Rain
2026-04-19T18:20:07Z,SENS-003,Ameerpet Crossroads,103,36.99,Clear
2026-04-19T18:21:49Z,SENS-004,Madhapur IT Corridor,122,34.9,Clear
2026-04-19T18:26:41Z,SENS-002,Gachibowli Junction,131,27.39,Clear
2026-04-19T18:34:42Z,SENS-004,Madhapur IT Corridor,136,24.43,Clear
2026-04-19T18:36:28Z,SENS-006,Hitech City Signal,123,13.76,Heavy Rain
2026-04-19T18:37:43Z,SENS-004,Madhapur IT Corridor,73,36.71,Heavy Rain
2026-04-19T18:45:34Z,SENS-012,PVNR Expressway Toll,170,20.58,Clear
2026-04-19T18:48:13Z,SENS-001,Jubilee Hills Checkpost,108,35.42,Cloudy
2026-04-19T18:51:21Z,SENS-006,Hitech City Signal,106,22.23,Light Rain
2026-04-19T18:51:24Z,SENS-009,Kukatpally Housing Board,163,12.96,Cloudy
2026-04-19T18:59:01Z,SENS-005,Tank Bund Road,171,13.46,Cloudy
2026-04-19T19:16:33Z,SENS-010,Secunderabad Clock Tower,116,31.24,Cloudy
2026-04-19T19:18:41Z,SENS-001,Jubilee Hills Checkpost,139,23.13,Clear
2026-04-19T19:20:10Z,SENS-011,Mehdipatnam Bus Stand,172,21.22,Drizzle
2026-04-19T19:30:11Z,SENS-006,Hitech City Signal,92,39.16,Cloudy
2026-04-19T19:35:10Z,SENS-009,Kukatpally Housing Board,194,9.15,Clear
2026-04-19T19:43:34Z,SENS-009,Kukatpally Housing Board,179,23.58,Clear
2026-04-19T19:46:46Z,SENS-007,Begumpet Flyover,179,16.92,Clear
2026-04-19T19:53:28Z,SENS-012,PVNR Expressway Toll,165,25.19,Clear
2026-04-19T19:53:37Z,SENS-004,Madhapur IT Corridor,135,11.86,Light Rain
2026-04-19T19:54:40Z,SENS-008,LB Nagar Crossroads,159,6.83,Fog
2026-04-19T19:55:57Z,SENS-003,Ameerpet Crossroads,102,42.72,Clear
2026-04-19T20:02:47Z,SENS-002,Gachibowli Junction,79,37.41,Clear
2026-04-19T20:03:31Z,SENS-005,Tank Bund Road,42,35.29,Drizzle
2026-04-19T20:06:20Z,SENS-007,Begumpet Flyover,36,19.88,Fog
2026-04-19T20:12:20Z,SENS-010,Secunderabad Clock Tower,58,34.54,Heavy Rain
2026-04-19T20:17:49Z,SENS-002,Gachibowli Junction,54,17.88,Clear
2026-04-19T20:21:36Z,SENS-007,Begumpet Flyover,43,36.68,Clear
2026-04-19T20:27:47Z,SENS-009,Kukatpally Housing Board,69,18.57,Light Rain
2026-04-19T20:44:05Z,SENS-010,Secunderabad Clock Tower,38,36.18,Drizzle
2026-04-19T20:47:12Z,SENS-004,Madhapur IT Corridor,64,31.2,Light Rain
2026-04-19T20:53:14Z,SENS-003,Ameerpet Crossroads,80,36.31,Clear
2026-04-19T20:55:38Z,SENS-002,Gachibowli Junction,86,15.88,Clear
2026-04-19T21:03:52Z,SENS-009,Kukatpally Housing Board,39,61.68,Clear
2026-04-19T21:04:53Z,SENS-010,Secunderabad Clock Tower,54,48.12,Light Rain
2026-04-19T21:09:52Z,SENS-002,Gachibowli Junction,66,33.01,Cloudy
2026-04-19T21:10:11Z,SENS-008,LB Nagar Crossroads,74,42.72,Clear
2026-04-19T21:11:20Z,SENS-003,Ameerpet Crossroads,73,53.46,Clear
2026-04-19T21:17:21Z,SENS-005,Tank Bund Road,35,27.92,Cloudy
2026-04-19T21:25:25Z,SENS-008,LB Nagar Crossroads,77,43.1,Clear
2026-04-19T21:36:25Z,SENS-010,Secunderabad Clock Tower,34,23.38,Light Rain
2026-04-19T21:49:39Z,SENS-011,Mehdipatnam Bus Stand,37,27.55,Clear
2026-04-19T21:49:56Z,SENS-005,Tank Bund Road,60,13.25,Light Rain
2026-04-19T21:52:32Z,SENS-010,Secunderabad Clock Tower,32,39.41,Cloudy
2026-04-19T21:56:20Z,SENS-007,Begumpet Flyover,30,42.9,Cloudy
2026-04-19T22:04:50Z,SENS-003,Ameerpet Crossroads,15,40.59,Drizzle
2026-04-19T22:05:02Z,SENS-001,Jubilee Hills Checkpost,20,19.73,Fog
2026-04-19T22:08:12Z,SENS-004,Madhapur IT Corridor,21,32.53,Heavy Rain
2026-04-19T22:20:52Z,SENS-001,Jubilee Hills Checkpost,27,34.38,Cloudy
2026-04-19T22:27:40Z,SENS-012,PVNR Expressway Toll,20,47.54,Drizzle
2026-04-19T22:30:17Z,SENS-011,Mehdipatnam Bus Stand,17,28.64,Fog
2026-04-19T22:31:56Z,SENS-008,LB Nagar Crossroads,12,58.17,Light Rain
2026-04-19T22:35:10Z,SENS-009,Kukatpally Housing Board,21,30.24,Light Rain
2026-04-19T22:44:59Z,SENS-012,PVNR Expressway Toll,32,26.07,Cloudy
2026-04-19T22:46:27Z,SENS-005,Tank Bund Road,18,58.99,Light Rain
2026-04-19T22:52:03Z,SENS-012,PVNR Expressway Toll,12,45.3,Cloudy
2026-04-19T22:55:19Z,SENS-012,PVNR Expressway Toll,32,55.65,Cloudy
2026-04-19T22:57:50Z,SENS-006,Hitech City Signal,6,23.86,Light Rain
2026-04-19T22:58:58Z,SENS-005,Tank Bund Road,19,65.87,Cloudy
2026-04-19T23:06:25Z,SENS-004,Madhapur IT Corridor,12,38.86,Cloudy
2026-04-19T23:07:07Z,SENS-007,Begumpet Flyover,17,34.59,Heavy Rain
2026-04-19T23:08:18Z,SENS-002,Gachibowli Junction,36,30.03,Clear
2026-04-19T23:16:23Z,SENS-004,Madhapur IT Corridor,17,34.96,Light Rain
2026-04-19T23:17:22Z,SENS-012,PVNR Expressway Toll,20,21.11,Cloudy
2026-04-19T23:20:34Z,SENS-008,LB Nagar Crossroads,20,19.81,Cloudy
2026-04-19T23:24:43Z,SENS-011,Mehdipatnam Bus Stand,15,50.5,Clear
2026-04-19T23:24:43Z,SENS-009,Kukatpally Housing Board,31,21.85,Clear
2026-04-19T23:27:34Z,SENS-008,LB Nagar Crossroads,11,21.58,Heavy Rain
2026-04-19T23:38:04Z,SENS-002,Gachibowli Junction,16,45.97,Clear
2026-04-19T23:39:10Z,SENS-008,LB Nagar Crossroads,21,20.03,Cloudy
2026-04-19T23:41:02Z,SENS-011,Mehdipatnam Bus Stand,20,28.32,Fog
2026-04-19T23:46:56Z,SENS-011,Mehdipatnam Bus Stand,20,14.69,Fog
2026-04-19T23:48:20Z,SENS-004,Madhapur IT Corridor,13,28.16,Fog
2026-04-19T23:50:03Z,SENS-006,Hitech City Signal,35,45.14,Clear
2026-04-19T23:56:24Z,SENS-011,Mehdipatnam Bus Stand,24,21.83,Clear
2026-04-19T23:58:56Z,SENS-001,Jubilee Hills Checkpost,15,37.08,Heavy Rain
2026-04-19T23:59:14Z,SENS-011,Mehdipatnam Bus Stand,32,34.49,Cloudy
2026-04-20T00:13:54Z,SENS-009,Kukatpally Housing Board,9,31.53,Heavy Rain
2026-04-20T00:22:34Z,SENS-006,Hitech City Signal,8,39.09,Fog
2026-04-20T00:24:01Z,SENS-005,Tank Bund Road,13,26.97,Clear
2026-04-20T00:24:34Z,SENS-005,Tank Bund Road,28,44.69,Cloudy
2026-04-20T00:37:47Z,SENS-001,Jubilee Hills Checkpost,11,50.38,Drizzle
2026-04-20T00:42:20Z,SENS-011,Mehdipatnam Bus Stand,33,51.96,Light Rain
2026-04-20T00:42:41Z,SENS-010,Secunderabad Clock Tower,11,20.89,Heavy Rain
2026-04-20T00:44:38Z,SENS-005,Tank Bund Road,11,46.32,Cloudy
2026-04-20T00:51:48Z,SENS-012,PVNR Expressway Toll,12,32.24,Clear
2026-04-20T00:59:49Z,SENS-003,Ameerpet Crossroads,5,37.21,Light Rain
2026-04-20T01:08:11Z,SENS-004,Madhapur IT Corridor,32,19.31,Cloudy
2026-04-20T01:10:41Z,SENS-004,Madhapur IT Corridor,8,41.72,Clear
2026-04-20T01:11:36Z,SENS-006,Hitech City Signal,8,59.73,Drizzle
2026-04-20T01:12:09Z,SENS-012,PVNR Expressway Toll,32,37.85,Clear
2026-04-20T01:14:58Z,SENS-008,LB Nagar Crossroads,33,22.97,Light Rain
2026-04-20T01:16:19Z,SENS-002,Gachibowli Junction,35,46.2,Clear
2026-04-20T01:22:06Z,SENS-001,Jubilee Hills Checkpost,18,21.01,Cloudy
2026-04-20T01:22:20Z,SENS-001,Jubilee Hills Checkpost,15,32.27,Clear
2026-04-20T01:24:22Z,SENS-007,Begumpet Flyover,29,60.91,Clear
2026-04-20T01:25:12Z,SENS-007,Begumpet Flyover,18,22.84,Clear
2026-04-20T01:28:43Z,SENS-007,Begumpet Flyover,38,17.86,Clear
2026-04-20T01:29:42Z,SENS-001,Jubilee Hills Checkpost,4,24.17,Cloudy
2026-04-20T01:33:44Z,SENS-001,Jubilee Hills Checkpost,16,46.43,Fog
2026-04-20T01:34:42Z,SENS-003,Ameerpet Crossroads,33,23.52,Cloudy
2026-04-20T01:42:59Z,SENS-007,Begumpet Flyover,36,35.01,Clear
2026-04-20T01:45:33Z,SENS-001,Jubilee Hills Checkpost,20,35.43,Heavy Rain
2026-04-20T01:51:24Z,SENS-002,Gachibowli Junction,24,44.31,Light Rain
2026-04-20T01:54:38Z,SENS-010,Secunderabad Clock Tower,20,27.72,Cloudy
2026-04-20T01:56:47Z,SENS-008,LB Nagar Crossroads,26,21.41,Fog
2026-04-20T02:00:24Z,SENS-007,Begumpet Flyover,6,53.4,Heavy Rain
2026-04-20T02:10:16Z,SENS-005,Tank Bund Road,9,74.64,Clear
2026-04-20T02:11:42Z,SENS-009,Kukatpally Housing Board,11,38.37,Heavy Rain
2026-04-20T02:24:49Z,SENS-008,LB Nagar Crossroads,14,23.56,Heavy Rain
2026-04-20T02:26:42Z,SENS-001,Jubilee Hills Checkpost,10,53.46,Clear
2026-04-20T02:38:31Z,SENS-010,Secunderabad Clock Tower,24,52.29,Cloudy
2026-04-20T02:38:52Z,SENS-012,PVNR Expressway Toll,24,19.27,Heavy Rain
2026-04-20T02:42:55Z,SENS-008,LB Nagar Crossroads,19,44.42,Light Rain
2026-04-20T02:52:11Z,SENS-012,PVNR Expressway Toll,29,56.41,Clear
2026-04-20T02:55:44Z,SENS-010,Secunderabad Clock Tower,18,31.78,Light Rain
2026-04-20T03:04:36Z,SENS-009,Kukatpally Housing Board,22,21.91,Clear
2026-04-20T03:06:28Z,SENS-006,Hitech City Signal,31,22.28,Clear
2026-04-20T03:09:59Z,SENS-001,Jubilee Hills Checkpost,29,49.58,Cloudy
2026-04-20T03:10:11Z,SENS-004,Madhapur IT Corridor,13,28.99,Cloudy
2026-04-20T03:10:41Z,SENS-007,Begumpet Flyover,20,47.4,Fog
2026-04-20T03:13:00Z,SENS-011,Mehdipatnam Bus Stand,11,25.55,Light Rain
2026-04-20T03:16:00Z,SENS-007,Begumpet Flyover,32,67.13,Clear
2026-04-20T03:18:29Z,SENS-009,Kukatpally Housing Board,38,58.52,Clear
2026-04-20T03:37:37Z,SENS-005,Tank Bund Road,16,21.33,Heavy Rain
2026-04-20T03:37:40Z,SENS-003,Ameerpet Crossroads,28,54.09,Clear
2026-04-20T03:42:18Z,SENS-002,Gachibowli Junction,13,22.04,Clear
2026-04-20T03:44:12Z,SENS-001,Jubilee Hills Checkpost,26,27.15,Heavy Rain
2026-04-20T03:50:59Z,SENS-009,Kukatpally Housing Board,27,28.09,Cloudy
2026-04-20T03:54:01Z,SENS-011,Mehdipatnam Bus Stand,6,23.29,Clear
2026-04-20T04:00:05Z,SENS-012,PVNR Expressway Toll,10,54.54,Clear
2026-04-20T04:07:03Z,SENS-007,Begumpet Flyover,18,28.28,Cloudy
2026-04-20T04:22:45Z,SENS-003,Ameerpet Crossroads,10,38.07,Cloudy
2026-04-20T04:23:33Z,SENS-005,Tank Bund Road,11,40.6,Clear
2026-04-20T04:34:18Z,SENS-006,Hitech City Signal,15,44.78,Heavy Rain
2026-04-20T04:48:42Z,SENS-008,LB Nagar Crossroads,12,50.61,Light Rain
2026-04-20T04:49:09Z,SENS-003,Ameerpet Crossroads,20,17.16,Light Rain
2026-04-20T04:56:08Z,SENS-009,Kukatpally Housing Board,17,37.53,Light Rain
2026-04-20T05:02:14Z,SENS-001,Jubilee Hills Checkpost,31,66.49,Cloudy
2026-04-20T05:04:20Z,SENS-012,PVNR Expressway Toll,81,27.6,Clear
2026-04-20T05:05:21Z,SENS-003,Ameerpet Crossroads,46,53.19,Light Rain
2026-04-20T05:11:37Z,SENS-001,Jubilee Hills Checkpost,83,21.91,Cloudy
2026-04-20T05:13:35Z,SENS-005,Tank Bund Road,65,22.21,Clear
2026-04-20T05:17:06Z,SENS-003,Ameerpet Crossroads,80,29.59,Clear
2026-04-20T05:18:23Z,SENS-005,Tank Bund Road,35,28.28,Clear
2026-04-20T05:23:21Z,SENS-011,Mehdipatnam Bus Stand,77,40.38,Clear
2026-04-20T05:25:37Z,SENS-010,Secunderabad Clock Tower,58,30.79,Heavy Rain
2026-04-20T05:27:19Z,SENS-003,Ameerpet Crossroads,32,22.24,Cloudy
2026-04-20T05:30:10Z,SENS-012,PVNR Expressway Toll,66,35.33,Cloudy
2026-04-20T05:38:13Z,SENS-008,LB Nagar Crossroads,62,41.71,Cloudy
2026-04-20T05:41:44Z,SENS-010,Secunderabad Clock Tower,72,29.07,Cloudy
2026-04-20T05:50:13Z,SENS-004,Madhapur IT Corridor,48,25.44,Cloudy
2026-04-20T05:53:58Z,SENS-008,LB Nagar Crossroads,37,30.93,Clear
2026-04-20T06:08:59Z,SENS-011,Mehdipatnam Bus Stand,63,52.88,Clear
2026-04-20T06:10:34Z,SENS-009,Kukatpally Housing Board,52,30.83,Light Rain
2026-04-20T06:11:44Z,SENS-004,Madhapur IT Corridor,75,34.35,Light Rain
2026-04-20T06:15:11Z,SENS-002,Gachibowli Junction,64,56.44,Clear
2026-04-20T06:21:03Z,SENS-001,Jubilee Hills Checkpost,34,11.4,Fog
2026-04-20T06:23:32Z,SENS-002,Gachibowli Junction,61,58.29,Clear
2026-04-20T06:29:09Z,SENS-007,Begumpet Flyover,50,56.45,Clear
2026-04-20T06:30:00Z,SENS-006,Hitech City Signal,40,42.61,Cloudy
2026-04-20T06:35:09Z,SENS-010,Secunderabad Clock Tower,75,32.64,Clear
2026-04-20T06:42:47Z,SENS-007,Begumpet Flyover,51,28.87,Drizzle
2026-04-20T06:46:09Z,SENS-007,Begumpet Flyover,71,38.94,Cloudy
2026-04-20T06:47:44Z,SENS-010,Secunderabad Clock Tower,49,36.21,Heavy Rain
2026-04-20T06:54:18Z,SENS-004,Madhapur IT Corridor,62,23.84,Light Rain
2026-04-20T07:05:03Z,SENS-006,Hitech City Signal,77,28.82,Clear
2026-04-20T07:06:14Z,SENS-011,Mehdipatnam Bus Stand,33,18.41,Heavy Rain
2026-04-20T07:06:53Z,SENS-011,Mehdipatnam Bus Stand,73,12.62,Light Rain
2026-04-20T07:07:11Z,SENS-004,Madhapur IT Corridor,67,37.92,Clear
2026-04-20T07:09:56Z,SENS-001,Jubilee Hills Checkpost,78,42.53,Clear
2026-04-20T07:14:06Z,SENS-008,LB Nagar Crossroads,36,26.84,Light Rain
2026-04-20T07:15:05Z,SENS-011,Mehdipatnam Bus Stand,44,42.49,Cloudy
2026-04-20T07:18:18Z,SENS-006,Hitech City Signal,62,24.35,Clear
2026-04-20T07:35:37Z,SENS-007,Begumpet Flyover,36,15.5,Light Rain
2026-04-20T07:46:05Z,SENS-005,Tank Bund Road,42,19.45,Clear
2026-04-20T07:49:54Z,SENS-004,Madhapur IT Corridor,76,42.59,Cloudy
2026-04-20T08:05:51Z,SENS-010,Secunderabad Clock Tower,150,13.83,Clear
2026-04-20T08:18:27Z,SENS-004,Madhapur IT Corridor,130,30.62,Light Rain
2026-04-20T08:20:29Z,SENS-007,Begumpet Flyover,112,16.51,Clear
2026-04-20T08:21:43Z,SENS-004,Madhapur IT Corridor,108,41.01,Clear
2026-04-20T08:23:39Z,SENS-010,Secunderabad Clock Tower,81,46.57,Clear
2026-04-20T08:28:36Z,SENS-009,Kukatpally Housing Board,124,18.99,Clear
2026-04-20T08:29:06Z,SENS-008,LB Nagar Crossroads,149,20.95,Fog
2026-04-20T08:30:58Z,SENS-003,Ameerpet Crossroads,148,26.84,Light Rain
2026-04-20T08:31:45Z,SENS-002,Gachibowli Junction,112,29.43,Light Rain
2026-04-20T08:40:31Z,SENS-004,Madhapur IT Corridor,76,34.65,Fog
2026-04-20T08:46:21Z,SENS-001,Jubilee Hills Checkpost,199,10.48,Clear
2026-04-20T08:51:59Z,SENS-004,Madhapur IT Corridor,95,26.22,Light Rain
2026-04-20T09:08:02Z,SENS-001,Jubilee Hills Checkpost,91,17.56,Fog
2026-04-20T09:11:46Z,SENS-004,Madhapur IT Corridor,135,16.44,Light Rain
2026-04-20T09:14:06Z,SENS-002,Gachibowli Junction,117,24.16,Clear
2026-04-20T09:15:54Z,SENS-008,LB Nagar Crossroads,143,27.72,Cloudy
2026-04-20T09:18:50Z,SENS-006,Hitech City Signal,111,30.53,Clear
2026-04-20T09:19:34Z,SENS-006,Hitech City Signal,119,32.71,Cloudy
2026-04-20T09:22:09Z,SENS-005,Tank Bund Road,197,16.29,Clear
2026-04-20T09:28:03Z,SENS-012,PVNR Expressway Toll,75,13.38,Heavy Rain
2026-04-20T09:28:05Z,SENS-004,Madhapur IT Corridor,197,18.74,Clear
2026-04-20T09:45:53Z,SENS-007,Begumpet Flyover,155,19.95,Clear
2026-04-20T09:46:37Z,SENS-012,PVNR Expressway Toll,126,29.18,Clear
2026-04-20T09:47:23Z,SENS-009,Kukatpally Housing Board,134,18.64,Fog
2026-04-20T09:49:17Z,SENS-007,Begumpet Flyover,164,19.0,Light Rain
2026-04-20T09:51:11Z,SENS-008,LB Nagar Crossroads,133,18.48,Light Rain
2026-04-20T09:55:06Z,SENS-005,Tank Bund Road,161,13.43,Light Rain
2026-04-20T09:56:04Z,SENS-007,Begumpet Flyover,174,20.14,Clear
2026-04-20T09:56:21Z,SENS-002,Gachibowli Junction,143,20.04,Fog
2026-04-20T10:13:17Z,SENS-001,Jubilee Hills Checkpost,123,29.21,Cloudy
2026-04-20T10:17:56Z,SENS-001,Jubilee Hills Checkpost,118,16.2,Heavy Rain
2026-04-20T10:18:27Z,SENS-003,Ameerpet Crossroads,187,14.86,Cloudy
2026-04-20T10:34:10Z,SENS-003,Ameerpet Crossroads,181,22.35,Clear
2026-04-20T10:42:16Z,SENS-008,LB Nagar Crossroads,119,9.88,Drizzle
2026-04-20T10:44:44Z,SENS-005,Tank Bund Road,139,10.17,Clear
2026-04-20T10:45:00Z,SENS-011,Mehdipatnam Bus Stand,124,13.41,Cloudy
2026-04-20T10:50:21Z,SENS-012,PVNR Expressway Toll,104,14.68,Cloudy
2026-04-20T10:51:54Z,SENS-002,Gachibowli Junction,155,15.45,Fog
2026-04-20T10:56:29Z,SENS-003,Ameerpet Crossroads,140,27.05,Clear
2026-04-20T10:57:52Z,SENS-011,Mehdipatnam Bus Stand,90,41.05,Cloudy
2026-04-20T11:04:28Z,SENS-007,Begumpet Flyover,77,51.08,Cloudy
2026-04-20T11:06:58Z,SENS-006,Hitech City Signal,57,19.56,Clear
2026-04-20T11:08:08Z,SENS-005,Tank Bund Road,81,20.95,Clear
2026-04-20T11:08:18Z,SENS-010,Secunderabad Clock Tower,85,30.06,Cloudy
2026-04-20T11:09:00Z,SENS-002,Gachibowli Junction,71,33.54,Clear
2026-04-20T11:14:12Z,SENS-003,Ameerpet Crossroads,46,24.36,Fog
2026-04-20T11:14:53Z,SENS-001,Jubilee Hills Checkpost,72,41.53,Light Rain
2026-04-20T11:20:41Z,SENS-012,PVNR Expressway Toll,64,16.98,Cloudy
2026-04-20T11:20:59Z,SENS-008,LB Nagar Crossroads,44,23.64,Fog
2026-04-20T11:21:53Z,SENS-002,Gachibowli Junction,38,58.72,Cloudy
2026-04-20T11:31:25Z,SENS-003,Ameerpet Crossroads,60,35.63,Heavy Rain
2026-04-20T11:33:45Z,SENS-002,Gachibowli Junction,58,46.21,Light Rain
2026-04-20T11:36:48Z,SENS-003,Ameerpet Crossroads,38,56.43,Light Rain
2026-04-20T11:42:33Z,SENS-009,Kukatpally Housing Board,54,26.11,Cloudy
2026-04-20T11:49:15Z,SENS-011,Mehdipatnam Bus Stand,82,25.49,Clear
2026-04-20T11:50:43Z,SENS-011,Mehdipatnam Bus Stand,56,45.25,Cloudy
2026-04-20T11:55:01Z,SENS-009,Kukatpally Housing Board,38,50.26,Light Rain
2026-04-20T11:58:14Z,SENS-004,Madhapur IT Corridor,44,35.82,Fog
2026-04-20T12:03:46Z,SENS-009,Kukatpally Housing Board,37,49.6,Clear
2026-04-20T12:08:56Z,SENS-007,Begumpet Flyover,81,36.74,Clear
2026-04-20T12:09:02Z,SENS-006,Hitech City Signal,60,39.69,Cloudy
2026-04-20T12:13:26Z,SENS-003,Ameerpet Crossroads,57,20.44,Light Rain
2026-04-20T12:22:02Z,SENS-009,Kukatpally Housing Board,65,26.8,Fog
2026-04-20T12:26:50Z,SENS-001,Jubilee Hills Checkpost,35,42.22,Cloudy
2026-04-20T12:32:11Z,SENS-011,Mehdipatnam Bus Stand,46,52.28,Light Rain
2026-04-20T12:32:26Z,SENS-005,Tank Bund Road,66,13.21,Heavy Rain
2026-04-20T12:33:46Z,SENS-009,Kukatpally Housing Board,63,22.98,Clear
2026-04-20T12:34:07Z,SENS-010,Secunderabad Clock Tower,57,49.31,Clear
2026-04-20T12:42:43Z,SENS-007,Begumpet Flyover,22,15.57,Heavy Rain
2026-04-20T12:47:25Z,SENS-012,PVNR Expressway Toll,35,53.54,Light Rain
2026-04-20T12:55:03Z,SENS-011,Mehdipatnam Bus Stand,55,53.47,Clear
2026-04-20T13:00:32Z,SENS-012,PVNR Expressway Toll,55,15.25,Drizzle
2026-04-20T13:12:02Z,SENS-011,Mehdipatnam Bus Stand,57,27.06,Drizzle
2026-04-20T13:13:47Z,SENS-008,LB Nagar Crossroads,62,23.49,Fog
2026-04-20T13:15:42Z,SENS-001,Jubilee Hills Checkpost,64,47.87,Drizzle
2026-04-20T13:18:17Z,SENS-008,LB Nagar Crossroads,31,60.54,Cloudy
2026-04-20T13:36:26Z,SENS-012,PVNR Expressway Toll,33,31.39,Cloudy
2026-04-20T13:36:32Z,SENS-012,PVNR Expressway Toll,87,23.75,Clear
2026-04-20T13:43:11Z,SENS-003,Ameerpet Crossroads,64,32.66,Light Rain
2026-04-20T13:45:37Z,SENS-003,Ameerpet Crossroads,67,23.16,Cloudy
2026-04-20T13:47:19Z,SENS-012,PVNR Expressway Toll,32,50.39,Clear
2026-04-20T13:59:42Z,SENS-001,Jubilee Hills Checkpost,61,41.96,Clear
2026-04-20T14:02:30Z,SENS-001,Jubilee Hills Checkpost,70,16.91,Drizzle
2026-04-20T14:05:39Z,SENS-001,Jubilee Hills Checkpost,53,42.45,Cloudy
2026-04-20T14:06:27Z,SENS-007,Begumpet Flyover,61,23.24,Light Rain
2026-04-20T14:07:27Z,SENS-012,PVNR Expressway Toll,48,19.22,Drizzle
2026-04-20T14:07:48Z,SENS-010,Secunderabad Clock Tower,73,29.4,Cloudy
2026-04-20T14:08:55Z,SENS-005,Tank Bund Road,51,30.46,Cloudy
2026-04-20T14:09:52Z,SENS-001,Jubilee Hills Checkpost,67,41.36,Cloudy
2026-04-20T14:16:51Z,SENS-008,LB Nagar Crossroads,32,52.61,Clear
2026-04-20T14:19:28Z,SENS-009,Kukatpally Housing Board,75,41.41,Cloudy
2026-04-20T14:19:58Z,SENS-003,Ameerpet Crossroads,60,36.48,Fog
2026-04-20T14:24:33Z,SENS-001,Jubilee Hills Checkpost,57,31.36,Heavy Rain
2026-04-20T14:30:47Z,SENS-003,Ameerpet Crossroads,69,17.95,Light Rain
2026-04-20T14:34:38Z,SENS-011,Mehdipatnam Bus Stand,40,34.32,Drizzle
2026-04-20T14:37:22Z,SENS-007,Begumpet Flyover,73,25.72,Clear
2026-04-20T14:38:14Z,SENS-010,Secunderabad Clock Tower,37,52.98,Clear
2026-04-20T14:43:17Z,SENS-012,PVNR Expressway Toll,84,32.41,Clear
2026-04-20T14:46:09Z,SENS-005,Tank Bund Road,79,19.41,Clear
2026-04-20T14:54:21Z,SENS-009,Kukatpally Housing Board,65,51.68,Cloudy
2026-04-20T14:55:34Z,SENS-004,Madhapur IT Corridor,52,29.33,Clear
2026-04-20T15:05:48Z,SENS-004,Madhapur IT Corridor,57,28.46,Clear
2026-04-20T15:06:28Z,SENS-011,Mehdipatnam Bus Stand,61,35.59,Clear
2026-04-20T15:15:29Z,SENS-006,Hitech City Signal,52,16.03,Heavy Rain
2026-04-20T15:24:37Z,SENS-011,Mehdipatnam Bus Stand,64,37.21,Clear
2026-04-20T15:24:40Z,SENS-005,Tank Bund Road,42,45.26,Cloudy
2026-04-20T15:25:05Z,SENS-001,Jubilee Hills Checkpost,45,15.32,Light Rain
2026-04-20T15:25:54Z,SENS-004,Madhapur IT Corridor,65,13.21,Heavy Rain
2026-04-20T15:29:57Z,SENS-012,PVNR Expressway Toll,37,67.4,Clear
2026-04-20T15:36:41Z,SENS-001,Jubilee Hills Checkpost,38,49.91,Clear
2026-04-20T15:37:34Z,SENS-011,Mehdipatnam Bus Stand,35,20.44,Heavy Rain
2026-04-20T15:41:51Z,SENS-004,Madhapur IT Corridor,53,34.15,Clear
2026-04-20T15:42:33Z,SENS-006,Hitech City Signal,86,43.25,Clear
2026-04-20T15:43:56Z,SENS-012,PVNR Expressway Toll,63,37.0,Clear
2026-04-20T15:47:15Z,SENS-001,Jubilee Hills Checkpost,55,42.62,Clear
2026-04-20T15:48:45Z,SENS-010,Secunderabad Clock Tower,54,58.39,Clear
2026-04-20T15:49:07Z,SENS-011,Mehdipatnam Bus Stand,40,18.69,Cloudy
2026-04-20T15:53:36Z,SENS-003,Ameerpet Crossroads,39,23.9,Clear
2026-04-20T15:53:52Z,SENS-010,Secunderabad Clock Tower,53,16.27,Light Rain
2026-04-20T15:55:25Z,SENS-010,Secunderabad Clock Tower,82,39.32,Clear
2026-04-20T15:58:10Z,SENS-007,Begumpet Flyover,45,25.17,Light Rain
2026-04-20T16:01:48Z,SENS-012,PVNR Expressway Toll,34,50.96,Clear
2026-04-20T16:05:52Z,SENS-005,Tank Bund Road,37,19.74,Heavy Rain
2026-04-20T16:06:34Z,SENS-006,Hitech City Signal,83,44.2,Cloudy
2026-04-20T16:14:26Z,SENS-007,Begumpet Flyover,43,22.59,Clear
2026-04-20T16:14:47Z,SENS-006,Hitech City Signal,41,22.12,Drizzle
2026-04-20T16:19:33Z,SENS-010,Secunderabad Clock Tower,54,38.41,Light Rain
2026-04-20T16:23:38Z,SENS-002,Gachibowli Junction,67,38.73,Clear
2026-04-20T16:28:47Z,SENS-003,Ameerpet Crossroads,29,18.55,Light Rain
2026-04-20T16:31:49Z,SENS-008,LB Nagar Crossroads,45,23.39,Light Rain
2026-04-20T16:34:22Z,SENS-005,Tank Bund Road,55,22.31,Cloudy
2026-04-20T16:55:14Z,SENS-007,Begumpet Flyover,41,24.59,Cloudy
2026-04-20T16:56:13Z,SENS-009,Kukatpally Housing Board,36,14.88,Heavy Rain
2026-04-20T16:57:43Z,SENS-010,Secunderabad Clock Tower,82,51.01,Clear
2026-04-20T16:58:57Z,SENS-003,Ameerpet Crossroads,66,38.48,Cloudy
2026-04-20T17:03:14Z,SENS-010,Secunderabad Clock Tower,115,37.55,Clear
2026-04-20T17:04:16Z,SENS-001,Jubilee Hills Checkpost,179,12.02,Clear
2026-04-20T17:14:11Z,SENS-001,Jubilee Hills Checkpost,132,12.9,Clear
2026-04-20T17:23:35Z,SENS-010,Secunderabad Clock Tower,120,19.58,Cloudy
2026-04-20T17:26:30Z,SENS-003,Ameerpet Crossroads,118,9.93,Heavy Rain
2026-04-20T17:27:24Z,SENS-010,Secunderabad Clock Tower,169,23.9,Cloudy
2026-04-20T17:32:33Z,SENS-005,Tank Bund Road,103,28.11,Cloudy
2026-04-20T17:36:24Z,SENS-004,Madhapur IT Corridor,101,13.84,Fog
2026-04-20T17:38:09Z,SENS-007,Begumpet Flyover,97,14.12,Cloudy
2026-04-20T17:40:02Z,SENS-007,Begumpet Flyover,142,15.38,Cloudy
2026-04-20T17:43:58Z,SENS-011,Mehdipatnam Bus Stand,173,19.61,Cloudy
2026-04-20T17:46:01Z,SENS-008,LB Nagar Crossroads,145,30.97,Cloudy
2026-04-20T17:47:17Z,SENS-002,Gachibowli Junction,125,12.97,Heavy Rain
2026-04-20T17:48:50Z,SENS-011,Mehdipatnam Bus Stand,87,47.42,Clear
2026-04-20T17:52:22Z,SENS-003,Ameerpet Crossroads,117,25.9,Fog
2026-04-20T17:54:39Z,SENS-012,PVNR Expressway Toll,114,27.16,Cloudy
2026-04-20T17:59:41Z,SENS-010,Secunderabad Clock Tower,105,14.2,Clear
2026-04-20T18:01:37Z,SENS-006,Hitech City Signal,141,18.83,Cloudy
2026-04-20T18:02:54Z,SENS-010,Secunderabad Clock Tower,189,21.13,Clear
2026-04-20T18:02:54Z,SENS-009,Kukatpally Housing Board,158,13.27,Clear
2026-04-20T18:15:46Z,SENS-007,Begumpet Flyover,143,16.88,Clear
2026-04-20T18:24:19Z,SENS-010,Secunderabad Clock Tower,122,19.01,Light Rain
2026-04-20T18:24:20Z,SENS-008,LB Nagar Crossroads,172,19.26,Light Rain
2026-04-20T18:27:35Z,SENS-007,Begumpet Flyover,146,21.54,Clear
2026-04-20T18:29:47Z,SENS-012,PVNR Expressway Toll,124,9.85,Light Rain
2026-04-20T18:33:52Z,SENS-009,Kukatpally Housing Board,106,33.05,Light Rain
2026-04-20T18:35:10Z,SENS-011,Mehdipatnam Bus Stand,139,23.45,Light Rain
2026-04-20T18:38:08Z,SENS-002,Gachibowli Junction,121,21.75,Cloudy
2026-04-20T18:39:07Z,SENS-002,Gachibowli Junction,178,18.79,Clear
2026-04-20T18:45:04Z,SENS-003,Ameerpet Crossroads,88,35.42,Clear
2026-04-20T18:45:23Z,SENS-009,Kukatpally Housing Board,146,16.96,Light Rain
2026-04-20T18:55:04Z,SENS-006,Hitech City Signal,91,19.8,Clear
2026-04-20T19:01:48Z,SENS-012,PVNR Expressway Toll,123,29.68,Clear
2026-04-20T19:05:54Z,SENS-012,PVNR Expressway Toll,85,25.52,Drizzle
2026-04-20T19:19:12Z,SENS-001,Jubilee Hills Checkpost,83,32.15,Cloudy
2026-04-20T19:22:53Z,SENS-010,Secunderabad Clock Tower,107,17.02,Heavy Rain
2026-04-20T19:25:21Z,SENS-003,Ameerpet Crossroads,130,25.15,Heavy Rain
2026-04-20T19:31:02Z,SENS-008,LB Nagar Crossroads,186,23.95,Clear
2026-04-20T19:36:44Z,SENS-007,Begumpet Flyover,70,16.01,Heavy Rain
2026-04-20T19:38:51Z,SENS-011,Mehdipatnam Bus Stand,113,27.33,Clear
2026-04-20T19:39:21Z,SENS-007,Begumpet Flyover,142,26.24,Clear
2026-04-20T19:44:29Z,SENS-008,LB Nagar Crossroads,157,26.94,Cloudy
2026-04-20T20:00:24Z,SENS-011,Mehdipatnam Bus Stand,30,17.97,Drizzle
2026-04-20T20:00:35Z,SENS-005,Tank Bund Road,31,42.22,Light Rain
2026-04-20T20:04:55Z,SENS-009,Kukatpally Housing Board,63,33.49,Light Rain
2026-04-20T20:10:01Z,SENS-007,Begumpet Flyover,60,32.79,Heavy Rain
2026-04-20T20:11:23Z,SENS-002,Gachibowli Junction,62,45.28,Cloudy
2026-04-20T20:21:41Z,SENS-006,Hitech City Signal,89,22.21,Clear
2026-04-20T20:21:45Z,SENS-003,Ameerpet Crossroads,29,21.89,Light Rain
2026-04-20T20:23:16Z,SENS-011,Mehdipatnam Bus Stand,50,30.51,Heavy Rain
2026-04-20T20:24:50Z,SENS-005,Tank Bund Road,54,34.83,Cloudy
2026-04-20T20:48:10Z,SENS-012,PVNR Expressway Toll,51,25.73,Light Rain
2026-04-20T20:49:02Z,SENS-005,Tank Bund Road,76,39.26,Clear
2026-04-20T21:01:02Z,SENS-012,PVNR Expressway Toll,85,38.09,Cloudy
2026-04-20T21:01:46Z,SENS-012,PVNR Expressway Toll,32,48.89,Cloudy
2026-04-20T21:02:39Z,SENS-008,LB Nagar Crossroads,64,35.61,Fog
2026-04-20T21:12:06Z,SENS-003,Ameerpet Crossroads,55,15.5,Cloudy
2026-04-20T21:30:35Z,SENS-007,Begumpet Flyover,40,36.65,Cloudy
2026-04-20T21:32:20Z,SENS-009,Kukatpally Housing Board,27,18.1,Light Rain
2026-04-20T21:37:40Z,SENS-008,LB Nagar Crossroads,64,14.03,Drizzle
2026-04-20T21:40:41Z,SENS-010,Secunderabad Clock Tower,52,30.93,Drizzle
2026-04-20T21:41:38Z,SENS-012,PVNR Expressway Toll,51,36.82,Clear
2026-04-20T21:48:19Z,SENS-008,LB Nagar Crossroads,83,32.33,Cloudy
2026-04-20T21:53:05Z,SENS-010,Secunderabad Clock Tower,30,28.02,Heavy Rain
2026-04-20T21:54:50Z,SENS-001,Jubilee Hills Checkpost,50,60.04,Cloudy
2026-04-20T21:58:36Z,SENS-009,Kukatpally Housing Board,30,54.17,Clear
2026-04-20T21:59:07Z,SENS-010,Secunderabad Clock Tower,71,44.09,Clear
2026-04-20T21:59:58Z,SENS-001,Jubilee Hills Checkpost,69,13.67,Fog
2026-04-20T22:06:45Z,SENS-004,Madhapur IT Corridor,30,50.5,Clear
2026-04-20T22:07:39Z,SENS-006,Hitech City Signal,10,42.08,Clear
2026-04-20T22:07:41Z,SENS-009,Kukatpally Housing Board,8,41.81,Fog
2026-04-20T22:09:07Z,SENS-001,Jubilee Hills Checkpost,5,46.24,Cloudy
2026-04-20T22:09:21Z,SENS-010,Secunderabad Clock Tower,19,27.15,Cloudy
2026-04-20T22:14:28Z,SENS-009,Kukatpally Housing Board,24,49.83,Clear
2026-04-20T22:17:21Z,SENS-010,Secunderabad Clock Tower,29,17.8,Clear
2026-04-20T22:18:00Z,SENS-008,LB Nagar Crossroads,22,45.58,Fog
2026-04-20T22:33:25Z,SENS-006,Hitech City Signal,18,27.23,Clear
2026-04-20T22:34:15Z,SENS-009,Kukatpally Housing Board,12,61.12,Cloudy
2026-04-20T22:39:41Z,SENS-001,Jubilee Hills Checkpost,6,37.13,Heavy Rain
2026-04-20T22:39:55Z,SENS-005,Tank Bund Road,22,70.36,Clear
2026-04-20T22:44:51Z,SENS-002,Gachibowli Junction,6,26.82,Clear
2026-04-20T22:45:45Z,SENS-004,Madhapur IT Corridor,11,32.2,Cloudy
2026-04-20T22:46:47Z,SENS-004,Madhapur IT Corridor,32,56.85,Clear
2026-04-20T22:50:08Z,SENS-008,LB Nagar Crossroads,27,66.64,Clear
2026-04-20T22:52:30Z,SENS-007,Begumpet Flyover,10,23.49,Clear
2026-04-20T22:54:19Z,SENS-006,Hitech City Signal,23,63.69,Drizzle
2026-04-20T22:59:44Z,SENS-004,Madhapur IT Corridor,29,45.5,Clear
2026-04-20T23:08:50Z,SENS-001,Jubilee Hills Checkpost,13,19.76,Heavy Rain
2026-04-20T23:12:01Z,SENS-004,Madhapur IT Corridor,23,31.53,Drizzle
2026-04-20T23:23:44Z,SENS-008,LB Nagar Crossroads,29,28.76,Cloudy
2026-04-20T23:24:10Z,SENS-009,Kukatpally Housing Board,33,56.68,Clear
2026-04-20T23:26:31Z,SENS-011,Mehdipatnam Bus Stand,10,24.17,Cloudy
2026-04-20T23:26:37Z,SENS-001,Jubilee Hills Checkpost,30,49.82,Clear
2026-04-20T23:28:16Z,SENS-001,Jubilee Hills Checkpost,21,59.66,Drizzle
2026-04-20T23:44:38Z,SENS-011,Mehdipatnam Bus Stand,19,41.69,Clear
2026-04-20T23:47:12Z,SENS-009,Kukatpally Housing Board,18,31.19,Fog
2026-04-20T23:54:46Z,SENS-010,Secunderabad Clock Tower,33,56.79,Clear
2026-04-20T23:55:09Z,SENS-010,Secunderabad Clock Tower,30,37.89,Clear
2026-04-20T23:58:12Z,SENS-007,Begumpet Flyover,28,37.78,Heavy Rain
2026-04-21T00:04:37Z,SENS-012,PVNR Expressway Toll,37,32.3,Clear
2026-04-21T00:05:20Z,SENS-012,PVNR Expressway Toll,33,64.23,Cloudy
2026-04-21T00:05:30Z,SENS-010,Secunderabad Clock Tower,32,38.56,Cloudy
2026-04-21T00:07:40Z,SENS-011,Mehdipatnam Bus Stand,30,32.06,Clear
2026-04-21T00:14:44Z,SENS-012,PVNR Expressway Toll,9,51.6,Clear
2026-04-21T00:14:56Z,SENS-010,Secunderabad Clock Tower,30,58.38,Drizzle
2026-04-21T00:27:47Z,SENS-010,Secunderabad Clock Tower,18,55.55,Cloudy
2026-04-21T00:43:00Z,SENS-009,Kukatpally Housing Board,39,32.99,Clear
2026-04-21T00:45:50Z,SENS-002,Gachibowli Junction,12,48.78,Heavy Rain
2026-04-21T00:46:39Z,SENS-003,Ameerpet Crossroads,21,44.59,Fog
2026-04-21T00:51:39Z,SENS-001,Jubilee Hills Checkpost,15,33.9,Fog
2026-04-21T00:53:50Z,SENS-011,Mehdipatnam Bus Stand,8,47.55,Cloudy
2026-04-21T00:54:48Z,SENS-011,Mehdipatnam Bus Stand,19,29.02,Clear
2026-04-21T00:59:38Z,SENS-002,Gachibowli Junction,35,54.14,Light Rain
2026-04-21T00:59:38Z,SENS-012,PVNR Expressway Toll,4,41.04,Cloudy
2026-04-21T01:05:36Z,SENS-008,LB Nagar Crossroads,11,58.42,Clear
2026-04-21T01:21:18Z,SENS-002,Gachibowli Junction,24,61.16,Clear
2026-04-21T01:33:14Z,SENS-010,Secunderabad Clock Tower,36,56.63,Clear
2026-04-21T01:33:26Z,SENS-011,Mehdipatnam Bus Stand,5,40.73,Light Rain
2026-04-21T01:45:49Z,SENS-001,Jubilee Hills Checkpost,38,50.56,Clear
2026-04-21T01:49:12Z,SENS-002,Gachibowli Junction,30,61.04,Clear
2026-04-21T01:52:33Z,SENS-001,Jubilee Hills Checkpost,19,51.25,Clear
2026-04-21T02:01:46Z,SENS-008,LB Nagar Crossroads,8,43.04,Light Rain
2026-04-21T02:07:27Z,SENS-005,Tank Bund Road,37,45.79,Cloudy
2026-04-21T02:17:23Z,SENS-007,Begumpet Flyover,38,56.83,Clear
2026-04-21T02:18:06Z,SENS-004,Madhapur IT Corridor,8,23.71,Light Rain
2026-04-21T02:23:25Z,SENS-001,Jubilee Hills Checkpost,35,41.47,Clear
2026-04-21T02:25:56Z,SENS-002,Gachibowli Junction,12,67.11,Clear
2026-04-21T02:33:35Z,SENS-011,Mehdipatnam Bus Stand,4,24.57,Cloudy
2026-04-21T02:39:35Z,SENS-003,Ameerpet Crossroads,4,39.03,Fog
2026-04-21T02:49:31Z,SENS-008,LB Nagar Crossroads,31,30.36,Cloudy
2026-04-21T02:50:08Z,SENS-010,Secunderabad Clock Tower,32,38.43,Cloudy
2026-04-21T02:56:21Z,SENS-009,Kukatpally Housing Board,22,57.62,Clear
2026-04-21T03:00:28Z,SENS-006,Hitech City Signal,36,50.69,Clear
2026-04-21T03:06:30Z,SENS-004,Madhapur IT Corridor,29,43.78,Clear
2026-04-21T03:09:11Z,SENS-002,Gachibowli Junction,37,42.32,Cloudy
2026-04-21T03:13:02Z,SENS-004,Madhapur IT Corridor,24,69.75,Clear
2026-04-21T03:13:32Z,SENS-010,Secunderabad Clock Tower,28,59.45,Light Rain
2026-04-21T03:15:59Z,SENS-009,Kukatpally Housing Board,16,51.06,Drizzle
2026-04-21T03:21:02Z,SENS-006,Hitech City Signal,34,20.67,Drizzle
2026-04-21T03:23:07Z,SENS-009,Kukatpally Housing Board,17,23.01,Light Rain
2026-04-21T03:23:45Z,SENS-005,Tank Bund Road,28,13.65,Heavy Rain
2026-04-21T03:33:12Z,SENS-005,Tank Bund Road,20,37.7,Clear
2026-04-21T03:33:58Z,SENS-011,Mehdipatnam Bus Stand,4,24.99,Fog
2026-04-21T03:34:31Z,SENS-012,PVNR Expressway Toll,38,55.35,Clear
2026-04-21T03:40:00Z,SENS-009,Kukatpally Housing Board,7,33.74,Clear
2026-04-21T03:41:07Z,SENS-010,Secunderabad Clock Tower,5,41.44,Light Rain
2026-04-21T03:48:37Z,SENS-011,Mehdipatnam Bus Stand,13,26.17,Drizzle
2026-04-21T03:49:42Z,SENS-007,Begumpet Flyover,12,47.37,Cloudy
2026-04-21T03:49:46Z,SENS-010,Secunderabad Clock Tower,31,22.94,Clear
2026-04-21T03:52:50Z,SENS-010,Secunderabad Clock Tower,15,50.84,Heavy Rain
2026-04-21T03:53:52Z,SENS-002,Gachibowli Junction,39,23.34,Clear
2026-04-21T03:55:12Z,SENS-009,Kukatpally Housing Board,21,44.14,Heavy Rain
2026-04-21T04:08:18Z,SENS-005,Tank Bund Road,22,45.46,Clear
2026-04-21T04:12:46Z,SENS-001,Jubilee Hills Checkpost,30,39.65,Clear
2026-04-21T04:14:57Z,SENS-010,Secunderabad Clock Tower,17,14.76,Heavy Rain
2026-04-21T04:15:41Z,SENS-005,Tank Bund Road,27,33.08,Clear
2026-04-21T04:15:56Z,SENS-012,PVNR Expressway Toll,22,61.43,Drizzle
2026-04-21T04:16:10Z,SENS-004,Madhapur IT Corridor,27,21.09,Fog
2026-04-21T04:16:22Z,SENS-009,Kukatpally Housing Board,24,36.04,Clear
2026-04-21T04:19:23Z,SENS-002,Gachibowli Junction,19,34.76,Light Rain
2026-04-21T04:22:24Z,SENS-009,Kukatpally Housing Board,17,47.51,Clear
2026-04-21T04:32:06Z,SENS-008,LB Nagar Crossroads,26,43.26,Cloudy
2026-04-21T04:33:46Z,SENS-011,Mehdipatnam Bus Stand,24,60.77,Light Rain
2026-04-21T04:34:50Z,SENS-009,Kukatpally Housing Board,5,42.34,Drizzle
2026-04-21T04:35:57Z,SENS-003,Ameerpet Crossroads,14,31.94,Light Rain
2026-04-21T04:39:49Z,SENS-003,Ameerpet Crossroads,23,51.42,Drizzle
2026-04-21T04:43:24Z,SENS-008,LB Nagar Crossroads,39,40.9,Clear
2026-04-21T04:45:07Z,SENS-004,Madhapur IT Corridor,20,51.51,Light Rain
2026-04-21T04:50:42Z,SENS-012,PVNR Expressway Toll,7,61.76,Clear
2026-04-21T04:59:15Z,SENS-010,Secunderabad Clock Tower,31,59.94,Cloudy
2026-04-21T05:05:44Z,SENS-004,Madhapur IT Corridor,32,63.81,Clear
2026-04-21T05:06:49Z,SENS-003,Ameerpet Crossroads,34,66.08,Clear
2026-04-21T05:11:26Z,SENS-008,LB Nagar Crossroads,66,48.59,Cloudy
2026-04-21T05:16:35Z,SENS-007,Begumpet Flyover,52,34.29,Clear
2026-04-21T05:17:31Z,SENS-009,Kukatpally Housing Board,55,16.0,Clear
2026-04-21T05:19:16Z,SENS-010,Secunderabad Clock Tower,83,31.64,Clear
2026-04-21T05:22:30Z,SENS-002,Gachibowli Junction,42,36.15,Clear
2026-04-21T05:26:47Z,SENS-005,Tank Bund Road,35,55.99,Light Rain
2026-04-21T05:35:58Z,SENS-002,Gachibowli Junction,31,64.25,Clear
2026-04-21T05:43:02Z,SENS-010,Secunderabad Clock Tower,66,39.76,Clear
2026-04-21T05:51:13Z,SENS-012,PVNR Expressway Toll,54,43.3,Cloudy
2026-04-21T05:52:02Z,SENS-012,PVNR Expressway Toll,78,46.28,Light Rain
2026-04-21T05:53:57Z,SENS-003,Ameerpet Crossroads,67,53.86,Cloudy
2026-04-21T05:54:21Z,SENS-003,Ameerpet Crossroads,27,29.22,Heavy Rain
2026-04-21T05:59:59Z,SENS-006,Hitech City Signal,61,39.94,Clear
2026-04-21T06:01:21Z,SENS-009,Kukatpally Housing Board,51,16.8,Light Rain
2026-04-21T06:01:43Z,SENS-004,Madhapur IT Corridor,76,47.01,Clear
2026-04-21T06:04:31Z,SENS-006,Hitech City Signal,40,33.64,Heavy Rain
2026-04-21T06:17:53Z,SENS-002,Gachibowli Junction,65,22.45,Fog
2026-04-21T06:19:52Z,SENS-003,Ameerpet Crossroads,30,15.61,Light Rain
2026-04-21T06:21:11Z,SENS-009,Kukatpally Housing Board,76,50.77,Cloudy
2026-04-21T06:31:51Z,SENS-010,Secunderabad Clock Tower,36,58.47,Clear
2026-04-21T06:34:35Z,SENS-007,Begumpet Flyover,32,40.6,Fog
2026-04-21T06:37:21Z,SENS-002,Gachibowli Junction,37,15.08,Light Rain
2026-04-21T06:47:47Z,SENS-010,Secunderabad Clock Tower,86,14.08,Clear
2026-04-21T06:54:55Z,SENS-006,Hitech City Signal,80,32.77,Cloudy
2026-04-21T07:05:33Z,SENS-005,Tank Bund Road,66,23.95,Heavy Rain
2026-04-21T07:07:05Z,SENS-002,Gachibowli Junction,30,66.99,Clear
2026-04-21T07:09:52Z,SENS-002,Gachibowli Junction,57,27.98,Clear
2026-04-21T07:15:25Z,SENS-012,PVNR Expressway Toll,59,39.28,Clear
2026-04-21T07:24:46Z,SENS-009,Kukatpally Housing Board,61,38.59,Light Rain
2026-04-21T07:26:25Z,SENS-007,Begumpet Flyover,41,27.78,Clear
2026-04-21T07:26:58Z,SENS-007,Begumpet Flyover,77,15.98,Clear
2026-04-21T07:39:03Z,SENS-008,LB Nagar Crossroads,32,33.85,Drizzle
2026-04-21T07:41:18Z,SENS-003,Ameerpet Crossroads,57,41.65,Heavy Rain
2026-04-21T07:41:57Z,SENS-009,Kukatpally Housing Board,68,27.35,Fog
2026-04-21T07:46:25Z,SENS-002,Gachibowli Junction,51,33.64,Heavy Rain
2026-04-21T07:55:17Z,SENS-008,LB Nagar Crossroads,80,36.87,Clear
2026-04-21T08:07:03Z,SENS-004,Madhapur IT Corridor,167,18.89,Clear
2026-04-21T08:11:47Z,SENS-001,Jubilee Hills Checkpost,120,26.07,Clear
2026-04-21T08:11:58Z,SENS-007,Begumpet Flyover,109,41.7,Clear
2026-04-21T08:15:47Z,SENS-003,Ameerpet Crossroads,73,18.69,Heavy Rain
2026-04-21T08:23:05Z,SENS-012,PVNR Expressway Toll,189,20.87,Clear
2026-04-21T08:24:58Z,SENS-008,LB Nagar Crossroads,111,37.68,Cloudy
2026-04-21T08:29:06Z,SENS-001,Jubilee Hills Checkpost,149,8.59,Clear
2026-04-21T08:29:41Z,SENS-006,Hitech City Signal,143,20.79,Clear
2026-04-21T08:36:07Z,SENS-006,Hitech City Signal,169,22.15,Clear
2026-04-21T08:43:11Z,SENS-004,Madhapur IT Corridor,139,27.21,Clear
2026-04-21T08:52:57Z,SENS-006,Hitech City Signal,126,20.76,Clear
2026-04-21T08:56:23Z,SENS-001,Jubilee Hills Checkpost,197,18.18,Clear
2026-04-21T08:59:16Z,SENS-002,Gachibowli Junction,117,24.52,Cloudy
2026-04-21T09:00:36Z,SENS-001,Jubilee Hills Checkpost,113,10.98,Cloudy
2026-04-21T09:01:39Z,SENS-012,PVNR Expressway Toll,151,18.64,Cloudy
2026-04-21T09:04:50Z,SENS-004,Madhapur IT Corridor,125,35.78,Cloudy
2026-04-21T09:18:54Z,SENS-002,Gachibowli Junction,184,21.33,Clear
2026-04-21T09:19:21Z,SENS-009,Kukatpally Housing Board,114,28.28,Cloudy
2026-04-21T09:24:49Z,SENS-006,Hitech City Signal,154,7.37,Light Rain
2026-04-21T09:30:37Z,SENS-011,Mehdipatnam Bus Stand,90,28.48,Light Rain
2026-04-21T09:32:22Z,SENS-008,LB Nagar Crossroads,95,43.22,Clear
2026-04-21T09:35:54Z,SENS-011,Mehdipatnam Bus Stand,152,23.61,Cloudy
2026-04-21T09:41:10Z,SENS-010,Secunderabad Clock Tower,197,7.23,Clear
2026-04-21T09:46:51Z,SENS-002,Gachibowli Junction,190,10.91,Cloudy
2026-04-21T09:47:39Z,SENS-002,Gachibowli Junction,80,37.56,Drizzle
2026-04-21T10:01:34Z,SENS-004,Madhapur IT Corridor,90,42.21,Cloudy
2026-04-21T10:04:21Z,SENS-006,Hitech City Signal,179,23.29,Clear
2026-04-21T10:07:37Z,SENS-006,Hitech City Signal,189,16.41,Clear
2026-04-21T10:09:19Z,SENS-006,Hitech City Signal,84,38.68,Cloudy
2026-04-21T10:13:41Z,SENS-003,Ameerpet Crossroads,109,35.6,Cloudy
2026-04-21T10:16:39Z,SENS-001,Jubilee Hills Checkpost,145,6.0,Heavy Rain
2026-04-21T10:23:17Z,SENS-004,Madhapur IT Corridor,140,16.79,Fog
2026-04-21T10:28:00Z,SENS-011,Mehdipatnam Bus Stand,86,48.83,Clear
2026-04-21T10:28:24Z,SENS-008,LB Nagar Crossroads,129,25.14,Clear
2026-04-21T10:45:41Z,SENS-009,Kukatpally Housing Board,121,17.96,Clear
2026-04-21T10:46:39Z,SENS-004,Madhapur IT Corridor,91,30.39,Light Rain
2026-04-21T10:54:20Z,SENS-009,Kukatpally Housing Board,96,35.42,Cloudy
2026-04-21T10:57:03Z,SENS-005,Tank Bund Road,170,12.62,Drizzle
2026-04-21T10:57:27Z,SENS-003,Ameerpet Crossroads,174,18.69,Cloudy
2026-04-21T11:14:13Z,SENS-003,Ameerpet Crossroads,47,54.03,Clear
2026-04-21T11:19:44Z,SENS-010,Secunderabad Clock Tower,59,15.69,Fog
2026-04-21T11:23:36Z,SENS-006,Hitech City Signal,49,40.16,Cloudy
2026-04-21T11:31:32Z,SENS-001,Jubilee Hills Checkpost,35,22.62,Clear
2026-04-21T11:36:00Z,SENS-012,PVNR Expressway Toll,69,16.77,Light Rain
2026-04-21T11:41:28Z,SENS-004,Madhapur IT Corridor,37,40.37,Clear
2026-04-21T11:46:25Z,SENS-001,Jubilee Hills Checkpost,65,26.22,Cloudy
2026-04-21T11:50:32Z,SENS-001,Jubilee Hills Checkpost,78,31.66,Clear
2026-04-21T11:51:59Z,SENS-012,PVNR Expressway Toll,45,30.27,Light Rain
2026-04-21T12:00:14Z,SENS-012,PVNR Expressway Toll,64,38.89,Clear
2026-04-21T12:11:29Z,SENS-001,Jubilee Hills Checkpost,83,22.63,Cloudy
2026-04-21T12:19:29Z,SENS-008,LB Nagar Crossroads,54,36.82,Heavy Rain
2026-04-21T12:24:28Z,SENS-001,Jubilee Hills Checkpost,31,61.63,Cloudy
2026-04-21T12:48:57Z,SENS-003,Ameerpet Crossroads,35,35.69,Heavy Rain
2026-04-21T12:52:26Z,SENS-011,Mehdipatnam Bus Stand,36,28.89,Light Rain
2026-04-21T13:02:10Z,SENS-012,PVNR Expressway Toll,66,39.23,Cloudy
2026-04-21T13:04:50Z,SENS-011,Mehdipatnam Bus Stand,49,18.17,Clear
2026-04-21T13:07:11Z,SENS-012,PVNR Expressway Toll,50,41.14,Light Rain
2026-04-21T13:19:30Z,SENS-007,Begumpet Flyover,40,64.67,Clear
2026-04-21T13:33:49Z,SENS-007,Begumpet Flyover,47,38.33,Fog
2026-04-21T13:35:33Z,SENS-001,Jubilee Hills Checkpost,59,57.21,Clear
2026-04-21T13:36:31Z,SENS-008,LB Nagar Crossroads,82,36.68,Clear
2026-04-21T13:37:09Z,SENS-012,PVNR Expressway Toll,64,40.85,Clear
2026-04-21T13:39:58Z,SENS-004,Madhapur IT Corridor,84,18.06,Clear
2026-04-21T13:42:31Z,SENS-007,Begumpet Flyover,79,26.48,Clear
2026-04-21T13:45:31Z,SENS-006,Hitech City Signal,38,26.52,Drizzle
2026-04-21T13:53:18Z,SENS-004,Madhapur IT Corridor,57,18.11,Clear
2026-04-21T13:59:50Z,SENS-009,Kukatpally Housing Board,47,55.27,Clear
2026-04-21T14:04:07Z,SENS-008,LB Nagar Crossroads,48,24.85,Clear
2026-04-21T14:07:46Z,SENS-005,Tank Bund Road,49,17.51,Clear
2026-04-21T14:11:04Z,SENS-007,Begumpet Flyover,40,21.32,Fog
2026-04-21T14:12:58Z,SENS-011,Mehdipatnam Bus Stand,70,56.1,Clear
2026-04-21T14:13:59Z,SENS-009,Kukatpally Housing Board,50,53.41,Light Rain
2026-04-21T14:17:10Z,SENS-005,Tank Bund Road,77,42.17,Cloudy
2026-04-21T14:36:20Z,SENS-011,Mehdipatnam Bus Stand,78,29.7,Cloudy
2026-04-21T14:48:33Z,SENS-011,Mehdipatnam Bus Stand,88,28.92,Clear
2026-04-21T14:56:43Z,SENS-007,Begumpet Flyover,69,9.87,Fog
2026-04-21T15:03:49Z,SENS-002,Gachibowli Junction,42,23.89,Heavy Rain
2026-04-21T15:12:13Z,SENS-012,PVNR Expressway Toll,69,13.88,Cloudy
2026-04-21T15:31:22Z,SENS-008,LB Nagar Crossroads,75,22.25,Cloudy
2026-04-21T15:33:54Z,SENS-001,Jubilee Hills Checkpost,39,35.67,Cloudy
2026-04-21T15:39:55Z,SENS-010,Secunderabad Clock Tower,32,29.93,Cloudy
2026-04-21T15:40:15Z,SENS-008,LB Nagar Crossroads,61,51.6,Clear
2026-04-21T15:42:15Z,SENS-008,LB Nagar Crossroads,58,21.55,Light Rain
2026-04-21T15:45:16Z,SENS-008,LB Nagar Crossroads,78,44.64,Clear
2026-04-21T15:46:08Z,SENS-001,Jubilee Hills Checkpost,51,40.59,Clear
2026-04-21T15:54:45Z,SENS-011,Mehdipatnam Bus Stand,54,38.35,Clear
2026-04-21T15:58:29Z,SENS-010,Secunderabad Clock Tower,30,19.08,Cloudy
2026-04-21T15:59:53Z,SENS-007,Begumpet Flyover,59,46.77,Cloudy
2026-04-21T16:06:02Z,SENS-011,Mehdipatnam Bus Stand,65,23.99,Light Rain
2026-04-21T16:11:05Z,SENS-002,Gachibowli Junction,40,21.68,Cloudy
2026-04-21T16:11:35Z,SENS-001,Jubilee Hills Checkpost,31,52.07,Cloudy
2026-04-21T16:16:41Z,SENS-005,Tank Bund Road,39,21.34,Fog
2026-04-21T16:16:53Z,SENS-003,Ameerpet Crossroads,36,67.69,Clear
2026-04-21T16:20:27Z,SENS-005,Tank Bund Road,60,56.3,Clear
2026-04-21T16:31:38Z,SENS-008,LB Nagar Crossroads,25,15.81,Heavy Rain
2026-04-21T16:35:37Z,SENS-004,Madhapur IT Corridor,27,32.02,Light Rain
2026-04-21T16:38:37Z,SENS-001,Jubilee Hills Checkpost,49,56.04,Clear
2026-04-21T16:38:55Z,SENS-012,PVNR Expressway Toll,38,25.94,Clear
2026-04-21T16:39:48Z,SENS-002,Gachibowli Junction,89,43.72,Clear
2026-04-21T16:39:49Z,SENS-011,Mehdipatnam Bus Stand,54,24.06,Light Rain
2026-04-21T16:42:55Z,SENS-005,Tank Bund Road,75,38.91,Cloudy
2026-04-21T16:44:40Z,SENS-005,Tank Bund Road,55,24.28,Heavy Rain
2026-04-21T16:44:42Z,SENS-011,Mehdipatnam Bus Stand,32,59.97,Clear
2026-04-21T16:51:22Z,SENS-003,Ameerpet Crossroads,84,32.13,Clear
2026-04-21T16:54:48Z,SENS-001,Jubilee Hills Checkpost,32,41.06,Drizzle
2026-04-21T17:08:46Z,SENS-011,Mehdipatnam Bus Stand,178,17.96,Clear
2026-04-21T17:16:43Z,SENS-003,Ameerpet Crossroads,126,26.33,Drizzle
2026-04-21T17:18:18Z,SENS-003,Ameerpet Crossroads,80,25.4,Fog
2026-04-21T17:20:02Z,SENS-005,Tank Bund Road,140,19.34,Heavy Rain
2026-04-21T17:22:36Z,SENS-006,Hitech City Signal,71,27.07,Heavy Rain
2026-04-21T17:24:20Z,SENS-006,Hitech City Signal,103,41.13,Cloudy
2026-04-21T17:29:22Z,SENS-006,Hitech City Signal,75,11.68,Heavy Rain
2026-04-21T17:29:58Z,SENS-003,Ameerpet Crossroads,140,23.11,Heavy Rain
2026-04-21T17:30:36Z,SENS-004,Madhapur IT Corridor,147,13.98,Fog
2026-04-21T17:30:38Z,SENS-005,Tank Bund Road,176,10.98,Light Rain
2026-04-21T17:32:53Z,SENS-010,Secunderabad Clock Tower,190,8.51,Clear
2026-04-21T17:34:46Z,SENS-008,LB Nagar Crossroads,93,22.65,Heavy Rain
2026-04-21T17:36:51Z,SENS-008,LB Nagar Crossroads,104,37.34,Clear
2026-04-21T17:39:56Z,SENS-009,Kukatpally Housing Board,82,14.67,Drizzle
2026-04-21T17:48:10Z,SENS-006,Hitech City Signal,140,28.92,Light Rain
2026-04-21T17:48:38Z,SENS-007,Begumpet Flyover,105,34.32,Clear
2026-04-21T17:49:04Z,SENS-003,Ameerpet Crossroads,93,35.72,Clear
2026-04-21T17:49:16Z,SENS-004,Madhapur IT Corridor,154,13.09,Light Rain
2026-04-21T17:52:36Z,SENS-003,Ameerpet Crossroads,146,22.96,Clear
2026-04-21T17:54:01Z,SENS-005,Tank Bund Road,118,30.05,Clear
2026-04-21T18:00:52Z,SENS-011,Mehdipatnam Bus Stand,180,17.8,Cloudy
2026-04-21T18:09:29Z,SENS-004,Madhapur IT Corridor,150,16.32,Fog
2026-04-21T18:11:56Z,SENS-003,Ameerpet Crossroads,143,12.37,Clear
2026-04-21T18:18:58Z,SENS-004,Madhapur IT Corridor,160,19.5,Light Rain
2026-04-21T18:22:21Z,SENS-012,PVNR Expressway Toll,103,19.19,Clear
2026-04-21T18:23:03Z,SENS-009,Kukatpally Housing Board,141,16.41,Fog
2026-04-21T18:40:05Z,SENS-012,PVNR Expressway Toll,168,25.97,Clear
2026-04-21T18:40:47Z,SENS-008,LB Nagar Crossroads,147,29.34,Cloudy
2026-04-21T18:43:50Z,SENS-008,LB Nagar Crossroads,98,35.65,Clear
2026-04-21T18:44:03Z,SENS-008,LB Nagar Crossroads,105,41.05,Clear
2026-04-21T18:49:08Z,SENS-009,Kukatpally Housing Board,62,30.45,Heavy Rain
2026-04-21T18:50:01Z,SENS-007,Begumpet Flyover,148,10.16,Cloudy
2026-04-21T18:56:11Z,SENS-005,Tank Bund Road,108,17.28,Cloudy
2026-04-21T18:57:26Z,SENS-008,LB Nagar Crossroads,122,19.2,Clear
2026-04-21T19:01:05Z,SENS-010,Secunderabad Clock Tower,97,30.61,Clear
2026-04-21T19:10:45Z,SENS-007,Begumpet Flyover,134,26.96,Light Rain
2026-04-21T19:14:37Z,SENS-004,Madhapur IT Corridor,128,13.21,Fog
2026-04-21T19:19:47Z,SENS-003,Ameerpet Crossroads,145,16.71,Cloudy
2026-04-21T19:23:34Z,SENS-010,Secunderabad Clock Tower,142,14.48,Clear
2026-04-21T19:28:33Z,SENS-010,Secunderabad Clock Tower,80,33.02,Clear
2026-04-21T19:29:41Z,SENS-011,Mehdipatnam Bus Stand,115,16.68,Clear
2026-04-21T19:39:58Z,SENS-004,Madhapur IT Corridor,105,10.82,Heavy Rain
2026-04-21T19:41:33Z,SENS-012,PVNR Expressway Toll,84,35.82,Drizzle
2026-04-21T19:43:48Z,SENS-001,Jubilee Hills Checkpost,82,23.75,Clear
2026-04-21T19:46:57Z,SENS-012,PVNR Expressway Toll,103,29.35,Fog
2026-04-21T19:48:42Z,SENS-010,Secunderabad Clock Tower,153,25.1,Cloudy
2026-04-21T19:51:55Z,SENS-005,Tank Bund Road,193,21.27,Clear
2026-04-21T19:56:11Z,SENS-003,Ameerpet Crossroads,90,26.14,Cloudy
2026-04-21T19:56:42Z,SENS-009,Kukatpally Housing Board,130,13.37,Cloudy
2026-04-21T19:57:15Z,SENS-002,Gachibowli Junction,129,17.98,Light Rain
2026-04-21T19:57:27Z,SENS-008,LB Nagar Crossroads,109,14.88,Light Rain
2026-04-21T19:59:56Z,SENS-003,Ameerpet Crossroads,89,30.02,Light Rain
2026-04-21T20:00:21Z,SENS-011,Mehdipatnam Bus Stand,31,64.24,Clear
2026-04-21T20:04:53Z,SENS-001,Jubilee Hills Checkpost,68,16.14,Clear
2026-04-21T20:06:32Z,SENS-001,Jubilee Hills Checkpost,67,45.29,Clear
2026-04-21T20:12:19Z,SENS-003,Ameerpet Crossroads,81,36.71,Cloudy
2026-04-21T20:16:05Z,SENS-001,Jubilee Hills Checkpost,63,42.85,Drizzle
2026-04-21T20:20:21Z,SENS-008,LB Nagar Crossroads,59,48.5,Clear
2026-04-21T20:25:50Z,SENS-002,Gachibowli Junction,37,32.6,Cloudy
2026-04-21T20:30:57Z,SENS-003,Ameerpet Crossroads,38,21.13,Clear
2026-04-21T20:36:09Z,SENS-006,Hitech City Signal,36,42.43,Clear
2026-04-21T20:37:11Z,SENS-010,Secunderabad Clock Tower,44,26.39,Clear
2026-04-21T20:43:19Z,SENS-010,Secunderabad Clock Tower,45,17.35,Drizzle
2026-04-21T20:43:29Z,SENS-009,Kukatpally Housing Board,51,51.29,Clear
2026-04-21T20:45:50Z,SENS-008,LB Nagar Crossroads,69,23.76,Light Rain
2026-04-21T20:51:24Z,SENS-007,Begumpet Flyover,50,49.08,Light Rain
2026-04-21T20:52:09Z,SENS-009,Kukatpally Housing Board,73,52.32,Clear
2026-04-21T20:56:33Z,SENS-011,Mehdipatnam Bus Stand,76,35.22,Cloudy
2026-04-21T20:58:24Z,SENS-003,Ameerpet Crossroads,42,48.13,Cloudy
2026-04-21T21:07:12Z,SENS-003,Ameerpet Crossroads,30,47.45,Clear
2026-04-21T21:08:17Z,SENS-005,Tank Bund Road,84,44.83,Clear
2026-04-21T21:14:11Z,SENS-002,Gachibowli Junction,41,61.88,Cloudy
2026-04-21T21:17:21Z,SENS-009,Kukatpally Housing Board,80,43.41,Cloudy
2026-04-21T21:23:03Z,SENS-004,Madhapur IT Corridor,51,19.85,Clear
2026-04-21T21:23:58Z,SENS-009,Kukatpally Housing Board,63,21.84,Clear
2026-04-21T21:27:34Z,SENS-002,Gachibowli Junction,44,59.12,Cloudy
2026-04-21T21:29:30Z,SENS-003,Ameerpet Crossroads,30,41.92,Light Rain
2026-04-21T21:43:28Z,SENS-006,Hitech City Signal,49,40.81,Cloudy
2026-04-21T21:45:01Z,SENS-008,LB Nagar Crossroads,32,29.52,Light Rain
2026-04-21T21:47:30Z,SENS-012,PVNR Expressway Toll,30,38.56,Cloudy
2026-04-21T21:47:50Z,SENS-002,Gachibowli Junction,50,32.06,Cloudy
2026-04-21T21:53:02Z,SENS-008,LB Nagar Crossroads,30,40.52,Light Rain
2026-04-21T21:55:21Z,SENS-009,Kukatpally Housing Board,50,54.02,Clear
2026-04-21T21:55:51Z,SENS-006,Hitech City Signal,73,54.76,Clear
2026-04-21T21:56:10Z,SENS-012,PVNR Expressway Toll,45,15.26,Light Rain
2026-04-21T21:59:07Z,SENS-001,Jubilee Hills Checkpost,37,59.0,Clear
2026-04-21T22:01:10Z,SENS-006,Hitech City Signal,35,52.18,Cloudy
2026-04-21T22:07:24Z,SENS-002,Gachibowli Junction,28,52.96,Clear
2026-04-21T22:08:03Z,SENS-009,Kukatpally Housing Board,28,29.03,Light Rain
2026-04-21T22:09:45Z,SENS-003,Ameerpet Crossroads,22,53.84,Light Rain
2026-04-21T22:11:28Z,SENS-007,Begumpet Flyover,35,47.14,Cloudy
2026-04-21T22:11:35Z,SENS-011,Mehdipatnam Bus Stand,36,22.65,Cloudy
2026-04-21T22:18:53Z,SENS-005,Tank Bund Road,13,27.63,Clear
2026-04-21T22:23:26Z,SENS-007,Begumpet Flyover,39,23.85,Clear
2026-04-21T22:24:11Z,SENS-011,Mehdipatnam Bus Stand,18,37.42,Light Rain
2026-04-21T22:49:21Z,SENS-010,Secunderabad Clock Tower,29,40.29,Light Rain
2026-04-21T22:49:39Z,SENS-007,Begumpet Flyover,24,35.35,Drizzle
2026-04-21T22:52:46Z,SENS-002,Gachibowli Junction,30,60.7,Clear
2026-04-21T22:58:42Z,SENS-006,Hitech City Signal,13,40.12,Clear
2026-04-21T23:00:49Z,SENS-002,Gachibowli Junction,4,31.27,Heavy Rain
2026-04-21T23:01:03Z,SENS-011,Mehdipatnam Bus Stand,34,58.32,Clear
2026-04-21T23:02:22Z,SENS-011,Mehdipatnam Bus Stand,26,39.71,Light Rain
2026-04-21T23:10:02Z,SENS-008,LB Nagar Crossroads,33,67.39,Clear
2026-04-21T23:18:36Z,SENS-012,PVNR Expressway Toll,26,39.57,Clear
2026-04-21T23:21:18Z,SENS-012,PVNR Expressway Toll,35,62.67,Clear
2026-04-21T23:21:18Z,SENS-009,Kukatpally Housing Board,27,64.48,Cloudy
2026-04-21T23:28:16Z,SENS-001,Jubilee Hills Checkpost,12,73.96,Clear
2026-04-21T23:30:45Z,SENS-012,PVNR Expressway Toll,24,64.7,Cloudy
2026-04-21T23:36:42Z,SENS-012,PVNR Expressway Toll,13,74.05,Clear
2026-04-21T23:54:20Z,SENS-004,Madhapur IT Corridor,37,53.54,Cloudy
2026-04-22T00:04:27Z,SENS-012,PVNR Expressway Toll,35,34.95,Clear
2026-04-22T00:10:31Z,SENS-010,Secunderabad Clock Tower,25,21.0,Clear
2026-04-22T00:18:06Z,SENS-006,Hitech City Signal,26,24.3,Heavy Rain
2026-04-22T00:19:28Z,SENS-001,Jubilee Hills Checkpost,14,64.94,Clear
2026-04-22T00:22:15Z,SENS-007,Begumpet Flyover,13,14.81,Heavy Rain
2026-04-22T00:23:21Z,SENS-003,Ameerpet Crossroads,23,50.48,Cloudy
2026-04-22T00:29:39Z,SENS-001,Jubilee Hills Checkpost,30,56.0,Light Rain
2026-04-22T00:30:38Z,SENS-009,Kukatpally Housing Board,32,30.73,Clear
2026-04-22T00:33:46Z,SENS-006,Hitech City Signal,37,28.3,Clear
2026-04-22T00:40:53Z,SENS-005,Tank Bund Road,30,43.24,Clear
2026-04-22T00:48:39Z,SENS-004,Madhapur IT Corridor,33,25.93,Light Rain
2026-04-22T00:50:00Z,SENS-008,LB Nagar Crossroads,25,27.32,Cloudy
2026-04-22T00:50:54Z,SENS-011,Mehdipatnam Bus Stand,13,61.97,Clear
2026-04-22T00:57:04Z,SENS-007,Begumpet Flyover,28,46.09,Cloudy
2026-04-22T00:57:10Z,SENS-001,Jubilee Hills Checkpost,20,40.63,Clear
2026-04-22T01:00:03Z,SENS-009,Kukatpally Housing Board,20,64.33,Clear
2026-04-22T01:00:21Z,SENS-001,Jubilee Hills Checkpost,13,70.21,Clear
2026-04-22T01:01:46Z,SENS-007,Begumpet Flyover,26,48.2,Clear
2026-04-22T01:03:03Z,SENS-007,Begumpet Flyover,17,65.08,Cloudy
2026-04-22T01:05:43Z,SENS-003,Ameerpet Crossroads,12,30.17,Light Rain
2026-04-22T01:10:46Z,SENS-003,Ameerpet Crossroads,9,60.74,Light Rain
2026-04-22T01:15:39Z,SENS-003,Ameerpet Crossroads,9,36.7,Drizzle
2026-04-22T01:16:03Z,SENS-012,PVNR Expressway Toll,4,33.8,Light Rain
2026-04-22T01:16:40Z,SENS-003,Ameerpet Crossroads,22,29.93,Clear
2026-04-22T01:20:34Z,SENS-011,Mehdipatnam Bus Stand,5,27.38,Cloudy
2026-04-22T01:22:06Z,SENS-011,Mehdipatnam Bus Stand,12,13.49,Heavy Rain
2026-04-22T01:27:49Z,SENS-005,Tank Bund Road,14,46.86,Light Rain
2026-04-22T01:37:10Z,SENS-008,LB Nagar Crossroads,32,64.87,Clear
2026-04-22T01:37:18Z,SENS-010,Secunderabad Clock Tower,24,12.87,Heavy Rain
2026-04-22T01:48:58Z,SENS-003,Ameerpet Crossroads,24,29.88,Clear
2026-04-22T01:58:20Z,SENS-002,Gachibowli Junction,22,27.17,Cloudy
2026-04-22T02:00:07Z,SENS-010,Secunderabad Clock Tower,26,17.54,Light Rain
2026-04-22T02:01:01Z,SENS-009,Kukatpally Housing Board,17,33.42,Light Rain
2026-04-22T02:12:38Z,SENS-008,LB Nagar Crossroads,10,52.24,Cloudy
2026-04-22T02:13:53Z,SENS-012,PVNR Expressway Toll,22,25.18,Cloudy
2026-04-22T02:14:29Z,SENS-010,Secunderabad Clock Tower,12,39.77,Fog
2026-04-22T02:18:18Z,SENS-009,Kukatpally Housing Board,33,15.11,Light Rain
2026-04-22T02:19:49Z,SENS-006,Hitech City Signal,8,63.17,Light Rain
2026-04-22T02:20:56Z,SENS-009,Kukatpally Housing Board,6,62.01,Clear
2026-04-22T02:27:20Z,SENS-009,Kukatpally Housing Board,14,16.39,Light Rain
2026-04-22T02:32:14Z,SENS-007,Begumpet Flyover,29,55.11,Cloudy
2026-04-22T02:33:22Z,SENS-007,Begumpet Flyover,35,56.85,Cloudy
2026-04-22T02:37:03Z,SENS-002,Gachibowli Junction,13,39.85,Clear
2026-04-22T02:44:38Z,SENS-008,LB Nagar Crossroads,15,49.37,Heavy Rain
2026-04-22T02:46:02Z,SENS-004,Madhapur IT Corridor,28,52.91,Drizzle
2026-04-22T02:46:39Z,SENS-011,Mehdipatnam Bus Stand,36,54.94,Clear
2026-04-22T02:48:37Z,SENS-012,PVNR Expressway Toll,9,23.46,Drizzle
2026-04-22T02:49:17Z,SENS-003,Ameerpet Crossroads,26,16.09,Light Rain
2026-04-22T02:49:39Z,SENS-004,Madhapur IT Corridor,16,31.13,Clear
2026-04-22T02:50:09Z,SENS-006,Hitech City Signal,32,27.58,Clear
2026-04-22T02:51:38Z,SENS-012,PVNR Expressway Toll,27,26.91,Clear
2026-04-22T02:52:52Z,SENS-007,Begumpet Flyover,25,20.75,Cloudy
2026-04-22T02:53:56Z,SENS-004,Madhapur IT Corridor,11,68.93,Clear
2026-04-22T03:04:13Z,SENS-007,Begumpet Flyover,25,65.49,Cloudy
2026-04-22T03:05:32Z,SENS-008,LB Nagar Crossroads,25,70.96,Clear
2026-04-22T03:08:09Z,SENS-008,LB Nagar Crossroads,11,22.84,Cloudy
2026-04-22T03:11:30Z,SENS-010,Secunderabad Clock Tower,5,23.7,Heavy Rain
2026-04-22T03:26:04Z,SENS-004,Madhapur IT Corridor,32,40.61,Clear
2026-04-22T03:33:49Z,SENS-012,PVNR Expressway Toll,32,36.45,Cloudy
2026-04-22T03:39:34Z,SENS-009,Kukatpally Housing Board,26,38.79,Light Rain
2026-04-22T03:57:37Z,SENS-006,Hitech City Signal,8,47.24,Clear
2026-04-22T03:58:04Z,SENS-007,Begumpet Flyover,30,30.11,Clear
2026-04-22T04:03:36Z,SENS-012,PVNR Expressway Toll,21,43.46,Clear
2026-04-22T04:06:20Z,SENS-012,PVNR Expressway Toll,29,48.03,Clear
2026-04-22T04:17:07Z,SENS-004,Madhapur IT Corridor,30,60.45,Clear
2026-04-22T04:19:24Z,SENS-003,Ameerpet Crossroads,6,63.64,Cloudy
2026-04-22T04:25:23Z,SENS-011,Mehdipatnam Bus Stand,30,26.6,Clear
2026-04-22T04:34:45Z,SENS-006,Hitech City Signal,29,47.77,Clear
2026-04-22T04:35:12Z,SENS-009,Kukatpally Housing Board,27,29.85,Cloudy
2026-04-22T04:38:12Z,SENS-008,LB Nagar Crossroads,14,65.96,Drizzle
2026-04-22T04:41:27Z,SENS-004,Madhapur IT Corridor,12,72.79,Clear
2026-04-22T04:44:03Z,SENS-008,LB Nagar Crossroads,15,25.51,Fog
2026-04-22T04:45:25Z,SENS-012,PVNR Expressway Toll,11,47.94,Fog
2026-04-22T04:50:36Z,SENS-006,Hitech City Signal,22,70.21,Clear
2026-04-22T04:52:30Z,SENS-011,Mehdipatnam Bus Stand,28,37.11,Clear
2026-04-22T04:57:48Z,SENS-009,Kukatpally Housing Board,14,44.72,Cloudy
2026-04-22T05:02:56Z,SENS-001,Jubilee Hills Checkpost,35,40.82,Clear
2026-04-22T05:07:30Z,SENS-005,Tank Bund Road,43,39.72,Clear
2026-04-22T05:09:20Z,SENS-007,Begumpet Flyover,67,27.58,Cloudy
2026-04-22T05:11:00Z,SENS-012,PVNR Expressway Toll,27,44.54,Light Rain
2026-04-22T05:11:58Z,SENS-008,LB Nagar Crossroads,43,38.51,Drizzle
2026-04-22T05:13:10Z,SENS-004,Madhapur IT Corridor,63,31.93,Light Rain
2026-04-22T05:13:24Z,SENS-005,Tank Bund Road,40,20.72,Fog
2026-04-22T05:13:41Z,SENS-001,Jubilee Hills Checkpost,37,13.62,Heavy Rain
2026-04-22T05:15:02Z,SENS-010,Secunderabad Clock Tower,56,31.17,Cloudy
2026-04-22T05:17:23Z,SENS-004,Madhapur IT Corridor,53,31.66,Drizzle
2026-04-22T05:28:19Z,SENS-007,Begumpet Flyover,30,14.64,Heavy Rain
2026-04-22T05:30:48Z,SENS-009,Kukatpally Housing Board,62,60.12,Clear
2026-04-22T05:34:06Z,SENS-006,Hitech City Signal,74,18.8,Light Rain
2026-04-22T05:36:59Z,SENS-004,Madhapur IT Corridor,47,35.47,Heavy Rain
2026-04-22T05:43:01Z,SENS-010,Secunderabad Clock Tower,76,17.62,Clear
2026-04-22T05:43:40Z,SENS-008,LB Nagar Crossroads,68,47.75,Clear
2026-04-22T05:47:16Z,SENS-002,Gachibowli Junction,69,27.0,Clear
2026-04-22T05:57:47Z,SENS-003,Ameerpet Crossroads,64,45.86,Clear
2026-04-22T05:59:15Z,SENS-008,LB Nagar Crossroads,46,26.59,Clear
2026-04-22T06:00:01Z,SENS-005,Tank Bund Road,51,38.83,Fog
2026-04-22T06:02:18Z,SENS-005,Tank Bund Road,30,29.37,Clear
2026-04-22T06:06:29Z,SENS-001,Jubilee Hills Checkpost,42,43.95,Light Rain
2026-04-22T06:12:57Z,SENS-002,Gachibowli Junction,57,47.08,Clear
2026-04-22T06:30:19Z,SENS-004,Madhapur IT Corridor,34,33.06,Clear
2026-04-22T06:31:47Z,SENS-007,Begumpet Flyover,39,22.52,Cloudy
2026-04-22T06:37:26Z,SENS-005,Tank Bund Road,62,24.56,Cloudy
2026-04-22T06:42:07Z,SENS-012,PVNR Expressway Toll,60,56.32,Clear
2026-04-22T06:44:29Z,SENS-008,LB Nagar Crossroads,26,44.22,Heavy Rain
2026-04-22T06:53:17Z,SENS-001,Jubilee Hills Checkpost,62,27.17,Clear
2026-04-22T06:57:28Z,SENS-009,Kukatpally Housing Board,72,43.24,Light Rain
2026-04-22T07:14:25Z,SENS-005,Tank Bund Road,68,23.17,Clear
2026-04-22T07:16:38Z,SENS-010,Secunderabad Clock Tower,56,33.03,Light Rain
2026-04-22T07:19:24Z,SENS-011,Mehdipatnam Bus Stand,33,20.58,Light Rain
2026-04-22T07:24:08Z,SENS-012,PVNR Expressway Toll,50,27.47,Clear
2026-04-22T07:32:34Z,SENS-003,Ameerpet Crossroads,73,50.33,Cloudy
2026-04-22T07:32:48Z,SENS-007,Begumpet Flyover,47,40.75,Heavy Rain
2026-04-22T07:33:04Z,SENS-005,Tank Bund Road,54,28.78,Clear
2026-04-22T07:36:03Z,SENS-004,Madhapur IT Corridor,48,54.85,Light Rain
2026-04-22T07:43:49Z,SENS-008,LB Nagar Crossroads,40,27.52,Light Rain
2026-04-22T07:47:58Z,SENS-006,Hitech City Signal,48,33.8,Light Rain
2026-04-22T07:52:31Z,SENS-004,Madhapur IT Corridor,80,43.08,Clear
2026-04-22T08:02:45Z,SENS-010,Secunderabad Clock Tower,132,18.28,Fog
2026-04-22T08:07:07Z,SENS-005,Tank Bund Road,141,7.36,Fog
2026-04-22T08:12:06Z,SENS-010,Secunderabad Clock Tower,130,31.09,Clear
2026-04-22T08:22:11Z,SENS-005,Tank Bund Road,102,18.89,Heavy Rain
2026-04-22T08:26:36Z,SENS-011,Mehdipatnam Bus Stand,186,11.78,Clear
2026-04-22T08:29:24Z,SENS-008,LB Nagar Crossroads,111,11.59,Clear
2026-04-22T08:38:24Z,SENS-008,LB Nagar Crossroads,143,32.52,Cloudy
2026-04-22T09:01:04Z,SENS-003,Ameerpet Crossroads,125,25.22,Light Rain
2026-04-22T09:02:25Z,SENS-002,Gachibowli Junction,91,30.05,Clear
2026-04-22T09:08:50Z,SENS-005,Tank Bund Road,127,11.98,Cloudy
2026-04-22T09:15:16Z,SENS-004,Madhapur IT Corridor,153,10.08,Clear
2026-04-22T09:16:20Z,SENS-008,LB Nagar Crossroads,156,6.8,Light Rain
2026-04-22T09:16:32Z,SENS-010,Secunderabad Clock Tower,140,28.01,Clear
2026-04-22T09:19:18Z,SENS-004,Madhapur IT Corridor,117,14.64,Heavy Rain
2026-04-22T09:26:56Z,SENS-005,Tank Bund Road,76,12.17,Heavy Rain
2026-04-22T09:33:31Z,SENS-004,Madhapur IT Corridor,167,11.78,Cloudy
2026-04-22T09:41:32Z,SENS-009,Kukatpally Housing Board,128,27.12,Clear
2026-04-22T09:50:17Z,SENS-002,Gachibowli Junction,112,13.73,Clear
2026-04-22T09:56:36Z,SENS-005,Tank Bund Road,92,44.21,Drizzle
2026-04-22T09:56:39Z,SENS-002,Gachibowli Junction,93,46.57,Clear
2026-04-22T09:57:19Z,SENS-004,Madhapur IT Corridor,139,18.15,Clear
2026-04-22T10:00:31Z,SENS-008,LB Nagar Crossroads,94,28.58,Light Rain
2026-04-22T10:17:04Z,SENS-003,Ameerpet Crossroads,154,24.3,Light Rain
2026-04-22T10:17:41Z,SENS-009,Kukatpally Housing Board,164,19.43,Light Rain
2026-04-22T10:18:30Z,SENS-009,Kukatpally Housing Board,120,15.43,Clear
2026-04-22T10:19:51Z,SENS-007,Begumpet Flyover,112,15.36,Heavy Rain
2026-04-22T10:23:29Z,SENS-008,LB Nagar Crossroads,174,18.37,Drizzle
2026-04-22T10:26:47Z,SENS-006,Hitech City Signal,125,18.01,Drizzle
2026-04-22T10:30:24Z,SENS-011,Mehdipatnam Bus Stand,79,28.32,Cloudy
2026-04-22T10:33:00Z,SENS-004,Madhapur IT Corridor,96,39.56,Light Rain
2026-04-22T10:37:36Z,SENS-012,PVNR Expressway Toll,106,19.71,Cloudy
2026-04-22T10:38:21Z,SENS-006,Hitech City Signal,103,41.72,Clear
2026-04-22T10:38:35Z,SENS-010,Secunderabad Clock Tower,114,13.49,Drizzle
2026-04-22T10:44:34Z,SENS-003,Ameerpet Crossroads,112,23.78,Cloudy
2026-04-22T10:44:38Z,SENS-003,Ameerpet Crossroads,158,25.35,Cloudy
2026-04-22T10:44:46Z,SENS-005,Tank Bund Road,171,13.91,Light Rain
2026-04-22T10:51:09Z,SENS-007,Begumpet Flyover,102,12.3,Clear
2026-04-22T10:57:49Z,SENS-002,Gachibowli Junction,153,21.66,Cloudy
2026-04-22T10:58:28Z,SENS-012,PVNR Expressway Toll,149,13.89,Clear
2026-04-22T11:02:25Z,SENS-012,PVNR Expressway Toll,45,57.39,Clear
2026-04-22T11:06:46Z,SENS-005,Tank Bund Road,35,37.69,Cloudy
2026-04-22T11:16:50Z,SENS-008,LB Nagar Crossroads,63,22.91,Light Rain
2026-04-22T11:41:38Z,SENS-006,Hitech City Signal,77,41.65,Light Rain
2026-04-22T11:52:49Z,SENS-007,Begumpet Flyover,60,24.88,Clear
2026-04-22T11:52:56Z,SENS-009,Kukatpally Housing Board,63,12.98,Fog
2026-04-22T11:56:10Z,SENS-010,Secunderabad Clock Tower,38,45.13,Cloudy
2026-04-22T11:56:19Z,SENS-007,Begumpet Flyover,89,25.72,Clear
2026-04-22T11:59:51Z,SENS-002,Gachibowli Junction,59,15.0,Light Rain
2026-04-22T12:09:37Z,SENS-005,Tank Bund Road,53,55.87,Cloudy
2026-04-22T12:14:33Z,SENS-004,Madhapur IT Corridor,81,28.96,Cloudy
2026-04-22T12:15:39Z,SENS-003,Ameerpet Crossroads,73,39.14,Clear
2026-04-22T12:16:55Z,SENS-007,Begumpet Flyover,34,31.62,Light Rain
2026-04-22T12:25:11Z,SENS-001,Jubilee Hills Checkpost,36,35.95,Light Rain
2026-04-22T12:28:51Z,SENS-002,Gachibowli Junction,30,62.91,Cloudy
2026-04-22T12:42:15Z,SENS-006,Hitech City Signal,59,25.85,Clear
2026-04-22T12:45:39Z,SENS-006,Hitech City Signal,43,34.41,Cloudy
2026-04-22T12:55:46Z,SENS-006,Hitech City Signal,44,51.98,Clear
2026-04-22T13:00:56Z,SENS-012,PVNR Expressway Toll,61,23.13,Clear
2026-04-22T13:08:19Z,SENS-001,Jubilee Hills Checkpost,46,50.44,Cloudy
2026-04-22T13:08:24Z,SENS-004,Madhapur IT Corridor,63,51.96,Cloudy
2026-04-22T13:09:44Z,SENS-008,LB Nagar Crossroads,46,19.69,Clear
2026-04-22T13:11:58Z,SENS-007,Begumpet Flyover,34,65.95,Clear
2026-04-22T13:13:25Z,SENS-009,Kukatpally Housing Board,42,16.22,Heavy Rain
2026-04-22T13:14:18Z,SENS-006,Hitech City Signal,75,37.11,Light Rain
2026-04-22T13:14:28Z,SENS-008,LB Nagar Crossroads,46,53.55,Light Rain
2026-04-22T13:14:35Z,SENS-009,Kukatpally Housing Board,68,14.71,Light Rain
2026-04-22T13:24:22Z,SENS-005,Tank Bund Road,56,33.37,Cloudy
2026-04-22T13:25:12Z,SENS-010,Secunderabad Clock Tower,41,31.65,Light Rain
2026-04-22T13:26:07Z,SENS-007,Begumpet Flyover,56,17.57,Light Rain
2026-04-22T13:27:09Z,SENS-002,Gachibowli Junction,35,26.86,Cloudy
2026-04-22T13:27:54Z,SENS-006,Hitech City Signal,31,12.74,Heavy Rain
2026-04-22T13:30:42Z,SENS-011,Mehdipatnam Bus Stand,57,35.15,Light Rain
2026-04-22T13:35:12Z,SENS-011,Mehdipatnam Bus Stand,55,38.37,Clear
2026-04-22T13:42:32Z,SENS-007,Begumpet Flyover,69,16.49,Light Rain
2026-04-22T13:56:45Z,SENS-006,Hitech City Signal,57,31.17,Cloudy
2026-04-22T13:57:02Z,SENS-008,LB Nagar Crossroads,74,26.13,Light Rain
2026-04-22T14:06:02Z,SENS-003,Ameerpet Crossroads,57,61.17,Clear
2026-04-22T14:07:09Z,SENS-004,Madhapur IT Corridor,89,28.74,Clear
2026-04-22T14:07:17Z,SENS-002,Gachibowli Junction,37,62.39,Clear
2026-04-22T14:08:31Z,SENS-004,Madhapur IT Corridor,83,35.54,Clear
2026-04-22T14:08:31Z,SENS-002,Gachibowli Junction,78,48.22,Clear
2026-04-22T14:09:46Z,SENS-001,Jubilee Hills Checkpost,32,32.31,Cloudy
2026-04-22T14:14:50Z,SENS-006,Hitech City Signal,31,22.33,Clear
2026-04-22T14:17:08Z,SENS-012,PVNR Expressway Toll,63,48.64,Cloudy
2026-04-22T14:29:20Z,SENS-002,Gachibowli Junction,60,53.88,Cloudy
2026-04-22T14:29:58Z,SENS-012,PVNR Expressway Toll,57,49.97,Drizzle
2026-04-22T14:35:26Z,SENS-005,Tank Bund Road,60,46.77,Light Rain
2026-04-22T14:38:52Z,SENS-005,Tank Bund Road,56,29.33,Fog
2026-04-22T14:41:00Z,SENS-011,Mehdipatnam Bus Stand,39,45.47,Heavy Rain
2026-04-22T14:41:50Z,SENS-005,Tank Bund Road,34,25.22,Fog
2026-04-22T14:44:22Z,SENS-009,Kukatpally Housing Board,35,44.9,Cloudy
2026-04-22T14:45:12Z,SENS-012,PVNR Expressway Toll,73,17.81,Cloudy
2026-04-22T14:49:48Z,SENS-009,Kukatpally Housing Board,63,37.72,Light Rain
2026-04-22T14:50:34Z,SENS-010,Secunderabad Clock Tower,36,29.83,Drizzle
2026-04-22T15:00:43Z,SENS-002,Gachibowli Junction,71,30.22,Drizzle
2026-04-22T15:02:40Z,SENS-004,Madhapur IT Corridor,41,48.02,Clear
2026-04-22T15:08:04Z,SENS-005,Tank Bund Road,55,16.46,Clear
2026-04-22T15:11:00Z,SENS-004,Madhapur IT Corridor,42,53.54,Drizzle
2026-04-22T15:11:35Z,SENS-011,Mehdipatnam Bus Stand,67,25.71,Clear
2026-04-22T15:12:15Z,SENS-011,Mehdipatnam Bus Stand,45,28.56,Fog
2026-04-22T15:25:48Z,SENS-011,Mehdipatnam Bus Stand,54,46.12,Cloudy
2026-04-22T15:38:32Z,SENS-008,LB Nagar Crossroads,86,36.91,Cloudy
2026-04-22T15:49:42Z,SENS-012,PVNR Expressway Toll,62,16.54,Light Rain
2026-04-22T15:51:10Z,SENS-004,Madhapur IT Corridor,54,49.1,Light Rain
2026-04-22T15:52:04Z,SENS-002,Gachibowli Junction,30,56.85,Clear
2026-04-22T15:58:01Z,SENS-007,Begumpet Flyover,73,33.43,Cloudy
2026-04-22T15:59:31Z,SENS-003,Ameerpet Crossroads,58,16.99,Light Rain
2026-04-22T16:01:05Z,SENS-010,Secunderabad Clock Tower,48,64.33,Clear
2026-04-22T16:04:12Z,SENS-006,Hitech City Signal,53,32.23,Heavy Rain
2026-04-22T16:06:11Z,SENS-004,Madhapur IT Corridor,49,58.92,Clear
2026-04-22T16:07:01Z,SENS-006,Hitech City Signal,56,55.01,Cloudy
2026-04-22T16:35:43Z,SENS-003,Ameerpet Crossroads,51,38.39,Cloudy
2026-04-22T16:40:36Z,SENS-003,Ameerpet Crossroads,31,56.18,Drizzle
2026-04-22T16:42:44Z,SENS-005,Tank Bund Road,36,34.92,Light Rain
2026-04-22T16:43:25Z,SENS-011,Mehdipatnam Bus Stand,66,17.47,Light Rain
2026-04-22T16:46:27Z,SENS-003,Ameerpet Crossroads,44,51.97,Cloudy
2026-04-22T16:48:28Z,SENS-007,Begumpet Flyover,37,20.98,Fog
2026-04-22T16:51:21Z,SENS-005,Tank Bund Road,70,31.49,Cloudy
2026-04-22T16:52:50Z,SENS-012,PVNR Expressway Toll,48,40.2,Cloudy
2026-04-22T16:55:28Z,SENS-012,PVNR Expressway Toll,43,64.48,Clear
2026-04-22T16:56:00Z,SENS-005,Tank Bund Road,47,24.08,Clear
2026-04-22T16:58:17Z,SENS-001,Jubilee Hills Checkpost,37,59.61,Cloudy
2026-04-22T16:59:21Z,SENS-009,Kukatpally Housing Board,66,57.76,Clear
2026-04-22T17:00:34Z,SENS-002,Gachibowli Junction,164,15.43,Drizzle
2026-04-22T17:00:55Z,SENS-011,Mehdipatnam Bus Stand,121,21.49,Heavy Rain
2026-04-22T17:02:52Z,SENS-012,PVNR Expressway Toll,114,11.41,Heavy Rain
2026-04-22T17:05:09Z,SENS-005,Tank Bund Road,106,13.91,Clear
2026-04-22T17:13:49Z,SENS-007,Begumpet Flyover,189,10.81,Cloudy
2026-04-22T17:15:33Z,SENS-007,Begumpet Flyover,106,13.19,Fog
2026-04-22T17:16:24Z,SENS-001,Jubilee Hills Checkpost,144,15.0,Heavy Rain
2026-04-22T17:17:02Z,SENS-012,PVNR Expressway Toll,60,37.87,Heavy Rain
2026-04-22T17:19:05Z,SENS-011,Mehdipatnam Bus Stand,184,17.72,Cloudy
2026-04-22T17:24:13Z,SENS-003,Ameerpet Crossroads,178,8.42,Light Rain
2026-04-22T17:26:58Z,SENS-009,Kukatpally Housing Board,152,15.36,Clear
2026-04-22T17:33:10Z,SENS-009,Kukatpally Housing Board,182,17.07,Cloudy
2026-04-22T17:33:41Z,SENS-008,LB Nagar Crossroads,181,23.21,Clear
2026-04-22T17:35:08Z,SENS-009,Kukatpally Housing Board,183,16.74,Cloudy
2026-04-22T17:36:00Z,SENS-005,Tank Bund Road,150,22.0,Drizzle
2026-04-22T17:36:23Z,SENS-004,Madhapur IT Corridor,145,15.76,Clear
2026-04-22T17:41:28Z,SENS-004,Madhapur IT Corridor,174,5.8,Light Rain
2026-04-22T17:45:48Z,SENS-005,Tank Bund Road,188,8.81,Clear
2026-04-22T17:52:25Z,SENS-012,PVNR Expressway Toll,137,13.21,Drizzle
2026-04-22T17:52:26Z,SENS-006,Hitech City Signal,140,23.11,Cloudy
2026-04-22T17:57:23Z,SENS-003,Ameerpet Crossroads,174,14.42,Clear
2026-04-22T18:01:57Z,SENS-009,Kukatpally Housing Board,192,20.83,Clear
2026-04-22T18:03:11Z,SENS-009,Kukatpally Housing Board,143,23.65,Cloudy
2026-04-22T18:08:59Z,SENS-002,Gachibowli Junction,118,22.87,Clear
2026-04-22T18:09:30Z,SENS-005,Tank Bund Road,148,23.83,Clear
2026-04-22T18:11:23Z,SENS-002,Gachibowli Junction,92,42.9,Clear
2026-04-22T18:12:26Z,SENS-007,Begumpet Flyover,145,18.67,Cloudy
2026-04-22T18:24:09Z,SENS-009,Kukatpally Housing Board,182,18.49,Cloudy
2026-04-22T18:24:55Z,SENS-004,Madhapur IT Corridor,149,20.76,Clear
2026-04-22T18:25:24Z,SENS-009,Kukatpally Housing Board,154,13.25,Fog
2026-04-22T18:43:50Z,SENS-010,Secunderabad Clock Tower,82,30.91,Cloudy
2026-04-22T18:48:06Z,SENS-006,Hitech City Signal,127,11.95,Fog
2026-04-22T18:48:42Z,SENS-008,LB Nagar Crossroads,105,25.02,Drizzle
2026-04-22T19:05:59Z,SENS-009,Kukatpally Housing Board,183,17.06,Clear
2026-04-22T19:06:35Z,SENS-008,LB Nagar Crossroads,186,6.95,Cloudy
2026-04-22T19:11:24Z,SENS-006,Hitech City Signal,198,8.54,Clear
2026-04-22T19:14:38Z,SENS-001,Jubilee Hills Checkpost,119,14.84,Heavy Rain
2026-04-22T19:16:19Z,SENS-002,Gachibowli Junction,127,12.21,Cloudy
2026-04-22T19:18:51Z,SENS-011,Mehdipatnam Bus Stand,135,34.89,Clear
2026-04-22T19:20:45Z,SENS-009,Kukatpally Housing Board,183,10.24,Clear
2026-04-22T19:26:09Z,SENS-006,Hitech City Signal,173,9.73,Clear
2026-04-22T19:30:27Z,SENS-001,Jubilee Hills Checkpost,117,26.88,Clear
2026-04-22T19:32:02Z,SENS-004,Madhapur IT Corridor,122,21.75,Clear
2026-04-22T19:33:53Z,SENS-003,Ameerpet Crossroads,127,22.09,Cloudy
2026-04-22T19:35:26Z,SENS-008,LB Nagar Crossroads,158,16.39,Cloudy
2026-04-22T19:36:49Z,SENS-012,PVNR Expressway Toll,88,34.31,Clear
2026-04-22T19:39:02Z,SENS-007,Begumpet Flyover,93,45.46,Clear
2026-04-22T19:43:11Z,SENS-007,Begumpet Flyover,183,17.09,Clear
2026-04-22T19:52:04Z,SENS-008,LB Nagar Crossroads,175,15.6,Clear
2026-04-22T19:52:49Z,SENS-002,Gachibowli Junction,108,14.88,Clear
2026-04-22T19:55:09Z,SENS-009,Kukatpally Housing Board,184,10.24,Clear
2026-04-22T19:57:44Z,SENS-008,LB Nagar Crossroads,90,32.31,Light Rain
2026-04-22T19:57:51Z,SENS-009,Kukatpally Housing Board,83,35.61,Cloudy
2026-04-22T20:01:42Z,SENS-008,LB Nagar Crossroads,69,46.96,Light Rain
2026-04-22T20:01:52Z,SENS-002,Gachibowli Junction,75,19.93,Clear
2026-04-22T20:05:31Z,SENS-010,Secunderabad Clock Tower,59,26.32,Heavy Rain
2026-04-22T20:13:59Z,SENS-003,Ameerpet Crossroads,66,40.2,Clear
2026-04-22T20:16:23Z,SENS-008,LB Nagar Crossroads,33,44.55,Clear
2026-04-22T20:22:19Z,SENS-011,Mehdipatnam Bus Stand,60,36.36,Clear
2026-04-22T20:25:13Z,SENS-011,Mehdipatnam Bus Stand,37,37.66,Clear
2026-04-22T20:26:06Z,SENS-011,Mehdipatnam Bus Stand,69,56.97,Clear
2026-04-22T20:27:35Z,SENS-001,Jubilee Hills Checkpost,69,39.18,Light Rain
2026-04-22T20:27:40Z,SENS-012,PVNR Expressway Toll,34,28.26,Drizzle
2026-04-22T20:34:28Z,SENS-011,Mehdipatnam Bus Stand,47,30.93,Clear
2026-04-22T20:41:42Z,SENS-007,Begumpet Flyover,61,34.08,Fog
2026-04-22T20:47:06Z,SENS-012,PVNR Expressway Toll,46,56.67,Cloudy
2026-04-22T20:50:29Z,SENS-012,PVNR Expressway Toll,50,25.09,Cloudy
2026-04-22T20:51:52Z,SENS-011,Mehdipatnam Bus Stand,69,36.38,Light Rain
2026-04-22T20:58:02Z,SENS-012,PVNR Expressway Toll,73,49.68,Clear
2026-04-22T21:06:18Z,SENS-011,Mehdipatnam Bus Stand,36,52.7,Light Rain
2026-04-22T21:10:09Z,SENS-010,Secunderabad Clock Tower,64,37.14,Light Rain
2026-04-22T21:20:22Z,SENS-004,Madhapur IT Corridor,65,34.94,Cloudy
2026-04-22T21:21:38Z,SENS-005,Tank Bund Road,72,50.91,Cloudy
2026-04-22T21:21:42Z,SENS-002,Gachibowli Junction,28,26.08,Fog
2026-04-22T21:23:12Z,SENS-001,Jubilee Hills Checkpost,65,43.71,Light Rain
2026-04-22T21:33:11Z,SENS-004,Madhapur IT Corridor,53,27.29,Fog
2026-04-22T21:37:45Z,SENS-005,Tank Bund Road,84,27.1,Cloudy
2026-04-22T21:50:13Z,SENS-002,Gachibowli Junction,57,30.61,Clear
2026-04-22T21:54:08Z,SENS-004,Madhapur IT Corridor,71,40.83,Clear
2026-04-22T21:54:15Z,SENS-009,Kukatpally Housing Board,76,27.48,Light Rain
2026-04-22T21:56:21Z,SENS-009,Kukatpally Housing Board,41,20.17,Cloudy
2026-04-22T22:01:48Z,SENS-008,LB Nagar Crossroads,37,23.47,Clear
2026-04-22T22:02:43Z,SENS-008,LB Nagar Crossroads,6,32.74,Heavy Rain
2026-04-22T22:14:17Z,SENS-006,Hitech City Signal,14,38.44,Cloudy
2026-04-22T22:17:32Z,SENS-004,Madhapur IT Corridor,6,73.92,Clear
2026-04-22T22:29:47Z,SENS-008,LB Nagar Crossroads,30,66.17,Clear
2026-04-22T22:33:01Z,SENS-007,Begumpet Flyover,18,46.65,Heavy Rain
2026-04-22T22:38:22Z,SENS-008,LB Nagar Crossroads,9,30.3,Clear
2026-04-22T22:42:49Z,SENS-012,PVNR Expressway Toll,18,59.71,Clear
2026-04-22T22:46:57Z,SENS-012,PVNR Expressway Toll,5,74.49,Clear
2026-04-22T23:11:07Z,SENS-002,Gachibowli Junction,5,56.27,Light Rain
2026-04-22T23:26:12Z,SENS-001,Jubilee Hills Checkpost,24,57.44,Clear
2026-04-22T23:29:01Z,SENS-005,Tank Bund Road,20,14.76,Heavy Rain
2026-04-22T23:47:46Z,SENS-002,Gachibowli Junction,4,40.55,Fog
2026-04-22T23:49:46Z,SENS-011,Mehdipatnam Bus Stand,8,74.31,Clear
2026-04-22T23:54:04Z,SENS-005,Tank Bund Road,25,32.19,Clear
2026-04-22T23:58:37Z,SENS-002,Gachibowli Junction,12,34.26,Clear
2026-04-22T23:58:52Z,SENS-007,Begumpet Flyover,33,49.18,Light Rain
2026-04-23T00:02:05Z,SENS-002,Gachibowli Junction,31,21.35,Fog
2026-04-23T00:11:40Z,SENS-007,Begumpet Flyover,23,34.34,Clear
2026-04-23T00:12:14Z,SENS-010,Secunderabad Clock Tower,37,19.28,Clear
2026-04-23T00:34:00Z,SENS-001,Jubilee Hills Checkpost,15,19.05,Cloudy
2026-04-23T00:37:57Z,SENS-009,Kukatpally Housing Board,21,34.94,Clear
2026-04-23T00:38:12Z,SENS-003,Ameerpet Crossroads,14,53.52,Clear
2026-04-23T00:39:09Z,SENS-002,Gachibowli Junction,27,64.67,Cloudy
2026-04-23T00:44:26Z,SENS-010,Secunderabad Clock Tower,30,61.39,Clear
2026-04-23T00:53:50Z,SENS-011,Mehdipatnam Bus Stand,32,38.01,Cloudy
2026-04-23T00:54:30Z,SENS-008,LB Nagar Crossroads,14,58.34,Light Rain
2026-04-23T00:56:15Z,SENS-006,Hitech City Signal,29,16.41,Fog
2026-04-23T00:59:17Z,SENS-003,Ameerpet Crossroads,16,48.96,Light Rain
2026-04-23T01:01:49Z,SENS-003,Ameerpet Crossroads,37,27.75,Clear
2026-04-23T01:09:03Z,SENS-007,Begumpet Flyover,11,43.33,Heavy Rain
2026-04-23T01:10:28Z,SENS-010,Secunderabad Clock Tower,14,22.4,Cloudy
2026-04-23T01:10:51Z,SENS-008,LB Nagar Crossroads,31,67.38,Clear
2026-04-23T01:13:12Z,SENS-001,Jubilee Hills Checkpost,28,50.41,Light Rain
2026-04-23T01:20:57Z,SENS-006,Hitech City Signal,14,33.17,Heavy Rain
2026-04-23T01:26:26Z,SENS-005,Tank Bund Road,6,46.75,Heavy Rain
2026-04-23T01:29:18Z,SENS-008,LB Nagar Crossroads,32,68.68,Clear
2026-04-23T01:33:10Z,SENS-002,Gachibowli Junction,11,43.45,Clear
2026-04-23T01:35:11Z,SENS-010,Secunderabad Clock Tower,23,57.01,Cloudy
2026-04-23T01:39:15Z,SENS-009,Kukatpally Housing Board,9,66.49,Cloudy
2026-04-23T01:45:39Z,SENS-008,LB Nagar Crossroads,15,35.72,Fog
2026-04-23T01:46:52Z,SENS-008,LB Nagar Crossroads,5,66.52,Clear
2026-04-23T01:47:12Z,SENS-010,Secunderabad Clock Tower,13,62.62,Clear
2026-04-23T01:49:04Z,SENS-012,PVNR Expressway Toll,27,43.74,Cloudy
2026-04-23T01:52:23Z,SENS-005,Tank Bund Road,14,47.92,Light Rain
2026-04-23T01:58:37Z,SENS-008,LB Nagar Crossroads,11,35.13,Cloudy
2026-04-23T02:00:51Z,SENS-005,Tank Bund Road,24,34.8,Fog
2026-04-23T02:03:52Z,SENS-007,Begumpet Flyover,16,57.0,Cloudy
2026-04-23T02:06:23Z,SENS-008,LB Nagar Crossroads,21,42.79,Light Rain
2026-04-23T02:08:53Z,SENS-012,PVNR Expressway Toll,15,41.83,Light Rain
2026-04-23T02:28:21Z,SENS-011,Mehdipatnam Bus Stand,7,40.48,Cloudy
2026-04-23T02:30:06Z,SENS-002,Gachibowli Junction,12,47.23,Light Rain
2026-04-23T02:30:11Z,SENS-006,Hitech City Signal,9,58.47,Light Rain
2026-04-23T02:42:59Z,SENS-011,Mehdipatnam Bus Stand,24,17.83,Heavy Rain
2026-04-23T02:45:55Z,SENS-005,Tank Bund Road,17,57.51,Clear
2026-04-23T02:49:18Z,SENS-004,Madhapur IT Corridor,25,61.22,Clear
2026-04-23T02:50:53Z,SENS-007,Begumpet Flyover,28,68.49,Clear
2026-04-23T02:53:07Z,SENS-012,PVNR Expressway Toll,24,30.82,Cloudy
2026-04-23T03:00:15Z,SENS-012,PVNR Expressway Toll,28,49.7,Clear
2026-04-23T03:15:59Z,SENS-002,Gachibowli Junction,28,20.94,Cloudy
2026-04-23T03:21:00Z,SENS-005,Tank Bund Road,4,18.22,Drizzle
2026-04-23T03:22:05Z,SENS-005,Tank Bund Road,14,30.04,Heavy Rain
2026-04-23T03:23:29Z,SENS-010,Secunderabad Clock Tower,21,53.38,Clear
2026-04-23T03:24:40Z,SENS-010,Secunderabad Clock Tower,8,51.38,Clear
2026-04-23T03:25:14Z,SENS-001,Jubilee Hills Checkpost,36,42.18,Clear
2026-04-23T03:29:41Z,SENS-007,Begumpet Flyover,30,64.36,Clear
2026-04-23T03:33:20Z,SENS-008,LB Nagar Crossroads,31,42.35,Cloudy
2026-04-23T03:53:26Z,SENS-006,Hitech City Signal,30,12.25,Fog
2026-04-23T03:54:09Z,SENS-002,Gachibowli Junction,10,49.83,Clear
2026-04-23T03:55:37Z,SENS-005,Tank Bund Road,20,39.49,Light Rain
2026-04-23T03:56:02Z,SENS-012,PVNR Expressway Toll,12,65.08,Clear
2026-04-23T03:56:58Z,SENS-008,LB Nagar Crossroads,11,67.65,Cloudy
2026-04-23T04:00:52Z,SENS-007,Begumpet Flyover,34,61.6,Cloudy
2026-04-23T04:10:44Z,SENS-007,Begumpet Flyover,35,32.44,Clear
2026-04-23T04:12:35Z,SENS-008,LB Nagar Crossroads,28,54.31,Light Rain
2026-04-23T04:16:28Z,SENS-009,Kukatpally Housing Board,35,23.6,Clear
2026-04-23T04:23:54Z,SENS-008,LB Nagar Crossroads,18,19.0,Cloudy
2026-04-23T04:28:15Z,SENS-012,PVNR Expressway Toll,6,73.86,Cloudy
2026-04-23T04:30:59Z,SENS-011,Mehdipatnam Bus Stand,6,69.77,Clear
2026-04-23T04:52:51Z,SENS-012,PVNR Expressway Toll,34,23.56,Clear
2026-04-23T04:54:45Z,SENS-002,Gachibowli Junction,16,62.5,Light Rain
2026-04-23T05:09:12Z,SENS-001,Jubilee Hills Checkpost,70,42.43,Cloudy
2026-04-23T05:17:07Z,SENS-003,Ameerpet Crossroads,39,19.18,Clear
2026-04-23T05:23:13Z,SENS-009,Kukatpally Housing Board,32,35.03,Cloudy
2026-04-23T05:25:47Z,SENS-003,Ameerpet Crossroads,75,21.14,Light Rain
2026-04-23T05:33:10Z,SENS-002,Gachibowli Junction,68,54.5,Clear
2026-04-23T05:37:08Z,SENS-004,Madhapur IT Corridor,41,54.38,Cloudy
2026-04-23T05:43:27Z,SENS-001,Jubilee Hills Checkpost,44,28.69,Heavy Rain
2026-04-23T05:45:21Z,SENS-007,Begumpet Flyover,31,41.42,Cloudy
2026-04-23T05:46:18Z,SENS-008,LB Nagar Crossroads,71,50.56,Clear
2026-04-23T05:50:39Z,SENS-011,Mehdipatnam Bus Stand,67,34.19,Cloudy
2026-04-23T05:53:45Z,SENS-012,PVNR Expressway Toll,80,43.42,Clear
2026-04-23T05:55:24Z,SENS-003,Ameerpet Crossroads,46,32.52,Drizzle
2026-04-23T06:00:10Z,SENS-007,Begumpet Flyover,41,21.73,Clear
2026-04-23T06:02:38Z,SENS-010,Secunderabad Clock Tower,54,24.3,Cloudy
2026-04-23T06:02:52Z,SENS-003,Ameerpet Crossroads,27,43.36,Fog
2026-04-23T06:03:51Z,SENS-012,PVNR Expressway Toll,72,30.31,Light Rain
2026-04-23T06:04:04Z,SENS-010,Secunderabad Clock Tower,38,29.0,Cloudy
2026-04-23T06:05:14Z,SENS-004,Madhapur IT Corridor,60,37.6,Clear
2026-04-23T06:06:10Z,SENS-004,Madhapur IT Corridor,58,39.54,Cloudy
2026-04-23T06:06:30Z,SENS-008,LB Nagar Crossroads,25,18.12,Heavy Rain
2026-04-23T06:08:38Z,SENS-003,Ameerpet Crossroads,67,16.95,Clear
2026-04-23T06:10:13Z,SENS-006,Hitech City Signal,30,49.57,Cloudy
2026-04-23T06:13:12Z,SENS-008,LB Nagar Crossroads,59,17.52,Light Rain
2026-04-23T06:13:55Z,SENS-001,Jubilee Hills Checkpost,27,47.81,Drizzle
2026-04-23T06:14:26Z,SENS-006,Hitech City Signal,49,46.41,Clear
2026-04-23T06:15:42Z,SENS-011,Mehdipatnam Bus Stand,81,52.91,Clear
2026-04-23T06:20:46Z,SENS-002,Gachibowli Junction,54,28.11,Cloudy
2026-04-23T06:22:17Z,SENS-012,PVNR Expressway Toll,43,16.57,Clear
2026-04-23T06:23:09Z,SENS-006,Hitech City Signal,56,25.75,Light Rain
2026-04-23T06:23:54Z,SENS-007,Begumpet Flyover,74,16.42,Clear
2026-04-23T06:30:19Z,SENS-009,Kukatpally Housing Board,64,39.57,Clear
2026-04-23T06:43:34Z,SENS-003,Ameerpet Crossroads,33,22.72,Light Rain
2026-04-23T06:45:57Z,SENS-007,Begumpet Flyover,66,15.12,Cloudy
2026-04-23T06:47:27Z,SENS-007,Begumpet Flyover,30,63.0,Clear
2026-04-23T06:48:10Z,SENS-006,Hitech City Signal,40,30.66,Drizzle
2026-04-23T06:53:08Z,SENS-008,LB Nagar Crossroads,83,27.92,Clear
2026-04-23T06:54:33Z,SENS-006,Hitech City Signal,76,21.78,Clear
2026-04-23T06:59:36Z,SENS-003,Ameerpet Crossroads,57,49.7,Clear
2026-04-23T07:01:16Z,SENS-010,Secunderabad Clock Tower,57,23.85,Clear
2026-04-23T07:04:35Z,SENS-009,Kukatpally Housing Board,39,54.28,Cloudy
2026-04-23T07:07:29Z,SENS-007,Begumpet Flyover,37,18.42,Clear
2026-04-23T07:08:09Z,SENS-012,PVNR Expressway Toll,67,37.55,Clear
2026-04-23T07:08:37Z,SENS-003,Ameerpet Crossroads,52,30.65,Drizzle
2026-04-23T07:09:00Z,SENS-007,Begumpet Flyover,34,16.75,Cloudy
2026-04-23T07:10:13Z,SENS-009,Kukatpally Housing Board,46,49.6,Clear
2026-04-23T07:16:01Z,SENS-002,Gachibowli Junction,30,44.92,Cloudy
2026-04-23T07:17:38Z,SENS-010,Secunderabad Clock Tower,65,26.29,Clear
2026-04-23T07:19:01Z,SENS-004,Madhapur IT Corridor,27,59.74,Light Rain
2026-04-23T07:20:11Z,SENS-008,LB Nagar Crossroads,83,22.73,Cloudy
2026-04-23T07:22:48Z,SENS-005,Tank Bund Road,34,69.0,Clear
2026-04-23T07:24:08Z,SENS-002,Gachibowli Junction,74,27.14,Clear
2026-04-23T07:24:15Z,SENS-012,PVNR Expressway Toll,73,28.07,Clear
2026-04-23T07:27:31Z,SENS-008,LB Nagar Crossroads,40,26.7,Cloudy
2026-04-23T07:40:08Z,SENS-008,LB Nagar Crossroads,34,34.37,Light Rain
2026-04-23T07:46:13Z,SENS-004,Madhapur IT Corridor,33,40.38,Light Rain
2026-04-23T07:53:42Z,SENS-007,Begumpet Flyover,69,52.41,Clear
2026-04-23T07:56:44Z,SENS-006,Hitech City Signal,72,50.73,Cloudy
2026-04-23T08:01:58Z,SENS-005,Tank Bund Road,99,36.08,Clear
2026-04-23T08:02:06Z,SENS-007,Begumpet Flyover,187,13.11,Clear
2026-04-23T08:20:48Z,SENS-010,Secunderabad Clock Tower,137,29.5,Drizzle
2026-04-23T08:25:28Z,SENS-002,Gachibowli Junction,159,17.26,Clear
2026-04-23T08:33:11Z,SENS-001,Jubilee Hills Checkpost,128,36.45,Cloudy
2026-04-23T08:40:25Z,SENS-004,Madhapur IT Corridor,89,29.76,Clear
2026-04-23T08:42:03Z,SENS-003,Ameerpet Crossroads,67,37.04,Fog
2026-04-23T08:43:02Z,SENS-012,PVNR Expressway Toll,124,20.84,Light Rain
2026-04-23T08:43:55Z,SENS-009,Kukatpally Housing Board,118,26.9,Fog
2026-04-23T08:46:27Z,SENS-003,Ameerpet Crossroads,164,18.42,Clear
2026-04-23T08:49:24Z,SENS-005,Tank Bund Road,128,27.26,Clear
2026-04-23T09:05:15Z,SENS-005,Tank Bund Road,188,6.82,Cloudy
2026-04-23T09:09:20Z,SENS-004,Madhapur IT Corridor,141,21.29,Light Rain
2026-04-23T09:16:22Z,SENS-011,Mehdipatnam Bus Stand,90,42.71,Clear
2026-04-23T09:21:15Z,SENS-003,Ameerpet Crossroads,119,13.97,Clear
2026-04-23T09:25:29Z,SENS-009,Kukatpally Housing Board,137,28.72,Cloudy
2026-04-23T09:25:47Z,SENS-011,Mehdipatnam Bus Stand,159,22.57,Drizzle
2026-04-23T09:29:38Z,SENS-009,Kukatpally Housing Board,155,7.89,Clear
2026-04-23T09:38:06Z,SENS-012,PVNR Expressway Toll,168,16.5,Clear
2026-04-23T09:45:27Z,SENS-001,Jubilee Hills Checkpost,147,10.74,Clear
2026-04-23T09:50:18Z,SENS-007,Begumpet Flyover,83,53.18,Clear
2026-04-23T09:54:05Z,SENS-003,Ameerpet Crossroads,121,40.45,Clear
2026-04-23T09:56:27Z,SENS-002,Gachibowli Junction,96,15.08,Light Rain
2026-04-23T10:01:49Z,SENS-012,PVNR Expressway Toll,155,17.1,Fog
2026-04-23T10:04:18Z,SENS-008,LB Nagar Crossroads,135,28.31,Light Rain
2026-04-23T10:06:25Z,SENS-006,Hitech City Signal,109,19.1,Clear
2026-04-23T10:10:02Z,SENS-006,Hitech City Signal,126,28.68,Cloudy
2026-04-23T10:16:02Z,SENS-008,LB Nagar Crossroads,72,34.4,Fog
2026-04-23T10:18:00Z,SENS-011,Mehdipatnam Bus Stand,146,7.39,Heavy Rain
2026-04-23T10:21:38Z,SENS-011,Mehdipatnam Bus Stand,96,12.82,Heavy Rain
2026-04-23T10:23:36Z,SENS-003,Ameerpet Crossroads,174,21.64,Clear
2026-04-23T10:37:42Z,SENS-010,Secunderabad Clock Tower,158,10.67,Fog
2026-04-23T10:39:02Z,SENS-012,PVNR Expressway Toll,81,33.17,Clear
2026-04-23T10:42:41Z,SENS-011,Mehdipatnam Bus Stand,149,31.81,Clear
2026-04-23T10:52:08Z,SENS-012,PVNR Expressway Toll,86,45.65,Cloudy
2026-04-23T10:58:43Z,SENS-005,Tank Bund Road,172,13.4,Clear
2026-04-23T11:01:05Z,SENS-006,Hitech City Signal,31,32.07,Fog
2026-04-23T11:03:05Z,SENS-009,Kukatpally Housing Board,82,44.26,Clear
2026-04-23T11:03:28Z,SENS-012,PVNR Expressway Toll,74,29.68,Cloudy
2026-04-23T11:14:34Z,SENS-002,Gachibowli Junction,28,44.97,Light Rain
2026-04-23T11:18:00Z,SENS-008,LB Nagar Crossroads,28,51.63,Drizzle
2026-04-23T11:19:40Z,SENS-008,LB Nagar Crossroads,49,24.65,Clear
2026-04-23T11:19:49Z,SENS-007,Begumpet Flyover,48,44.28,Clear
2026-04-23T11:20:37Z,SENS-010,Secunderabad Clock Tower,44,50.93,Clear
2026-04-23T11:27:13Z,SENS-011,Mehdipatnam Bus Stand,40,38.51,Heavy Rain
2026-04-23T11:29:05Z,SENS-001,Jubilee Hills Checkpost,78,42.14,Cloudy
2026-04-23T11:29:49Z,SENS-012,PVNR Expressway Toll,47,56.59,Cloudy
2026-04-23T11:41:05Z,SENS-011,Mehdipatnam Bus Stand,69,25.81,Clear
2026-04-23T11:42:30Z,SENS-006,Hitech City Signal,76,40.98,Clear
2026-04-23T11:43:07Z,SENS-012,PVNR Expressway Toll,33,50.14,Drizzle
2026-04-23T11:48:24Z,SENS-003,Ameerpet Crossroads,46,27.46,Clear
2026-04-23T11:51:28Z,SENS-012,PVNR Expressway Toll,29,36.96,Light Rain
2026-04-23T11:58:08Z,SENS-003,Ameerpet Crossroads,36,37.64,Fog
2026-04-23T12:01:31Z,SENS-004,Madhapur IT Corridor,78,49.21,Cloudy
2026-04-23T12:01:48Z,SENS-002,Gachibowli Junction,48,26.22,Cloudy
2026-04-23T12:22:52Z,SENS-003,Ameerpet Crossroads,24,16.43,Heavy Rain
2026-04-23T12:28:20Z,SENS-011,Mehdipatnam Bus Stand,66,20.19,Clear
2026-04-23T12:29:00Z,SENS-004,Madhapur IT Corridor,64,51.46,Clear
2026-04-23T12:30:25Z,SENS-010,Secunderabad Clock Tower,56,39.35,Light Rain
2026-04-23T12:32:49Z,SENS-005,Tank Bund Road,77,37.68,Light Rain
2026-04-23T12:33:30Z,SENS-011,Mehdipatnam Bus Stand,77,36.12,Light Rain
2026-04-23T12:33:49Z,SENS-009,Kukatpally Housing Board,39,59.77,Clear
2026-04-23T12:36:22Z,SENS-003,Ameerpet Crossroads,27,16.17,Fog
2026-04-23T12:36:55Z,SENS-010,Secunderabad Clock Tower,23,16.25,Heavy Rain
2026-04-23T12:52:01Z,SENS-008,LB Nagar Crossroads,80,24.43,Drizzle
2026-04-23T12:54:35Z,SENS-010,Secunderabad Clock Tower,65,33.59,Cloudy
2026-04-23T12:54:53Z,SENS-009,Kukatpally Housing Board,60,52.17,Clear
2026-04-23T12:59:25Z,SENS-007,Begumpet Flyover,33,51.93,Cloudy
2026-04-23T13:00:55Z,SENS-006,Hitech City Signal,80,47.61,Drizzle
2026-04-23T13:01:59Z,SENS-012,PVNR Expressway Toll,55,18.44,Light Rain
2026-04-23T13:02:07Z,SENS-001,Jubilee Hills Checkpost,49,18.44,Heavy Rain
2026-04-23T13:15:55Z,SENS-006,Hitech City Signal,54,44.84,Light Rain
2026-04-23T13:17:38Z,SENS-011,Mehdipatnam Bus Stand,77,13.92,Drizzle
2026-04-23T13:19:20Z,SENS-008,LB Nagar Crossroads,35,29.58,Cloudy
2026-04-23T13:25:28Z,SENS-005,Tank Bund Road,72,21.03,Cloudy
2026-04-23T13:26:52Z,SENS-005,Tank Bund Road,57,22.41,Heavy Rain
2026-04-23T13:31:56Z,SENS-010,Secunderabad Clock Tower,83,30.68,Clear
2026-04-23T13:31:57Z,SENS-003,Ameerpet Crossroads,73,22.8,Cloudy
2026-04-23T13:34:49Z,SENS-005,Tank Bund Road,33,44.74,Clear
2026-04-23T13:37:56Z,SENS-012,PVNR Expressway Toll,63,17.61,Clear
2026-04-23T13:38:54Z,SENS-009,Kukatpally Housing Board,47,59.34,Clear
2026-04-23T13:40:04Z,SENS-012,PVNR Expressway Toll,33,18.61,Cloudy
2026-04-23T13:46:20Z,SENS-010,Secunderabad Clock Tower,68,39.97,Cloudy
2026-04-23T13:56:02Z,SENS-004,Madhapur IT Corridor,62,41.02,Clear
2026-04-23T14:08:58Z,SENS-008,LB Nagar Crossroads,33,19.75,Heavy Rain
2026-04-23T14:15:53Z,SENS-003,Ameerpet Crossroads,89,41.24,Clear
2026-04-23T14:26:00Z,SENS-007,Begumpet Flyover,75,13.57,Cloudy
2026-04-23T14:26:34Z,SENS-002,Gachibowli Junction,61,21.54,Light Rain
2026-04-23T14:35:19Z,SENS-008,LB Nagar Crossroads,28,56.93,Light Rain
2026-04-23T14:36:10Z,SENS-001,Jubilee Hills Checkpost,79,19.4,Cloudy
2026-04-23T14:36:44Z,SENS-007,Begumpet Flyover,66,31.3,Clear
2026-04-23T14:36:46Z,SENS-011,Mehdipatnam Bus Stand,71,21.25,Light Rain
2026-04-23T14:45:30Z,SENS-012,PVNR Expressway Toll,40,45.61,Clear
2026-04-23T14:45:53Z,SENS-007,Begumpet Flyover,52,59.21,Cloudy
2026-04-23T14:53:41Z,SENS-005,Tank Bund Road,72,16.27,Clear
2026-04-23T14:58:09Z,SENS-010,Secunderabad Clock Tower,48,31.88,Fog
2026-04-23T15:05:10Z,SENS-006,Hitech City Signal,36,13.03,Fog
2026-04-23T15:05:21Z,SENS-003,Ameerpet Crossroads,60,50.01,Clear
2026-04-23T15:10:16Z,SENS-012,PVNR Expressway Toll,54,29.65,Cloudy
2026-04-23T15:16:54Z,SENS-005,Tank Bund Road,84,21.22,Cloudy
2026-04-23T15:18:33Z,SENS-001,Jubilee Hills Checkpost,72,44.76,Clear
2026-04-23T15:20:15Z,SENS-008,LB Nagar Crossroads,35,59.6,Clear
2026-04-23T15:36:20Z,SENS-002,Gachibowli Junction,70,44.23,Cloudy
2026-04-23T15:44:16Z,SENS-002,Gachibowli Junction,59,44.75,Light Rain
2026-04-23T15:46:36Z,SENS-010,Secunderabad Clock Tower,49,20.21,Clear
2026-04-23T15:52:27Z,SENS-008,LB Nagar Crossroads,58,29.74,Drizzle
2026-04-23T15:59:20Z,SENS-012,PVNR Expressway Toll,55,32.99,Light Rain
2026-04-23T16:05:29Z,SENS-003,Ameerpet Crossroads,83,37.96,Clear
2026-04-23T16:17:21Z,SENS-001,Jubilee Hills Checkpost,50,56.76,Clear
2026-04-23T16:25:51Z,SENS-008,LB Nagar Crossroads,67,42.64,Clear
2026-04-23T16:40:16Z,SENS-002,Gachibowli Junction,66,17.32,Clear
2026-04-23T16:41:55Z,SENS-008,LB Nagar Crossroads,79,35.63,Light Rain
2026-04-23T16:44:14Z,SENS-012,PVNR Expressway Toll,32,37.25,Fog
2026-04-23T16:44:28Z,SENS-008,LB Nagar Crossroads,65,27.77,Heavy Rain
2026-04-23T16:46:51Z,SENS-002,Gachibowli Junction,68,34.81,Clear
2026-04-23T16:47:47Z,SENS-008,LB Nagar Crossroads,30,39.48,Clear
2026-04-23T16:51:29Z,SENS-009,Kukatpally Housing Board,60,43.32,Clear
2026-04-23T17:00:30Z,SENS-004,Madhapur IT Corridor,159,10.96,Drizzle
2026-04-23T17:01:42Z,SENS-010,Secunderabad Clock Tower,175,5.6,Drizzle
2026-04-23T17:03:08Z,SENS-010,Secunderabad Clock Tower,110,12.89,Fog
2026-04-23T17:08:46Z,SENS-003,Ameerpet Crossroads,111,16.62,Drizzle
2026-04-23T17:17:56Z,SENS-002,Gachibowli Junction,114,14.92,Clear
2026-04-23T17:19:20Z,SENS-004,Madhapur IT Corridor,83,50.98,Clear
2026-04-23T17:21:23Z,SENS-007,Begumpet Flyover,78,22.2,Cloudy
2026-04-23T17:36:29Z,SENS-003,Ameerpet Crossroads,162,17.99,Light Rain
2026-04-23T17:47:48Z,SENS-002,Gachibowli Junction,116,20.61,Cloudy
2026-04-23T17:56:58Z,SENS-003,Ameerpet Crossroads,105,36.66,Clear
2026-04-23T17:59:31Z,SENS-010,Secunderabad Clock Tower,93,36.3,Clear
2026-04-23T18:03:27Z,SENS-006,Hitech City Signal,187,14.93,Cloudy
2026-04-23T18:04:52Z,SENS-002,Gachibowli Junction,108,42.77,Clear
2026-04-23T18:09:56Z,SENS-009,Kukatpally Housing Board,92,12.12,Fog
2026-04-23T18:22:04Z,SENS-003,Ameerpet Crossroads,160,15.71,Light Rain
2026-04-23T18:28:00Z,SENS-007,Begumpet Flyover,96,10.48,Heavy Rain
2026-04-23T18:32:02Z,SENS-004,Madhapur IT Corridor,187,7.99,Clear
2026-04-23T18:37:43Z,SENS-010,Secunderabad Clock Tower,95,31.32,Heavy Rain
2026-04-23T18:46:17Z,SENS-005,Tank Bund Road,186,18.6,Cloudy
2026-04-23T18:48:18Z,SENS-005,Tank Bund Road,144,30.18,Cloudy
2026-04-23T18:51:25Z,SENS-001,Jubilee Hills Checkpost,108,33.09,Light Rain
2026-04-23T18:54:58Z,SENS-010,Secunderabad Clock Tower,158,7.76,Clear
2026-04-23T19:00:38Z,SENS-001,Jubilee Hills Checkpost,195,21.84,Clear
2026-04-23T19:01:03Z,SENS-007,Begumpet Flyover,81,40.94,Light Rain
2026-04-23T19:15:59Z,SENS-005,Tank Bund Road,66,24.07,Heavy Rain
2026-04-23T19:16:44Z,SENS-001,Jubilee Hills Checkpost,184,8.22,Clear
2026-04-23T19:18:42Z,SENS-011,Mehdipatnam Bus Stand,113,26.28,Fog
2026-04-23T19:20:05Z,SENS-007,Begumpet Flyover,155,10.1,Drizzle
2026-04-23T19:51:57Z,SENS-001,Jubilee Hills Checkpost,75,23.56,Heavy Rain
2026-04-23T19:57:04Z,SENS-001,Jubilee Hills Checkpost,101,39.41,Clear
2026-04-23T20:10:58Z,SENS-010,Secunderabad Clock Tower,62,48.82,Clear
2026-04-23T20:12:03Z,SENS-003,Ameerpet Crossroads,75,21.81,Clear
2026-04-23T20:20:46Z,SENS-004,Madhapur IT Corridor,78,20.56,Cloudy
2026-04-23T20:20:51Z,SENS-008,LB Nagar Crossroads,34,51.13,Clear
2026-04-23T20:27:45Z,SENS-003,Ameerpet Crossroads,75,34.99,Cloudy
2026-04-23T20:31:49Z,SENS-009,Kukatpally Housing Board,50,32.23,Cloudy
2026-04-23T20:46:11Z,SENS-003,Ameerpet Crossroads,44,59.6,Cloudy
2026-04-23T20:50:11Z,SENS-002,Gachibowli Junction,74,25.49,Clear
2026-04-23T20:56:21Z,SENS-008,LB Nagar Crossroads,59,30.14,Cloudy
2026-04-23T21:00:26Z,SENS-009,Kukatpally Housing Board,42,53.71,Clear
2026-04-23T21:02:35Z,SENS-010,Secunderabad Clock Tower,38,35.38,Cloudy
2026-04-23T21:05:14Z,SENS-002,Gachibowli Junction,56,32.3,Clear
2026-04-23T21:11:10Z,SENS-003,Ameerpet Crossroads,55,51.38,Light Rain
2026-04-23T21:12:42Z,SENS-009,Kukatpally Housing Board,65,32.82,Light Rain
2026-04-23T21:14:44Z,SENS-003,Ameerpet Crossroads,39,30.49,Clear
2026-04-23T21:19:05Z,SENS-009,Kukatpally Housing Board,67,16.47,Clear
2026-04-23T21:20:06Z,SENS-004,Madhapur IT Corridor,31,58.84,Cloudy
2026-04-23T21:24:58Z,SENS-012,PVNR Expressway Toll,85,31.71,Clear
2026-04-23T21:26:16Z,SENS-006,Hitech City Signal,48,25.64,Drizzle
2026-04-23T21:29:54Z,SENS-009,Kukatpally Housing Board,80,21.2,Light Rain
2026-04-23T21:38:53Z,SENS-012,PVNR Expressway Toll,30,44.53,Cloudy
2026-04-23T21:43:55Z,SENS-004,Madhapur IT Corridor,70,48.41,Cloudy
2026-04-23T21:58:41Z,SENS-009,Kukatpally Housing Board,62,20.58,Cloudy
2026-04-23T21:58:59Z,SENS-010,Secunderabad Clock Tower,63,21.25,Clear
2026-04-23T21:59:22Z,SENS-006,Hitech City Signal,30,18.37,Clear
2026-04-23T22:01:12Z,SENS-006,Hitech City Signal,25,40.9,Clear
2026-04-23T22:06:35Z,SENS-006,Hitech City Signal,15,31.4,Clear
2026-04-23T22:11:45Z,SENS-008,LB Nagar Crossroads,9,23.09,Light Rain
2026-04-23T22:12:47Z,SENS-007,Begumpet Flyover,13,24.57,Heavy Rain
2026-04-23T22:13:07Z,SENS-009,Kukatpally Housing Board,32,22.37,Clear
2026-04-23T22:34:11Z,SENS-002,Gachibowli Junction,9,42.9,Cloudy
2026-04-23T22:36:18Z,SENS-011,Mehdipatnam Bus Stand,5,35.9,Light Rain
2026-04-23T22:42:03Z,SENS-003,Ameerpet Crossroads,39,30.89,Clear
2026-04-23T22:47:29Z,SENS-010,Secunderabad Clock Tower,29,66.85,Clear
2026-04-23T22:50:50Z,SENS-012,PVNR Expressway Toll,27,35.97,Light Rain
2026-04-23T22:54:55Z,SENS-008,LB Nagar Crossroads,35,30.47,Clear
2026-04-23T22:55:01Z,SENS-003,Ameerpet Crossroads,17,33.95,Clear
2026-04-23T22:59:35Z,SENS-008,LB Nagar Crossroads,16,57.41,Clear
2026-04-23T23:07:52Z,SENS-007,Begumpet Flyover,37,17.81,Cloudy
2026-04-23T23:16:55Z,SENS-001,Jubilee Hills Checkpost,6,39.4,Heavy Rain
2026-04-23T23:19:58Z,SENS-007,Begumpet Flyover,31,25.16,Clear
2026-04-23T23:21:38Z,SENS-012,PVNR Expressway Toll,33,41.06,Clear
2026-04-23T23:24:01Z,SENS-009,Kukatpally Housing Board,22,25.84,Clear
2026-04-23T23:24:18Z,SENS-007,Begumpet Flyover,11,57.68,Cloudy
2026-04-23T23:24:24Z,SENS-009,Kukatpally Housing Board,12,56.13,Clear
2026-04-23T23:26:02Z,SENS-002,Gachibowli Junction,37,24.59,Clear
2026-04-23T23:30:15Z,SENS-003,Ameerpet Crossroads,20,39.81,Light Rain
2026-04-23T23:34:51Z,SENS-003,Ameerpet Crossroads,18,42.18,Light Rain
2026-04-23T23:36:33Z,SENS-007,Begumpet Flyover,37,18.37,Clear
2026-04-23T23:38:17Z,SENS-005,Tank Bund Road,26,33.51,Heavy Rain
2026-04-23T23:41:13Z,SENS-010,Secunderabad Clock Tower,13,60.93,Light Rain
2026-04-23T23:41:28Z,SENS-009,Kukatpally Housing Board,5,45.0,Clear
2026-04-23T23:42:54Z,SENS-008,LB Nagar Crossroads,23,30.83,Drizzle
2026-04-23T23:47:18Z,SENS-005,Tank Bund Road,29,31.88,Cloudy
2026-04-23T23:52:28Z,SENS-009,Kukatpally Housing Board,27,44.11,Heavy Rain
2026-04-23T23:54:24Z,SENS-006,Hitech City Signal,27,25.59,Cloudy
2026-04-23T23:55:33Z,SENS-005,Tank Bund Road,9,38.9,Heavy Rain
2026-04-23T23:58:44Z,SENS-012,PVNR Expressway Toll,33,57.12,Clear
2026-04-24T00:06:02Z,SENS-006,Hitech City Signal,23,30.73,Clear
2026-04-24T00:09:06Z,SENS-012,PVNR Expressway Toll,25,25.69,Light Rain
2026-04-24T00:22:41Z,SENS-009,Kukatpally Housing Board,6,64.99,Drizzle
2026-04-24T00:24:07Z,SENS-004,Madhapur IT Corridor,22,30.19,Fog
2026-04-24T00:27:36Z,SENS-011,Mehdipatnam Bus Stand,22,37.76,Cloudy
2026-04-24T00:28:06Z,SENS-004,Madhapur IT Corridor,11,32.63,Drizzle
2026-04-24T00:41:06Z,SENS-004,Madhapur IT Corridor,24,51.62,Cloudy
2026-04-24T00:44:52Z,SENS-010,Secunderabad Clock Tower,17,25.71,Light Rain
2026-04-24T00:57:00Z,SENS-004,Madhapur IT Corridor,5,62.27,Cloudy
2026-04-24T01:16:20Z,SENS-011,Mehdipatnam Bus Stand,32,46.94,Clear
2026-04-24T01:23:03Z,SENS-007,Begumpet Flyover,26,46.7,Clear
2026-04-24T01:30:09Z,SENS-010,Secunderabad Clock Tower,27,29.72,Heavy Rain
2026-04-24T01:30:30Z,SENS-010,Secunderabad Clock Tower,39,54.21,Clear
2026-04-24T01:32:55Z,SENS-011,Mehdipatnam Bus Stand,26,32.26,Cloudy
2026-04-24T01:36:39Z,SENS-007,Begumpet Flyover,24,65.46,Cloudy
2026-04-24T01:45:19Z,SENS-011,Mehdipatnam Bus Stand,34,56.38,Clear
2026-04-24T02:05:27Z,SENS-009,Kukatpally Housing Board,31,51.61,Cloudy
2026-04-24T02:09:29Z,SENS-003,Ameerpet Crossroads,37,35.22,Clear
2026-04-24T02:13:21Z,SENS-011,Mehdipatnam Bus Stand,27,31.38,Clear
2026-04-24T02:16:02Z,SENS-012,PVNR Expressway Toll,14,25.68,Clear
2026-04-24T02:18:12Z,SENS-004,Madhapur IT Corridor,6,13.88,Heavy Rain
2026-04-24T02:22:00Z,SENS-011,Mehdipatnam Bus Stand,18,62.7,Light Rain
2026-04-24T02:22:03Z,SENS-003,Ameerpet Crossroads,32,19.23,Clear
2026-04-24T02:28:50Z,SENS-001,Jubilee Hills Checkpost,24,46.46,Clear
2026-04-24T02:29:02Z,SENS-001,Jubilee Hills Checkpost,23,29.19,Heavy Rain
2026-04-24T02:37:03Z,SENS-002,Gachibowli Junction,15,56.29,Light Rain
2026-04-24T02:46:49Z,SENS-011,Mehdipatnam Bus Stand,17,71.26,Clear
2026-04-24T02:53:30Z,SENS-011,Mehdipatnam Bus Stand,35,21.38,Clear
2026-04-24T03:01:15Z,SENS-006,Hitech City Signal,35,27.2,Clear
2026-04-24T03:13:38Z,SENS-012,PVNR Expressway Toll,22,18.2,Heavy Rain
2026-04-24T03:29:20Z,SENS-007,Begumpet Flyover,30,41.66,Light Rain
2026-04-24T03:31:23Z,SENS-003,Ameerpet Crossroads,5,52.16,Clear
2026-04-24T03:36:38Z,SENS-003,Ameerpet Crossroads,15,45.34,Clear
2026-04-24T03:43:12Z,SENS-004,Madhapur IT Corridor,27,44.13,Clear
2026-04-24T03:46:55Z,SENS-005,Tank Bund Road,27,60.82,Clear
2026-04-24T03:46:56Z,SENS-003,Ameerpet Crossroads,23,54.53,Cloudy
2026-04-24T04:00:03Z,SENS-001,Jubilee Hills Checkpost,17,17.6,Heavy Rain
2026-04-24T04:05:06Z,SENS-010,Secunderabad Clock Tower,31,37.36,Cloudy
2026-04-24T04:11:45Z,SENS-012,PVNR Expressway Toll,13,52.73,Cloudy
2026-04-24T04:15:02Z,SENS-007,Begumpet Flyover,24,37.49,Clear
2026-04-24T04:17:59Z,SENS-007,Begumpet Flyover,22,33.89,Clear
2026-04-24T04:26:25Z,SENS-012,PVNR Expressway Toll,27,46.06,Light Rain
2026-04-24T04:27:38Z,SENS-004,Madhapur IT Corridor,18,36.73,Light Rain
2026-04-24T04:30:20Z,SENS-011,Mehdipatnam Bus Stand,24,47.48,Light Rain
2026-04-24T04:33:55Z,SENS-004,Madhapur IT Corridor,11,46.44,Clear
2026-04-24T04:43:11Z,SENS-009,Kukatpally Housing Board,33,32.47,Clear
2026-04-24T04:45:59Z,SENS-004,Madhapur IT Corridor,27,17.01,Cloudy
2026-04-24T04:49:34Z,SENS-003,Ameerpet Crossroads,13,34.6,Cloudy
2026-04-24T04:50:40Z,SENS-007,Begumpet Flyover,6,36.74,Drizzle
2026-04-24T05:03:45Z,SENS-006,Hitech City Signal,50,62.52,Clear
2026-04-24T05:05:52Z,SENS-007,Begumpet Flyover,32,40.95,Clear
2026-04-24T05:07:11Z,SENS-012,PVNR Expressway Toll,86,26.76,Clear
2026-04-24T05:07:41Z,SENS-001,Jubilee Hills Checkpost,37,34.61,Heavy Rain
2026-04-24T05:07:54Z,SENS-005,Tank Bund Road,87,34.6,Clear
2026-04-24T05:13:57Z,SENS-003,Ameerpet Crossroads,46,28.53,Light Rain
2026-04-24T05:22:49Z,SENS-005,Tank Bund Road,55,39.12,Clear
2026-04-24T05:28:08Z,SENS-011,Mehdipatnam Bus Stand,59,30.28,Fog
2026-04-24T05:28:39Z,SENS-008,LB Nagar Crossroads,59,28.98,Drizzle
2026-04-24T05:30:15Z,SENS-005,Tank Bund Road,58,39.43,Fog
2026-04-24T05:30:45Z,SENS-010,Secunderabad Clock Tower,65,42.49,Cloudy
2026-04-24T05:31:13Z,SENS-007,Begumpet Flyover,54,48.54,Light Rain
2026-04-24T05:31:32Z,SENS-003,Ameerpet Crossroads,58,42.7,Cloudy
2026-04-24T05:33:29Z,SENS-011,Mehdipatnam Bus Stand,44,38.9,Fog
2026-04-24T05:33:45Z,SENS-006,Hitech City Signal,64,32.45,Fog
2026-04-24T05:37:56Z,SENS-009,Kukatpally Housing Board,31,22.61,Cloudy
2026-04-24T05:47:58Z,SENS-002,Gachibowli Junction,85,23.19,Cloudy
2026-04-24T06:00:23Z,SENS-003,Ameerpet Crossroads,80,28.41,Cloudy
2026-04-24T06:10:04Z,SENS-002,Gachibowli Junction,65,36.52,Fog
2026-04-24T06:15:34Z,SENS-010,Secunderabad Clock Tower,41,53.43,Light Rain
2026-04-24T06:17:15Z,SENS-003,Ameerpet Crossroads,40,13.92,Fog
2026-04-24T06:22:02Z,SENS-007,Begumpet Flyover,52,44.37,Cloudy
2026-04-24T06:42:12Z,SENS-012,PVNR Expressway Toll,31,32.79,Light Rain
2026-04-24T06:57:46Z,SENS-005,Tank Bund Road,44,46.01,Heavy Rain
2026-04-24T06:58:13Z,SENS-012,PVNR Expressway Toll,67,27.68,Clear
2026-04-24T06:58:47Z,SENS-007,Begumpet Flyover,78,19.92,Clear
2026-04-24T07:05:42Z,SENS-011,Mehdipatnam Bus Stand,59,48.21,Light Rain
2026-04-24T07:08:36Z,SENS-005,Tank Bund Road,25,16.39,Fog
2026-04-24T07:22:53Z,SENS-012,PVNR Expressway Toll,22,22.76,Heavy Rain
2026-04-24T07:23:15Z,SENS-002,Gachibowli Junction,27,22.94,Heavy Rain
2026-04-24T07:23:58Z,SENS-009,Kukatpally Housing Board,64,51.26,Clear
2026-04-24T07:31:10Z,SENS-008,LB Nagar Crossroads,43,52.15,Cloudy
2026-04-24T07:31:26Z,SENS-001,Jubilee Hills Checkpost,60,16.33,Clear
2026-04-24T07:38:13Z,SENS-003,Ameerpet Crossroads,65,28.87,Clear
2026-04-24T07:49:24Z,SENS-010,Secunderabad Clock Tower,45,37.13,Cloudy
2026-04-24T07:55:57Z,SENS-003,Ameerpet Crossroads,51,59.04,Clear
2026-04-24T08:10:56Z,SENS-007,Begumpet Flyover,109,22.72,Clear
2026-04-24T08:10:58Z,SENS-011,Mehdipatnam Bus Stand,124,24.55,Light Rain
2026-04-24T08:13:48Z,SENS-001,Jubilee Hills Checkpost,181,21.05,Clear
2026-04-24T08:16:08Z,SENS-012,PVNR Expressway Toll,159,11.06,Cloudy
2026-04-24T08:17:20Z,SENS-003,Ameerpet Crossroads,111,27.78,Light Rain
2026-04-24T08:28:20Z,SENS-012,PVNR Expressway Toll,78,28.07,Light Rain
2026-04-24T08:28:50Z,SENS-008,LB Nagar Crossroads,72,41.37,Light Rain
2026-04-24T08:32:30Z,SENS-012,PVNR Expressway Toll,121,28.74,Heavy Rain
2026-04-24T08:38:58Z,SENS-012,PVNR Expressway Toll,99,32.22,Clear
2026-04-24T08:49:30Z,SENS-008,LB Nagar Crossroads,161,21.61,Cloudy
2026-04-24T08:56:08Z,SENS-011,Mehdipatnam Bus Stand,180,9.12,Cloudy
2026-04-24T08:57:28Z,SENS-009,Kukatpally Housing Board,144,8.1,Heavy Rain
2026-04-24T08:58:04Z,SENS-005,Tank Bund Road,192,7.63,Cloudy
2026-04-24T08:59:54Z,SENS-007,Begumpet Flyover,125,26.7,Cloudy
2026-04-24T09:01:58Z,SENS-002,Gachibowli Junction,125,25.84,Cloudy
2026-04-24T09:02:02Z,SENS-005,Tank Bund Road,93,28.69,Clear
2026-04-24T09:03:00Z,SENS-008,LB Nagar Crossroads,137,12.33,Drizzle
2026-04-24T09:14:16Z,SENS-009,Kukatpally Housing Board,164,19.27,Cloudy
2026-04-24T09:29:34Z,SENS-004,Madhapur IT Corridor,71,36.7,Fog
2026-04-24T09:34:34Z,SENS-012,PVNR Expressway Toll,152,19.04,Cloudy
2026-04-24T09:48:50Z,SENS-008,LB Nagar Crossroads,80,35.67,Clear
2026-04-24T09:49:07Z,SENS-006,Hitech City Signal,144,17.91,Light Rain
2026-04-24T09:57:44Z,SENS-002,Gachibowli Junction,117,29.96,Drizzle
2026-04-24T09:59:55Z,SENS-012,PVNR Expressway Toll,191,11.86,Clear
2026-04-24T10:00:44Z,SENS-007,Begumpet Flyover,123,29.66,Cloudy
2026-04-24T10:10:42Z,SENS-004,Madhapur IT Corridor,171,21.28,Clear
2026-04-24T10:14:07Z,SENS-010,Secunderabad Clock Tower,93,42.51,Cloudy
2026-04-24T10:15:00Z,SENS-008,LB Nagar Crossroads,133,13.97,Clear
2026-04-24T10:23:10Z,SENS-007,Begumpet Flyover,103,27.05,Clear
2026-04-24T10:23:52Z,SENS-001,Jubilee Hills Checkpost,165,24.03,Clear
2026-04-24T10:30:37Z,SENS-006,Hitech City Signal,180,15.29,Cloudy
2026-04-24T10:34:47Z,SENS-004,Madhapur IT Corridor,128,18.83,Fog
2026-04-24T10:37:27Z,SENS-002,Gachibowli Junction,185,8.26,Cloudy
2026-04-24T10:37:42Z,SENS-007,Begumpet Flyover,142,17.96,Fog
2026-04-24T10:44:06Z,SENS-005,Tank Bund Road,139,22.8,Clear
2026-04-24T10:57:41Z,SENS-009,Kukatpally Housing Board,189,7.9,Cloudy
2026-04-24T11:02:58Z,SENS-012,PVNR Expressway Toll,59,45.61,Cloudy
2026-04-24T11:04:13Z,SENS-004,Madhapur IT Corridor,64,29.32,Cloudy
2026-04-24T11:07:11Z,SENS-004,Madhapur IT Corridor,74,39.36,Clear
2026-04-24T11:09:01Z,SENS-005,Tank Bund Road,79,14.63,Cloudy
2026-04-24T11:09:18Z,SENS-011,Mehdipatnam Bus Stand,57,27.83,Light Rain
2026-04-24T11:18:09Z,SENS-005,Tank Bund Road,43,60.32,Clear
2026-04-24T11:20:57Z,SENS-004,Madhapur IT Corridor,63,54.45,Cloudy
2026-04-24T11:21:07Z,SENS-012,PVNR Expressway Toll,28,41.21,Fog
2026-04-24T11:24:47Z,SENS-006,Hitech City Signal,26,34.48,Fog
2026-04-24T11:29:37Z,SENS-011,Mehdipatnam Bus Stand,57,52.22,Drizzle
2026-04-24T11:51:48Z,SENS-007,Begumpet Flyover,55,37.62,Fog
2026-04-24T11:54:18Z,SENS-012,PVNR Expressway Toll,50,36.69,Clear
2026-04-24T11:57:34Z,SENS-010,Secunderabad Clock Tower,85,45.62,Cloudy
2026-04-24T12:14:47Z,SENS-007,Begumpet Flyover,78,37.51,Clear
2026-04-24T12:26:51Z,SENS-003,Ameerpet Crossroads,63,26.29,Clear
2026-04-24T12:38:31Z,SENS-010,Secunderabad Clock Tower,48,37.86,Cloudy
2026-04-24T12:44:20Z,SENS-010,Secunderabad Clock Tower,79,45.64,Drizzle
2026-04-24T12:44:35Z,SENS-001,Jubilee Hills Checkpost,83,52.76,Clear
2026-04-24T12:50:48Z,SENS-009,Kukatpally Housing Board,89,31.47,Clear
2026-04-24T12:52:54Z,SENS-003,Ameerpet Crossroads,33,42.18,Light Rain
2026-04-24T13:00:02Z,SENS-012,PVNR Expressway Toll,41,23.18,Cloudy
2026-04-24T13:03:07Z,SENS-010,Secunderabad Clock Tower,32,22.67,Clear
2026-04-24T13:03:28Z,SENS-010,Secunderabad Clock Tower,78,24.42,Light Rain
2026-04-24T13:21:25Z,SENS-006,Hitech City Signal,67,41.39,Cloudy
2026-04-24T13:25:03Z,SENS-005,Tank Bund Road,73,40.8,Cloudy
2026-04-24T13:28:39Z,SENS-001,Jubilee Hills Checkpost,53,20.9,Clear
2026-04-24T13:39:42Z,SENS-006,Hitech City Signal,88,32.19,Clear
2026-04-24T13:43:48Z,SENS-010,Secunderabad Clock Tower,41,21.14,Clear
2026-04-24T13:51:18Z,SENS-004,Madhapur IT Corridor,53,22.82,Cloudy
2026-04-24T13:52:52Z,SENS-003,Ameerpet Crossroads,88,28.94,Clear
2026-04-24T13:53:04Z,SENS-007,Begumpet Flyover,59,36.31,Cloudy
2026-04-24T14:12:10Z,SENS-008,LB Nagar Crossroads,81,50.89,Clear
2026-04-24T14:16:16Z,SENS-011,Mehdipatnam Bus Stand,52,26.65,Fog
2026-04-24T14:26:13Z,SENS-004,Madhapur IT Corridor,38,51.05,Clear
2026-04-24T15:08:47Z,SENS-012,PVNR Expressway Toll,47,19.75,Drizzle
2026-04-24T15:15:08Z,SENS-005,Tank Bund Road,86,44.89,Clear
2026-04-24T15:16:04Z,SENS-010,Secunderabad Clock Tower,84,39.61,Clear
2026-04-24T15:21:55Z,SENS-005,Tank Bund Road,88,24.42,Clear
2026-04-24T15:30:29Z,SENS-011,Mehdipatnam Bus Stand,48,35.8,Clear
2026-04-24T15:38:15Z,SENS-007,Begumpet Flyover,58,41.18,Clear
2026-04-24T15:48:36Z,SENS-003,Ameerpet Crossroads,63,12.06,Heavy Rain
2026-04-24T15:52:25Z,SENS-010,Secunderabad Clock Tower,82,46.85,Cloudy
2026-04-24T15:56:42Z,SENS-012,PVNR Expressway Toll,50,37.63,Clear
2026-04-24T16:00:06Z,SENS-010,Secunderabad Clock Tower,52,46.66,Clear
2026-04-24T16:01:04Z,SENS-008,LB Nagar Crossroads,67,27.75,Light Rain
2026-04-24T16:05:24Z,SENS-009,Kukatpally Housing Board,51,15.68,Heavy Rain
2026-04-24T16:09:13Z,SENS-010,Secunderabad Clock Tower,37,53.63,Clear
2026-04-24T16:15:10Z,SENS-001,Jubilee Hills Checkpost,52,41.51,Cloudy
2026-04-24T16:28:34Z,SENS-012,PVNR Expressway Toll,72,35.39,Clear
2026-04-24T16:29:07Z,SENS-004,Madhapur IT Corridor,58,39.48,Clear
2026-04-24T16:33:02Z,SENS-002,Gachibowli Junction,88,33.28,Clear
2026-04-24T16:42:39Z,SENS-009,Kukatpally Housing Board,45,53.71,Clear
2026-04-24T16:45:09Z,SENS-012,PVNR Expressway Toll,52,32.15,Clear
2026-04-24T16:48:33Z,SENS-010,Secunderabad Clock Tower,57,26.33,Clear
2026-04-24T16:50:23Z,SENS-010,Secunderabad Clock Tower,45,52.08,Light Rain
2026-04-24T16:59:03Z,SENS-003,Ameerpet Crossroads,54,29.03,Light Rain
2026-04-24T16:59:56Z,SENS-001,Jubilee Hills Checkpost,35,22.92,Heavy Rain
2026-04-24T17:07:43Z,SENS-008,LB Nagar Crossroads,72,23.88,Light Rain
2026-04-24T17:09:07Z,SENS-011,Mehdipatnam Bus Stand,100,33.83,Cloudy
2026-04-24T17:09:42Z,SENS-007,Begumpet Flyover,108,20.55,Light Rain
2026-04-24T17:13:05Z,SENS-010,Secunderabad Clock Tower,145,19.22,Cloudy
2026-04-24T17:13:07Z,SENS-009,Kukatpally Housing Board,71,39.21,Heavy Rain
2026-04-24T17:14:19Z,SENS-004,Madhapur IT Corridor,159,23.6,Clear
2026-04-24T17:17:23Z,SENS-007,Begumpet Flyover,179,10.77,Clear
2026-04-24T17:22:21Z,SENS-001,Jubilee Hills Checkpost,149,21.58,Drizzle
2026-04-24T17:22:34Z,SENS-012,PVNR Expressway Toll,131,25.82,Clear
2026-04-24T17:24:47Z,SENS-002,Gachibowli Junction,190,20.34,Cloudy
2026-04-24T17:25:01Z,SENS-010,Secunderabad Clock Tower,169,23.8,Clear
2026-04-24T17:33:08Z,SENS-003,Ameerpet Crossroads,180,15.02,Clear
2026-04-24T17:41:20Z,SENS-001,Jubilee Hills Checkpost,129,30.59,Cloudy
2026-04-24T17:47:36Z,SENS-005,Tank Bund Road,141,24.95,Cloudy
2026-04-24T17:48:26Z,SENS-003,Ameerpet Crossroads,139,26.41,Cloudy
2026-04-24T17:48:38Z,SENS-004,Madhapur IT Corridor,127,35.79,Clear
2026-04-24T17:50:40Z,SENS-010,Secunderabad Clock Tower,80,34.39,Heavy Rain
2026-04-24T17:50:44Z,SENS-012,PVNR Expressway Toll,183,13.54,Clear
2026-04-24T17:55:53Z,SENS-004,Madhapur IT Corridor,194,18.7,Clear
2026-04-24T18:08:33Z,SENS-011,Mehdipatnam Bus Stand,94,22.19,Fog
2026-04-24T18:09:42Z,SENS-005,Tank Bund Road,84,29.41,Clear
2026-04-24T18:09:54Z,SENS-007,Begumpet Flyover,122,40.39,Clear
2026-04-24T18:17:48Z,SENS-001,Jubilee Hills Checkpost,143,10.53,Fog
2026-04-24T18:18:12Z,SENS-009,Kukatpally Housing Board,177,8.51,Light Rain
2026-04-24T18:20:07Z,SENS-012,PVNR Expressway Toll,134,17.82,Cloudy
2026-04-24T18:25:04Z,SENS-003,Ameerpet Crossroads,166,25.13,Cloudy
2026-04-24T18:25:49Z,SENS-011,Mehdipatnam Bus Stand,168,6.71,Cloudy
2026-04-24T18:26:51Z,SENS-009,Kukatpally Housing Board,120,18.31,Light Rain
2026-04-24T18:28:15Z,SENS-006,Hitech City Signal,104,13.82,Fog
2026-04-24T18:31:37Z,SENS-002,Gachibowli Junction,184,19.37,Clear
2026-04-24T18:33:39Z,SENS-005,Tank Bund Road,105,13.65,Cloudy
2026-04-24T18:39:51Z,SENS-006,Hitech City Signal,157,16.21,Clear
2026-04-24T18:41:42Z,SENS-012,PVNR Expressway Toll,88,29.26,Drizzle
2026-04-24T18:43:06Z,SENS-006,Hitech City Signal,109,38.3,Cloudy
2026-04-24T18:46:14Z,SENS-006,Hitech City Signal,150,26.01,Clear
2026-04-24T18:53:42Z,SENS-006,Hitech City Signal,162,6.6,Light Rain
2026-04-24T18:59:31Z,SENS-009,Kukatpally Housing Board,178,19.0,Clear
2026-04-24T19:04:56Z,SENS-005,Tank Bund Road,120,13.32,Heavy Rain
2026-04-24T19:13:34Z,SENS-002,Gachibowli Junction,187,7.3,Clear
2026-04-24T19:16:06Z,SENS-012,PVNR Expressway Toll,112,25.27,Cloudy
2026-04-24T19:32:57Z,SENS-012,PVNR Expressway Toll,144,11.47,Light Rain
2026-04-24T19:40:20Z,SENS-001,Jubilee Hills Checkpost,117,38.57,Clear
2026-04-24T19:41:10Z,SENS-009,Kukatpally Housing Board,117,10.36,Cloudy
2026-04-24T19:41:27Z,SENS-003,Ameerpet Crossroads,128,26.26,Light Rain
2026-04-24T19:47:25Z,SENS-003,Ameerpet Crossroads,166,16.61,Light Rain
2026-04-24T19:48:43Z,SENS-009,Kukatpally Housing Board,131,27.91,Clear
2026-04-24T19:51:47Z,SENS-010,Secunderabad Clock Tower,168,10.05,Clear
2026-04-24T19:54:39Z,SENS-008,LB Nagar Crossroads,182,9.29,Clear
2026-04-24T19:54:46Z,SENS-003,Ameerpet Crossroads,130,10.5,Clear
2026-04-24T19:58:14Z,SENS-011,Mehdipatnam Bus Stand,122,10.67,Clear
2026-04-24T20:06:24Z,SENS-004,Madhapur IT Corridor,88,31.36,Clear
2026-04-24T20:08:54Z,SENS-009,Kukatpally Housing Board,37,31.44,Cloudy
2026-04-24T20:11:09Z,SENS-004,Madhapur IT Corridor,73,31.09,Cloudy
2026-04-24T20:11:57Z,SENS-007,Begumpet Flyover,72,43.82,Clear
2026-04-24T20:12:47Z,SENS-007,Begumpet Flyover,58,50.29,Clear
2026-04-24T20:17:13Z,SENS-006,Hitech City Signal,84,40.3,Clear
2026-04-24T20:17:37Z,SENS-008,LB Nagar Crossroads,44,22.71,Drizzle
2026-04-24T20:18:14Z,SENS-003,Ameerpet Crossroads,81,35.63,Cloudy
2026-04-24T20:22:20Z,SENS-003,Ameerpet Crossroads,63,23.04,Light Rain
2026-04-24T20:24:11Z,SENS-004,Madhapur IT Corridor,52,50.48,Light Rain
2026-04-24T20:25:42Z,SENS-008,LB Nagar Crossroads,34,25.56,Cloudy
2026-04-24T20:30:41Z,SENS-001,Jubilee Hills Checkpost,63,36.93,Clear
2026-04-24T20:30:56Z,SENS-004,Madhapur IT Corridor,89,45.96,Clear
2026-04-24T20:45:24Z,SENS-001,Jubilee Hills Checkpost,36,67.36,Clear
2026-04-24T20:52:12Z,SENS-003,Ameerpet Crossroads,62,26.0,Cloudy
2026-04-24T20:58:22Z,SENS-003,Ameerpet Crossroads,29,20.95,Heavy Rain
2026-04-24T21:09:13Z,SENS-005,Tank Bund Road,67,49.91,Drizzle
2026-04-24T21:10:39Z,SENS-009,Kukatpally Housing Board,85,15.38,Clear
2026-04-24T21:13:22Z,SENS-012,PVNR Expressway Toll,80,21.71,Clear
2026-04-24T21:21:25Z,SENS-004,Madhapur IT Corridor,36,27.57,Clear
2026-04-24T21:22:56Z,SENS-010,Secunderabad Clock Tower,79,45.3,Clear
2026-04-24T21:27:56Z,SENS-001,Jubilee Hills Checkpost,85,17.94,Clear
2026-04-24T21:41:54Z,SENS-006,Hitech City Signal,56,41.47,Cloudy
2026-04-24T21:47:13Z,SENS-003,Ameerpet Crossroads,69,19.65,Drizzle
2026-04-24T21:55:12Z,SENS-006,Hitech City Signal,61,38.64,Heavy Rain
2026-04-24T21:56:32Z,SENS-002,Gachibowli Junction,28,20.18,Fog
2026-04-24T22:00:23Z,SENS-005,Tank Bund Road,18,44.14,Heavy Rain
2026-04-24T22:03:34Z,SENS-011,Mehdipatnam Bus Stand,20,37.54,Fog
2026-04-24T22:07:17Z,SENS-001,Jubilee Hills Checkpost,18,30.08,Light Rain
2026-04-24T22:11:57Z,SENS-012,PVNR Expressway Toll,11,35.22,Light Rain
2026-04-24T22:16:08Z,SENS-001,Jubilee Hills Checkpost,10,41.53,Clear
2026-04-24T22:22:05Z,SENS-004,Madhapur IT Corridor,13,34.81,Light Rain
2026-04-24T22:26:39Z,SENS-012,PVNR Expressway Toll,21,45.07,Clear
2026-04-24T22:35:11Z,SENS-011,Mehdipatnam Bus Stand,35,60.02,Drizzle
2026-04-24T22:40:22Z,SENS-006,Hitech City Signal,32,64.25,Cloudy
2026-04-24T22:43:38Z,SENS-005,Tank Bund Road,5,44.23,Fog
2026-04-24T22:49:28Z,SENS-010,Secunderabad Clock Tower,31,17.27,Drizzle
2026-04-24T22:51:22Z,SENS-005,Tank Bund Road,39,63.99,Clear
2026-04-24T23:07:02Z,SENS-005,Tank Bund Road,17,45.5,Cloudy
2026-04-24T23:09:31Z,SENS-009,Kukatpally Housing Board,5,52.06,Cloudy
2026-04-24T23:13:36Z,SENS-010,Secunderabad Clock Tower,15,21.36,Clear
2026-04-24T23:16:01Z,SENS-012,PVNR Expressway Toll,20,22.19,Fog
2026-04-24T23:20:07Z,SENS-007,Begumpet Flyover,28,46.75,Cloudy
2026-04-24T23:26:43Z,SENS-006,Hitech City Signal,30,52.64,Cloudy
2026-04-24T23:30:15Z,SENS-008,LB Nagar Crossroads,22,65.95,Cloudy
2026-04-24T23:30:49Z,SENS-010,Secunderabad Clock Tower,30,37.25,Clear
2026-04-24T23:37:00Z,SENS-012,PVNR Expressway Toll,8,37.38,Drizzle
2026-04-24T23:42:18Z,SENS-004,Madhapur IT Corridor,37,32.87,Cloudy
2026-04-24T23:42:37Z,SENS-002,Gachibowli Junction,13,65.08,Clear
2026-04-24T23:48:41Z,SENS-008,LB Nagar Crossroads,34,24.47,Clear
2026-04-24T23:48:58Z,SENS-004,Madhapur IT Corridor,38,32.06,Clear
2026-04-25T00:03:17Z,SENS-009,Kukatpally Housing Board,6,16.8,Fog
2026-04-25T00:08:40Z,SENS-002,Gachibowli Junction,11,63.83,Cloudy
2026-04-25T00:09:50Z,SENS-008,LB Nagar Crossroads,6,71.22,Clear
2026-04-25T00:17:53Z,SENS-011,Mehdipatnam Bus Stand,8,36.95,Light Rain
2026-04-25T00:30:02Z,SENS-004,Madhapur IT Corridor,19,22.85,Fog
2026-04-25T00:39:00Z,SENS-010,Secunderabad Clock Tower,31,55.8,Clear
2026-04-25T00:41:52Z,SENS-008,LB Nagar Crossroads,4,50.9,Cloudy
2026-04-25T00:44:20Z,SENS-002,Gachibowli Junction,31,67.83,Clear
2026-04-25T00:45:56Z,SENS-009,Kukatpally Housing Board,7,31.18,Light Rain
2026-04-25T00:46:46Z,SENS-006,Hitech City Signal,8,44.34,Heavy Rain
2026-04-25T00:55:05Z,SENS-007,Begumpet Flyover,11,74.52,Clear
2026-04-25T00:56:40Z,SENS-009,Kukatpally Housing Board,29,34.42,Cloudy
2026-04-25T00:57:52Z,SENS-005,Tank Bund Road,24,35.24,Drizzle
2026-04-25T01:06:53Z,SENS-003,Ameerpet Crossroads,22,61.2,Cloudy
2026-04-25T01:08:50Z,SENS-008,LB Nagar Crossroads,16,28.53,Light Rain
2026-04-25T01:12:11Z,SENS-010,Secunderabad Clock Tower,20,32.33,Drizzle
2026-04-25T01:17:59Z,SENS-006,Hitech City Signal,23,59.0,Clear
2026-04-25T01:18:12Z,SENS-003,Ameerpet Crossroads,25,27.14,Clear
2026-04-25T01:18:17Z,SENS-008,LB Nagar Crossroads,5,43.42,Cloudy
2026-04-25T01:19:07Z,SENS-002,Gachibowli Junction,22,33.34,Heavy Rain
2026-04-25T01:20:57Z,SENS-007,Begumpet Flyover,23,35.88,Cloudy
2026-04-25T01:21:39Z,SENS-006,Hitech City Signal,15,24.01,Heavy Rain
2026-04-25T01:22:12Z,SENS-006,Hitech City Signal,21,69.55,Cloudy
2026-04-25T01:22:32Z,SENS-010,Secunderabad Clock Tower,28,24.72,Fog
2026-04-25T01:31:59Z,SENS-005,Tank Bund Road,8,49.07,Clear
2026-04-25T01:38:09Z,SENS-009,Kukatpally Housing Board,19,60.36,Light Rain
2026-04-25T01:40:22Z,SENS-003,Ameerpet Crossroads,10,57.3,Clear
2026-04-25T01:40:32Z,SENS-007,Begumpet Flyover,29,42.58,Heavy Rain
2026-04-25T01:40:40Z,SENS-009,Kukatpally Housing Board,26,38.37,Clear
2026-04-25T01:46:55Z,SENS-007,Begumpet Flyover,15,50.09,Light Rain
2026-04-25T01:48:50Z,SENS-003,Ameerpet Crossroads,35,59.08,Cloudy
2026-04-25T01:56:22Z,SENS-002,Gachibowli Junction,17,47.83,Clear
2026-04-25T01:58:57Z,SENS-010,Secunderabad Clock Tower,22,30.66,Clear
2026-04-25T01:59:02Z,SENS-012,PVNR Expressway Toll,25,32.94,Cloudy
2026-04-25T02:01:48Z,SENS-008,LB Nagar Crossroads,8,39.31,Cloudy
2026-04-25T02:08:07Z,SENS-003,Ameerpet Crossroads,23,49.37,Clear
2026-04-25T02:16:36Z,SENS-008,LB Nagar Crossroads,10,50.35,Cloudy
2026-04-25T02:17:58Z,SENS-008,LB Nagar Crossroads,27,50.31,Light Rain
2026-04-25T02:19:20Z,SENS-007,Begumpet Flyover,23,21.06,Clear
2026-04-25T02:20:33Z,SENS-012,PVNR Expressway Toll,19,26.24,Cloudy
2026-04-25T02:21:07Z,SENS-007,Begumpet Flyover,21,56.2,Light Rain
2026-04-25T02:22:24Z,SENS-003,Ameerpet Crossroads,9,19.61,Cloudy
2026-04-25T02:23:38Z,SENS-012,PVNR Expressway Toll,6,28.2,Clear
2026-04-25T02:24:01Z,SENS-010,Secunderabad Clock Tower,20,26.84,Cloudy
2026-04-25T02:28:00Z,SENS-012,PVNR Expressway Toll,19,38.91,Light Rain
2026-04-25T02:39:20Z,SENS-004,Madhapur IT Corridor,26,34.83,Clear
2026-04-25T02:47:01Z,SENS-010,Secunderabad Clock Tower,30,43.86,Clear
2026-04-25T02:57:57Z,SENS-004,Madhapur IT Corridor,34,40.55,Clear
2026-04-25T03:04:28Z,SENS-004,Madhapur IT Corridor,10,20.71,Cloudy
2026-04-25T03:05:25Z,SENS-008,LB Nagar Crossroads,36,54.7,Cloudy
2026-04-25T03:07:37Z,SENS-004,Madhapur IT Corridor,38,27.98,Clear
2026-04-25T03:25:37Z,SENS-010,Secunderabad Clock Tower,6,61.47,Drizzle
2026-04-25T03:33:41Z,SENS-010,Secunderabad Clock Tower,30,61.81,Clear
2026-04-25T03:35:07Z,SENS-007,Begumpet Flyover,10,55.9,Cloudy
2026-04-25T03:36:18Z,SENS-008,LB Nagar Crossroads,31,57.79,Light Rain
2026-04-25T03:42:11Z,SENS-002,Gachibowli Junction,19,32.46,Clear
2026-04-25T03:56:03Z,SENS-004,Madhapur IT Corridor,26,71.0,Clear
2026-04-25T03:56:18Z,SENS-007,Begumpet Flyover,28,20.13,Clear
2026-04-25T04:07:40Z,SENS-010,Secunderabad Clock Tower,25,42.98,Clear
2026-04-25T04:16:26Z,SENS-002,Gachibowli Junction,30,68.26,Clear
2026-04-25T04:17:00Z,SENS-005,Tank Bund Road,32,50.14,Light Rain
2026-04-25T04:19:31Z,SENS-007,Begumpet Flyover,21,52.14,Light Rain
2026-04-25T04:23:00Z,SENS-006,Hitech City Signal,25,34.13,Heavy Rain
2026-04-25T04:25:22Z,SENS-004,Madhapur IT Corridor,12,41.59,Light Rain
2026-04-25T04:32:23Z,SENS-004,Madhapur IT Corridor,29,35.69,Clear
2026-04-25T04:38:25Z,SENS-008,LB Nagar Crossroads,16,54.44,Clear
2026-04-25T04:44:51Z,SENS-006,Hitech City Signal,12,33.2,Light Rain
2026-04-25T04:49:18Z,SENS-005,Tank Bund Road,8,28.87,Fog
2026-04-25T04:54:04Z,SENS-008,LB Nagar Crossroads,34,17.78,Clear
2026-04-25T05:00:57Z,SENS-007,Begumpet Flyover,48,25.04,Drizzle
2026-04-25T05:10:56Z,SENS-005,Tank Bund Road,67,44.85,Drizzle
2026-04-25T05:15:28Z,SENS-007,Begumpet Flyover,54,31.54,Clear
2026-04-25T05:22:25Z,SENS-010,Secunderabad Clock Tower,37,50.61,Clear
2026-04-25T05:25:06Z,SENS-002,Gachibowli Junction,75,41.59,Light Rain
2026-04-25T05:37:15Z,SENS-001,Jubilee Hills Checkpost,71,16.39,Light Rain
2026-04-25T05:45:13Z,SENS-003,Ameerpet Crossroads,48,26.76,Drizzle
2026-04-25T05:49:11Z,SENS-005,Tank Bund Road,62,15.0,Heavy Rain
2026-04-25T05:49:39Z,SENS-003,Ameerpet Crossroads,67,38.29,Clear
2026-04-25T05:53:13Z,SENS-009,Kukatpally Housing Board,56,26.57,Drizzle
2026-04-25T05:57:31Z,SENS-004,Madhapur IT Corridor,55,41.81,Cloudy
2026-04-25T05:57:38Z,SENS-012,PVNR Expressway Toll,78,23.17,Light Rain
2026-04-25T06:09:28Z,SENS-009,Kukatpally Housing Board,86,34.62,Clear
2026-04-25T06:26:08Z,SENS-004,Madhapur IT Corridor,59,56.28,Cloudy
2026-04-25T06:31:49Z,SENS-001,Jubilee Hills Checkpost,66,32.53,Cloudy
2026-04-25T06:38:34Z,SENS-004,Madhapur IT Corridor,60,12.89,Heavy Rain
2026-04-25T06:39:13Z,SENS-011,Mehdipatnam Bus Stand,51,38.67,Cloudy
2026-04-25T06:41:50Z,SENS-012,PVNR Expressway Toll,64,34.61,Drizzle
2026-04-25T06:46:08Z,SENS-008,LB Nagar Crossroads,81,36.62,Clear
2026-04-25T06:48:12Z,SENS-003,Ameerpet Crossroads,37,46.19,Clear
2026-04-25T06:56:32Z,SENS-011,Mehdipatnam Bus Stand,77,45.8,Light Rain
2026-04-25T07:02:57Z,SENS-007,Begumpet Flyover,82,37.12,Cloudy
2026-04-25T07:03:01Z,SENS-005,Tank Bund Road,84,47.83,Clear
2026-04-25T07:04:56Z,SENS-006,Hitech City Signal,32,16.26,Light Rain
2026-04-25T07:09:31Z,SENS-002,Gachibowli Junction,80,28.35,Light Rain
2026-04-25T07:09:42Z,SENS-007,Begumpet Flyover,43,46.05,Light Rain
2026-04-25T07:09:54Z,SENS-007,Begumpet Flyover,67,52.0,Clear
2026-04-25T07:13:58Z,SENS-001,Jubilee Hills Checkpost,69,48.68,Clear
2026-04-25T07:15:30Z,SENS-004,Madhapur IT Corridor,38,25.33,Cloudy
2026-04-25T07:16:00Z,SENS-010,Secunderabad Clock Tower,76,17.1,Light Rain
2026-04-25T07:25:06Z,SENS-003,Ameerpet Crossroads,36,50.66,Clear
2026-04-25T07:29:30Z,SENS-008,LB Nagar Crossroads,35,57.11,Cloudy
2026-04-25T07:31:26Z,SENS-011,Mehdipatnam Bus Stand,46,41.47,Heavy Rain
2026-04-25T07:32:28Z,SENS-004,Madhapur IT Corridor,65,37.48,Cloudy
2026-04-25T07:36:04Z,SENS-004,Madhapur IT Corridor,64,25.48,Cloudy
2026-04-25T07:49:52Z,SENS-009,Kukatpally Housing Board,30,65.89,Cloudy
2026-04-25T07:52:17Z,SENS-010,Secunderabad Clock Tower,49,63.73,Clear
2026-04-25T07:54:35Z,SENS-009,Kukatpally Housing Board,86,44.35,Clear
2026-04-25T08:00:57Z,SENS-008,LB Nagar Crossroads,82,15.33,Clear
2026-04-25T08:06:33Z,SENS-009,Kukatpally Housing Board,84,10.94,Heavy Rain
2026-04-25T08:19:17Z,SENS-008,LB Nagar Crossroads,190,7.44,Cloudy
2026-04-25T08:19:56Z,SENS-002,Gachibowli Junction,83,16.05,Light Rain
2026-04-25T08:24:42Z,SENS-001,Jubilee Hills Checkpost,115,33.52,Clear
2026-04-25T08:24:46Z,SENS-008,LB Nagar Crossroads,180,9.53,Clear
2026-04-25T08:25:11Z,SENS-005,Tank Bund Road,79,23.56,Fog
2026-04-25T08:34:02Z,SENS-003,Ameerpet Crossroads,75,11.75,Heavy Rain
2026-04-25T08:44:05Z,SENS-004,Madhapur IT Corridor,83,37.26,Light Rain
2026-04-25T08:47:25Z,SENS-009,Kukatpally Housing Board,84,27.64,Cloudy
2026-04-25T08:48:22Z,SENS-005,Tank Bund Road,166,11.63,Cloudy
2026-04-25T08:53:11Z,SENS-009,Kukatpally Housing Board,183,23.63,Clear
2026-04-25T09:01:52Z,SENS-005,Tank Bund Road,129,14.88,Clear
2026-04-25T09:14:10Z,SENS-006,Hitech City Signal,120,39.25,Clear
2026-04-25T09:20:50Z,SENS-009,Kukatpally Housing Board,150,13.87,Light Rain
2026-04-25T09:26:45Z,SENS-005,Tank Bund Road,156,15.73,Clear
2026-04-25T09:29:31Z,SENS-011,Mehdipatnam Bus Stand,88,16.33,Clear
2026-04-25T09:39:04Z,SENS-007,Begumpet Flyover,116,18.63,Fog
2026-04-25T09:41:29Z,SENS-008,LB Nagar Crossroads,136,28.26,Clear
2026-04-25T09:41:41Z,SENS-001,Jubilee Hills Checkpost,158,15.4,Fog
2026-04-25T09:47:37Z,SENS-006,Hitech City Signal,156,13.25,Light Rain
2026-04-25T09:51:12Z,SENS-003,Ameerpet Crossroads,84,27.59,Light Rain
2026-04-25T09:52:16Z,SENS-008,LB Nagar Crossroads,140,13.55,Cloudy
2026-04-25T10:03:24Z,SENS-012,PVNR Expressway Toll,172,14.03,Cloudy
2026-04-25T10:14:30Z,SENS-002,Gachibowli Junction,132,10.82,Fog
2026-04-25T10:17:24Z,SENS-007,Begumpet Flyover,188,8.65,Cloudy
2026-04-25T10:20:38Z,SENS-005,Tank Bund Road,145,13.88,Clear
2026-04-25T10:28:49Z,SENS-003,Ameerpet Crossroads,79,19.36,Cloudy
2026-04-25T10:29:22Z,SENS-008,LB Nagar Crossroads,109,40.51,Clear
2026-04-25T10:29:40Z,SENS-008,LB Nagar Crossroads,102,41.27,Clear
2026-04-25T10:31:15Z,SENS-010,Secunderabad Clock Tower,117,11.81,Clear
2026-04-25T10:31:42Z,SENS-011,Mehdipatnam Bus Stand,122,9.37,Light Rain
2026-04-25T10:33:41Z,SENS-001,Jubilee Hills Checkpost,129,30.97,Clear
2026-04-25T10:36:30Z,SENS-005,Tank Bund Road,137,26.63,Drizzle
2026-04-25T10:39:07Z,SENS-004,Madhapur IT Corridor,187,9.58,Clear
2026-04-25T10:50:36Z,SENS-003,Ameerpet Crossroads,178,23.87,Clear
2026-04-25T10:52:03Z,SENS-006,Hitech City Signal,113,29.47,Clear
2026-04-25T10:53:47Z,SENS-004,Madhapur IT Corridor,148,7.17,Light Rain
2026-04-25T10:56:11Z,SENS-006,Hitech City Signal,84,18.41,Light Rain
2026-04-25T10:58:52Z,SENS-011,Mehdipatnam Bus Stand,166,8.13,Clear
2026-04-25T11:05:17Z,SENS-007,Begumpet Flyover,46,64.47,Clear
2026-04-25T11:07:26Z,SENS-002,Gachibowli Junction,72,17.57,Light Rain
2026-04-25T11:09:56Z,SENS-006,Hitech City Signal,71,38.44,Drizzle
2026-04-25T11:18:44Z,SENS-007,Begumpet Flyover,56,38.89,Heavy Rain
2026-04-25T11:25:26Z,SENS-004,Madhapur IT Corridor,74,26.21,Clear
2026-04-25T11:34:01Z,SENS-001,Jubilee Hills Checkpost,68,40.95,Light Rain
2026-04-25T11:38:06Z,SENS-007,Begumpet Flyover,63,33.51,Cloudy
2026-04-25T11:55:34Z,SENS-012,PVNR Expressway Toll,33,41.76,Cloudy
2026-04-25T11:55:43Z,SENS-003,Ameerpet Crossroads,67,26.66,Clear
2026-04-25T12:01:58Z,SENS-010,Secunderabad Clock Tower,39,36.21,Light Rain
2026-04-25T12:15:20Z,SENS-007,Begumpet Flyover,81,32.76,Cloudy
2026-04-25T12:25:13Z,SENS-008,LB Nagar Crossroads,36,46.74,Heavy Rain
2026-04-25T12:34:20Z,SENS-007,Begumpet Flyover,43,32.24,Cloudy
2026-04-25T12:34:33Z,SENS-002,Gachibowli Junction,67,14.59,Light Rain
2026-04-25T12:36:16Z,SENS-006,Hitech City Signal,37,18.28,Drizzle
2026-04-25T12:39:32Z,SENS-007,Begumpet Flyover,58,41.93,Light Rain
2026-04-25T12:43:52Z,SENS-002,Gachibowli Junction,31,14.02,Heavy Rain
2026-04-25T12:48:37Z,SENS-009,Kukatpally Housing Board,55,16.94,Heavy Rain
2026-04-25T12:50:41Z,SENS-005,Tank Bund Road,34,34.89,Clear
2026-04-25T12:56:12Z,SENS-007,Begumpet Flyover,33,38.16,Clear
2026-04-25T13:02:02Z,SENS-009,Kukatpally Housing Board,63,22.61,Heavy Rain
2026-04-25T13:05:47Z,SENS-001,Jubilee Hills Checkpost,72,21.85,Clear
2026-04-25T13:24:02Z,SENS-001,Jubilee Hills Checkpost,70,16.82,Clear
2026-04-25T13:24:03Z,SENS-007,Begumpet Flyover,42,41.22,Heavy Rain
2026-04-25T13:25:26Z,SENS-002,Gachibowli Junction,64,38.15,Clear
2026-04-25T13:26:04Z,SENS-010,Secunderabad Clock Tower,56,33.58,Clear
2026-04-25T13:28:52Z,SENS-007,Begumpet Flyover,57,13.34,Fog
2026-04-25T13:30:58Z,SENS-006,Hitech City Signal,63,41.37,Light Rain
2026-04-25T13:33:12Z,SENS-002,Gachibowli Junction,66,13.04,Heavy Rain
2026-04-25T13:35:21Z,SENS-002,Gachibowli Junction,68,36.75,Cloudy
2026-04-25T13:49:19Z,SENS-002,Gachibowli Junction,53,18.86,Clear
2026-04-25T13:57:29Z,SENS-006,Hitech City Signal,48,20.21,Clear
2026-04-25T14:06:01Z,SENS-010,Secunderabad Clock Tower,63,47.4,Cloudy
2026-04-25T14:13:43Z,SENS-009,Kukatpally Housing Board,52,16.89,Heavy Rain
2026-04-25T14:23:42Z,SENS-002,Gachibowli Junction,65,30.2,Light Rain
2026-04-25T14:26:50Z,SENS-011,Mehdipatnam Bus Stand,45,53.14,Light Rain
2026-04-25T14:28:27Z,SENS-006,Hitech City Signal,63,45.01,Clear
2026-04-25T14:35:18Z,SENS-011,Mehdipatnam Bus Stand,41,36.91,Fog
2026-04-25T14:35:46Z,SENS-011,Mehdipatnam Bus Stand,68,35.76,Light Rain
2026-04-25T14:37:21Z,SENS-001,Jubilee Hills Checkpost,65,25.58,Cloudy
2026-04-25T14:42:44Z,SENS-009,Kukatpally Housing Board,50,29.37,Clear
2026-04-25T14:42:50Z,SENS-010,Secunderabad Clock Tower,41,23.23,Clear
2026-04-25T14:44:25Z,SENS-009,Kukatpally Housing Board,45,23.89,Light Rain
2026-04-25T14:57:33Z,SENS-011,Mehdipatnam Bus Stand,79,50.66,Clear
2026-04-25T14:57:47Z,SENS-004,Madhapur IT Corridor,40,14.76,Fog
2026-04-25T14:58:34Z,SENS-001,Jubilee Hills Checkpost,67,17.58,Light Rain
2026-04-25T14:59:35Z,SENS-004,Madhapur IT Corridor,70,47.18,Clear
2026-04-25T15:12:41Z,SENS-003,Ameerpet Crossroads,30,39.79,Cloudy
2026-04-25T15:16:56Z,SENS-001,Jubilee Hills Checkpost,72,28.33,Cloudy
2026-04-25T15:19:21Z,SENS-006,Hitech City Signal,41,21.63,Cloudy
2026-04-25T15:25:36Z,SENS-012,PVNR Expressway Toll,49,20.68,Clear
2026-04-25T15:33:21Z,SENS-002,Gachibowli Junction,34,29.45,Clear
2026-04-25T15:33:39Z,SENS-007,Begumpet Flyover,30,25.55,Fog
2026-04-25T15:37:39Z,SENS-004,Madhapur IT Corridor,62,28.46,Clear
2026-04-25T15:40:00Z,SENS-007,Begumpet Flyover,40,39.82,Heavy Rain
2026-04-25T15:43:34Z,SENS-004,Madhapur IT Corridor,39,35.03,Clear
2026-04-25T15:45:56Z,SENS-009,Kukatpally Housing Board,55,53.38,Clear
2026-04-25T15:48:43Z,SENS-002,Gachibowli Junction,34,46.85,Light Rain
2026-04-25T15:52:56Z,SENS-002,Gachibowli Junction,51,50.66,Cloudy
2026-04-25T15:55:56Z,SENS-012,PVNR Expressway Toll,64,52.57,Clear
2026-04-25T15:55:58Z,SENS-007,Begumpet Flyover,44,21.36,Fog
2026-04-25T15:56:10Z,SENS-002,Gachibowli Junction,54,55.47,Clear
2026-04-25T15:56:27Z,SENS-012,PVNR Expressway Toll,40,12.53,Heavy Rain
2026-04-25T16:01:19Z,SENS-004,Madhapur IT Corridor,41,32.76,Clear
2026-04-25T16:07:25Z,SENS-003,Ameerpet Crossroads,34,28.64,Light Rain
2026-04-25T16:10:32Z,SENS-004,Madhapur IT Corridor,66,27.55,Light Rain
2026-04-25T16:25:05Z,SENS-002,Gachibowli Junction,48,21.27,Drizzle
2026-04-25T16:34:48Z,SENS-003,Ameerpet Crossroads,32,23.9,Cloudy
2026-04-25T16:37:40Z,SENS-004,Madhapur IT Corridor,34,41.65,Clear
2026-04-25T16:44:38Z,SENS-012,PVNR Expressway Toll,81,44.93,Cloudy
2026-04-25T16:45:40Z,SENS-002,Gachibowli Junction,73,35.05,Light Rain
2026-04-25T16:56:19Z,SENS-002,Gachibowli Junction,45,52.04,Light Rain
2026-04-25T17:05:40Z,SENS-004,Madhapur IT Corridor,171,19.21,Clear
2026-04-25T17:22:13Z,SENS-004,Madhapur IT Corridor,140,33.28,Cloudy
2026-04-25T17:24:12Z,SENS-005,Tank Bund Road,75,17.92,Heavy Rain
2026-04-25T17:26:21Z,SENS-001,Jubilee Hills Checkpost,92,16.16,Clear
2026-04-25T17:30:43Z,SENS-012,PVNR Expressway Toll,101,22.16,Cloudy
2026-04-25T17:33:36Z,SENS-002,Gachibowli Junction,152,21.72,Clear
2026-04-25T17:33:51Z,SENS-006,Hitech City Signal,163,13.11,Clear
2026-04-25T17:39:34Z,SENS-006,Hitech City Signal,107,30.41,Heavy Rain
2026-04-25T17:42:42Z,SENS-010,Secunderabad Clock Tower,171,16.64,Clear
2026-04-25T17:47:30Z,SENS-002,Gachibowli Junction,131,19.53,Clear
2026-04-25T17:48:01Z,SENS-011,Mehdipatnam Bus Stand,140,17.24,Cloudy
2026-04-25T17:59:29Z,SENS-007,Begumpet Flyover,137,9.02,Cloudy
2026-04-25T18:10:02Z,SENS-004,Madhapur IT Corridor,125,16.67,Fog
2026-04-25T18:15:33Z,SENS-007,Begumpet Flyover,171,7.52,Light Rain
2026-04-25T18:17:39Z,SENS-009,Kukatpally Housing Board,141,11.94,Heavy Rain
2026-04-25T18:18:01Z,SENS-012,PVNR Expressway Toll,142,23.27,Clear
2026-04-25T18:18:02Z,SENS-011,Mehdipatnam Bus Stand,104,18.7,Fog
2026-04-25T18:34:30Z,SENS-011,Mehdipatnam Bus Stand,183,22.99,Clear
2026-04-25T18:41:44Z,SENS-002,Gachibowli Junction,105,22.05,Heavy Rain
2026-04-25T18:42:46Z,SENS-007,Begumpet Flyover,144,11.16,Clear
2026-04-25T18:44:48Z,SENS-006,Hitech City Signal,158,9.58,Cloudy
2026-04-25T18:49:35Z,SENS-003,Ameerpet Crossroads,103,26.18,Cloudy
2026-04-25T18:50:04Z,SENS-009,Kukatpally Housing Board,91,23.2,Light Rain
2026-04-25T18:52:16Z,SENS-004,Madhapur IT Corridor,171,15.23,Cloudy
2026-04-25T18:59:00Z,SENS-005,Tank Bund Road,121,23.56,Clear
2026-04-25T19:00:02Z,SENS-004,Madhapur IT Corridor,107,12.72,Cloudy
2026-04-25T19:02:37Z,SENS-003,Ameerpet Crossroads,190,9.14,Clear
2026-04-25T19:12:10Z,SENS-005,Tank Bund Road,159,22.82,Cloudy
2026-04-25T19:17:54Z,SENS-009,Kukatpally Housing Board,113,11.15,Clear
2026-04-25T19:20:49Z,SENS-003,Ameerpet Crossroads,114,15.47,Clear
2026-04-25T19:23:52Z,SENS-002,Gachibowli Junction,119,15.64,Clear
2026-04-25T19:32:19Z,SENS-007,Begumpet Flyover,116,30.08,Clear
2026-04-25T19:33:28Z,SENS-003,Ameerpet Crossroads,178,17.05,Cloudy
2026-04-25T19:37:27Z,SENS-009,Kukatpally Housing Board,144,15.35,Cloudy
2026-04-25T19:37:39Z,SENS-008,LB Nagar Crossroads,100,43.17,Clear
2026-04-25T19:39:37Z,SENS-009,Kukatpally Housing Board,81,41.88,Clear
2026-04-25T19:48:12Z,SENS-005,Tank Bund Road,117,24.27,Cloudy
2026-04-25T19:51:30Z,SENS-012,PVNR Expressway Toll,108,24.26,Cloudy
2026-04-25T19:54:09Z,SENS-012,PVNR Expressway Toll,86,41.82,Cloudy
2026-04-25T19:54:41Z,SENS-005,Tank Bund Road,183,17.87,Cloudy
2026-04-25T19:56:08Z,SENS-003,Ameerpet Crossroads,162,13.06,Clear
2026-04-25T20:04:40Z,SENS-004,Madhapur IT Corridor,51,21.22,Clear
2026-04-25T20:10:12Z,SENS-012,PVNR Expressway Toll,46,57.38,Cloudy
2026-04-25T20:16:14Z,SENS-004,Madhapur IT Corridor,37,53.94,Drizzle
2026-04-25T20:17:14Z,SENS-008,LB Nagar Crossroads,47,59.08,Clear
2026-04-25T20:29:47Z,SENS-003,Ameerpet Crossroads,28,19.61,Heavy Rain
2026-04-25T20:30:26Z,SENS-009,Kukatpally Housing Board,60,41.04,Light Rain
2026-04-25T20:34:07Z,SENS-004,Madhapur IT Corridor,51,29.32,Fog
2026-04-25T20:37:54Z,SENS-007,Begumpet Flyover,27,19.82,Light Rain
2026-04-25T20:40:16Z,SENS-008,LB Nagar Crossroads,36,63.99,Clear
2026-04-25T20:48:10Z,SENS-006,Hitech City Signal,58,16.64,Clear
2026-04-25T20:50:19Z,SENS-001,Jubilee Hills Checkpost,47,54.64,Cloudy
2026-04-25T20:50:41Z,SENS-012,PVNR Expressway Toll,45,39.25,Light Rain
2026-04-25T20:59:17Z,SENS-004,Madhapur IT Corridor,38,23.6,Cloudy
2026-04-25T20:59:22Z,SENS-008,LB Nagar Crossroads,44,33.98,Fog
2026-04-25T21:03:48Z,SENS-007,Begumpet Flyover,39,25.87,Fog
2026-04-25T21:10:35Z,SENS-004,Madhapur IT Corridor,50,27.22,Clear
2026-04-25T21:16:36Z,SENS-003,Ameerpet Crossroads,74,20.13,Cloudy
2026-04-25T21:21:05Z,SENS-012,PVNR Expressway Toll,40,20.25,Clear
2026-04-25T21:32:56Z,SENS-003,Ameerpet Crossroads,48,19.19,Heavy Rain
2026-04-25T21:33:26Z,SENS-004,Madhapur IT Corridor,35,41.53,Light Rain
2026-04-25T21:37:45Z,SENS-002,Gachibowli Junction,33,27.19,Cloudy
2026-04-25T21:39:07Z,SENS-007,Begumpet Flyover,77,26.89,Clear
2026-04-25T21:39:35Z,SENS-006,Hitech City Signal,54,30.13,Fog
2026-04-25T21:44:15Z,SENS-006,Hitech City Signal,85,28.59,Cloudy
2026-04-25T21:50:53Z,SENS-010,Secunderabad Clock Tower,68,52.57,Cloudy
2026-04-25T21:54:50Z,SENS-005,Tank Bund Road,50,22.78,Cloudy
2026-04-25T21:56:07Z,SENS-008,LB Nagar Crossroads,54,39.01,Fog
2026-04-25T22:05:26Z,SENS-008,LB Nagar Crossroads,27,61.82,Clear
2026-04-25T22:07:40Z,SENS-007,Begumpet Flyover,31,33.26,Cloudy
2026-04-25T22:08:26Z,SENS-007,Begumpet Flyover,10,58.5,Cloudy
2026-04-25T22:22:59Z,SENS-006,Hitech City Signal,20,49.98,Light Rain
2026-04-25T22:28:05Z,SENS-012,PVNR Expressway Toll,21,18.63,Heavy Rain
2026-04-25T22:31:47Z,SENS-002,Gachibowli Junction,31,28.41,Light Rain
2026-04-25T22:37:46Z,SENS-009,Kukatpally Housing Board,6,22.57,Light Rain
2026-04-25T22:46:17Z,SENS-010,Secunderabad Clock Tower,27,29.28,Clear
2026-04-25T22:46:31Z,SENS-008,LB Nagar Crossroads,34,20.42,Drizzle
2026-04-25T22:50:04Z,SENS-004,Madhapur IT Corridor,26,23.46,Clear
2026-04-25T23:04:13Z,SENS-007,Begumpet Flyover,27,33.83,Cloudy
2026-04-25T23:04:24Z,SENS-001,Jubilee Hills Checkpost,23,32.58,Clear
2026-04-25T23:06:38Z,SENS-007,Begumpet Flyover,13,45.07,Clear
2026-04-25T23:09:35Z,SENS-011,Mehdipatnam Bus Stand,26,20.11,Clear
2026-04-25T23:11:02Z,SENS-010,Secunderabad Clock Tower,31,47.06,Clear
2026-04-25T23:16:05Z,SENS-011,Mehdipatnam Bus Stand,29,39.62,Light Rain
2026-04-25T23:16:26Z,SENS-001,Jubilee Hills Checkpost,31,45.55,Clear
2026-04-25T23:16:47Z,SENS-008,LB Nagar Crossroads,11,37.45,Cloudy
2026-04-25T23:30:24Z,SENS-001,Jubilee Hills Checkpost,18,42.08,Cloudy
2026-04-25T23:38:33Z,SENS-010,Secunderabad Clock Tower,31,27.01,Clear
2026-04-25T23:43:45Z,SENS-005,Tank Bund Road,20,36.44,Clear
2026-04-25T23:44:41Z,SENS-008,LB Nagar Crossroads,27,58.0,Cloudy
2026-04-25T23:55:10Z,SENS-009,Kukatpally Housing Board,5,46.7,Fog
2026-04-26T00:05:18Z,SENS-008,LB Nagar Crossroads,25,49.0,Clear
2026-04-26T00:12:00Z,SENS-012,PVNR Expressway Toll,27,49.67,Light Rain
2026-04-26T00:20:57Z,SENS-011,Mehdipatnam Bus Stand,8,63.5,Clear
2026-04-26T00:21:47Z,SENS-010,Secunderabad Clock Tower,27,53.73,Light Rain
2026-04-26T00:29:39Z,SENS-006,Hitech City Signal,24,18.37,Heavy Rain
2026-04-26T00:29:59Z,SENS-005,Tank Bund Road,10,62.49,Drizzle
2026-04-26T00:30:58Z,SENS-011,Mehdipatnam Bus Stand,29,27.73,Light Rain
2026-04-26T00:31:19Z,SENS-006,Hitech City Signal,6,51.15,Clear
2026-04-26T00:37:00Z,SENS-012,PVNR Expressway Toll,35,44.52,Cloudy
2026-04-26T00:37:25Z,SENS-006,Hitech City Signal,34,61.02,Clear
2026-04-26T00:38:26Z,SENS-001,Jubilee Hills Checkpost,21,21.86,Clear
2026-04-26T00:47:35Z,SENS-001,Jubilee Hills Checkpost,27,38.36,Clear
2026-04-26T00:49:08Z,SENS-006,Hitech City Signal,23,31.74,Fog
2026-04-26T00:50:43Z,SENS-012,PVNR Expressway Toll,29,21.75,Clear
2026-04-26T00:53:07Z,SENS-010,Secunderabad Clock Tower,27,53.6,Cloudy
2026-04-26T00:56:27Z,SENS-006,Hitech City Signal,7,69.59,Clear
2026-04-26T01:01:17Z,SENS-006,Hitech City Signal,12,50.99,Cloudy
2026-04-26T01:03:02Z,SENS-009,Kukatpally Housing Board,9,30.51,Fog
2026-04-26T01:03:23Z,SENS-009,Kukatpally Housing Board,31,28.12,Light Rain
2026-04-26T01:06:38Z,SENS-011,Mehdipatnam Bus Stand,28,20.44,Cloudy
2026-04-26T01:07:02Z,SENS-004,Madhapur IT Corridor,8,47.53,Fog
2026-04-26T01:08:37Z,SENS-012,PVNR Expressway Toll,30,36.93,Clear
2026-04-26T01:26:43Z,SENS-010,Secunderabad Clock Tower,29,48.26,Heavy Rain
2026-04-26T01:28:36Z,SENS-002,Gachibowli Junction,19,66.03,Clear
2026-04-26T01:34:43Z,SENS-006,Hitech City Signal,24,42.33,Cloudy
2026-04-26T01:44:01Z,SENS-004,Madhapur IT Corridor,31,60.91,Clear
2026-04-26T01:47:43Z,SENS-010,Secunderabad Clock Tower,26,37.91,Light Rain
2026-04-26T01:48:37Z,SENS-004,Madhapur IT Corridor,9,16.88,Light Rain
2026-04-26T01:53:24Z,SENS-004,Madhapur IT Corridor,37,21.59,Clear
2026-04-26T02:16:40Z,SENS-005,Tank Bund Road,15,46.25,Heavy Rain
2026-04-26T02:21:11Z,SENS-009,Kukatpally Housing Board,20,24.73,Fog
2026-04-26T02:22:16Z,SENS-004,Madhapur IT Corridor,14,74.4,Clear
2026-04-26T02:23:54Z,SENS-012,PVNR Expressway Toll,27,48.42,Clear
2026-04-26T02:27:59Z,SENS-012,PVNR Expressway Toll,20,27.96,Drizzle
2026-04-26T02:29:14Z,SENS-002,Gachibowli Junction,19,58.59,Drizzle
2026-04-26T02:36:41Z,SENS-007,Begumpet Flyover,25,60.21,Light Rain
2026-04-26T02:37:53Z,SENS-008,LB Nagar Crossroads,21,23.41,Cloudy
2026-04-26T02:38:41Z,SENS-003,Ameerpet Crossroads,12,54.16,Clear
2026-04-26T02:39:15Z,SENS-008,LB Nagar Crossroads,18,41.3,Clear
2026-04-26T02:39:19Z,SENS-007,Begumpet Flyover,16,21.1,Clear
2026-04-26T02:46:39Z,SENS-006,Hitech City Signal,9,46.95,Light Rain
2026-04-26T02:52:38Z,SENS-001,Jubilee Hills Checkpost,30,27.31,Clear
2026-04-26T02:55:05Z,SENS-002,Gachibowli Junction,33,22.97,Cloudy
2026-04-26T03:00:45Z,SENS-011,Mehdipatnam Bus Stand,11,40.73,Fog
2026-04-26T03:17:36Z,SENS-001,Jubilee Hills Checkpost,33,64.76,Clear
2026-04-26T03:32:50Z,SENS-005,Tank Bund Road,21,33.57,Clear
2026-04-26T03:35:51Z,SENS-011,Mehdipatnam Bus Stand,14,46.73,Cloudy
2026-04-26T03:42:20Z,SENS-001,Jubilee Hills Checkpost,6,46.51,Heavy Rain
2026-04-26T03:49:41Z,SENS-012,PVNR Expressway Toll,6,37.84,Light Rain
2026-04-26T03:55:15Z,SENS-007,Begumpet Flyover,14,21.02,Cloudy
2026-04-26T03:57:07Z,SENS-008,LB Nagar Crossroads,16,43.76,Light Rain
2026-04-26T04:01:00Z,SENS-003,Ameerpet Crossroads,27,27.01,Cloudy
2026-04-26T04:02:23Z,SENS-001,Jubilee Hills Checkpost,25,44.37,Heavy Rain
2026-04-26T04:07:00Z,SENS-008,LB Nagar Crossroads,5,19.6,Fog
2026-04-26T04:07:22Z,SENS-001,Jubilee Hills Checkpost,25,34.84,Clear
2026-04-26T04:11:31Z,SENS-012,PVNR Expressway Toll,28,34.67,Cloudy
2026-04-26T04:14:21Z,SENS-008,LB Nagar Crossroads,34,26.04,Light Rain
2026-04-26T04:20:06Z,SENS-009,Kukatpally Housing Board,6,30.07,Light Rain
2026-04-26T04:33:32Z,SENS-006,Hitech City Signal,10,46.09,Heavy Rain
2026-04-26T04:35:26Z,SENS-005,Tank Bund Road,34,22.81,Light Rain
2026-04-26T04:37:29Z,SENS-006,Hitech City Signal,23,24.73,Cloudy
2026-04-26T04:38:04Z,SENS-003,Ameerpet Crossroads,8,31.82,Light Rain
2026-04-26T04:45:13Z,SENS-006,Hitech City Signal,13,71.96,Cloudy
2026-04-26T04:46:47Z,SENS-001,Jubilee Hills Checkpost,24,44.28,Fog
2026-04-26T04:53:53Z,SENS-009,Kukatpally Housing Board,25,40.06,Clear
2026-04-26T04:54:11Z,SENS-006,Hitech City Signal,33,63.45,Clear
2026-04-26T04:54:19Z,SENS-001,Jubilee Hills Checkpost,32,55.75,Clear
2026-04-26T04:55:01Z,SENS-006,Hitech City Signal,27,35.08,Clear
2026-04-26T04:56:01Z,SENS-003,Ameerpet Crossroads,13,31.48,Clear
2026-04-26T04:56:47Z,SENS-001,Jubilee Hills Checkpost,12,23.92,Cloudy
2026-04-26T04:56:59Z,SENS-012,PVNR Expressway Toll,37,27.93,Cloudy
2026-04-26T04:57:48Z,SENS-005,Tank Bund Road,5,53.77,Clear
2026-04-26T04:58:48Z,SENS-002,Gachibowli Junction,11,36.61,Light Rain
2026-04-26T05:00:15Z,SENS-003,Ameerpet Crossroads,79,20.8,Light Rain
2026-04-26T05:05:31Z,SENS-009,Kukatpally Housing Board,33,25.67,Light Rain
2026-04-26T05:09:24Z,SENS-011,Mehdipatnam Bus Stand,33,43.93,Cloudy
2026-04-26T05:14:16Z,SENS-003,Ameerpet Crossroads,68,25.59,Fog
2026-04-26T05:14:26Z,SENS-006,Hitech City Signal,45,50.38,Light Rain
2026-04-26T05:14:58Z,SENS-001,Jubilee Hills Checkpost,30,28.23,Light Rain
2026-04-26T05:24:00Z,SENS-002,Gachibowli Junction,54,45.82,Clear
2026-04-26T05:26:32Z,SENS-012,PVNR Expressway Toll,41,53.28,Light Rain
2026-04-26T05:35:25Z,SENS-007,Begumpet Flyover,33,52.56,Drizzle
2026-04-26T05:40:42Z,SENS-002,Gachibowli Junction,42,40.45,Heavy Rain
2026-04-26T05:56:21Z,SENS-006,Hitech City Signal,36,23.94,Cloudy
2026-04-26T06:00:37Z,SENS-006,Hitech City Signal,30,61.1,Cloudy
2026-04-26T06:03:59Z,SENS-011,Mehdipatnam Bus Stand,85,36.81,Cloudy
2026-04-26T06:04:10Z,SENS-008,LB Nagar Crossroads,54,38.3,Light Rain
2026-04-26T06:11:18Z,SENS-009,Kukatpally Housing Board,30,23.08,Light Rain
2026-04-26T06:11:38Z,SENS-004,Madhapur IT Corridor,57,34.9,Heavy Rain
2026-04-26T06:18:15Z,SENS-008,LB Nagar Crossroads,34,68.47,Clear
2026-04-26T06:19:46Z,SENS-003,Ameerpet Crossroads,68,19.09,Cloudy
2026-04-26T06:20:18Z,SENS-004,Madhapur IT Corridor,63,36.37,Cloudy
2026-04-26T06:20:55Z,SENS-005,Tank Bund Road,30,43.35,Light Rain
2026-04-26T06:22:37Z,SENS-012,PVNR Expressway Toll,57,36.9,Cloudy
2026-04-26T06:27:16Z,SENS-010,Secunderabad Clock Tower,71,17.7,Clear
2026-04-26T06:30:50Z,SENS-008,LB Nagar Crossroads,30,13.29,Fog
2026-04-26T06:32:05Z,SENS-001,Jubilee Hills Checkpost,60,46.74,Light Rain
2026-04-26T06:36:16Z,SENS-009,Kukatpally Housing Board,50,21.05,Light Rain
2026-04-26T06:40:22Z,SENS-005,Tank Bund Road,77,28.06,Cloudy
2026-04-26T06:41:16Z,SENS-009,Kukatpally Housing Board,84,26.36,Cloudy
2026-04-26T06:42:09Z,SENS-010,Secunderabad Clock Tower,32,20.57,Cloudy
2026-04-26T06:43:04Z,SENS-012,PVNR Expressway Toll,68,47.67,Clear
2026-04-26T06:44:48Z,SENS-008,LB Nagar Crossroads,45,46.49,Cloudy
2026-04-26T06:53:04Z,SENS-005,Tank Bund Road,63,17.61,Fog
2026-04-26T06:56:16Z,SENS-001,Jubilee Hills Checkpost,30,36.2,Light Rain
2026-04-26T06:57:43Z,SENS-002,Gachibowli Junction,81,22.42,Cloudy
2026-04-26T07:04:07Z,SENS-009,Kukatpally Housing Board,41,61.13,Clear
2026-04-26T07:22:32Z,SENS-002,Gachibowli Junction,47,33.71,Cloudy
2026-04-26T07:41:17Z,SENS-005,Tank Bund Road,56,21.24,Cloudy
2026-04-26T07:44:43Z,SENS-006,Hitech City Signal,32,19.12,Cloudy
2026-04-26T07:48:36Z,SENS-011,Mehdipatnam Bus Stand,40,36.55,Cloudy
2026-04-26T07:50:31Z,SENS-005,Tank Bund Road,60,21.61,Heavy Rain
2026-04-26T07:50:57Z,SENS-011,Mehdipatnam Bus Stand,41,29.32,Cloudy
2026-04-26T08:00:19Z,SENS-001,Jubilee Hills Checkpost,198,10.5,Clear
2026-04-26T08:02:52Z,SENS-002,Gachibowli Junction,150,18.93,Fog
2026-04-26T08:13:22Z,SENS-011,Mehdipatnam Bus Stand,140,12.08,Light Rain
2026-04-26T08:24:19Z,SENS-010,Secunderabad Clock Tower,162,12.34,Clear
2026-04-26T08:24:35Z,SENS-011,Mehdipatnam Bus Stand,150,17.33,Cloudy
2026-04-26T08:27:30Z,SENS-005,Tank Bund Road,137,30.54,Light Rain
2026-04-26T08:34:49Z,SENS-001,Jubilee Hills Checkpost,107,15.68,Light Rain
2026-04-26T08:38:25Z,SENS-001,Jubilee Hills Checkpost,127,15.05,Cloudy
2026-04-26T08:39:56Z,SENS-011,Mehdipatnam Bus Stand,92,16.94,Clear
2026-04-26T08:45:54Z,SENS-008,LB Nagar Crossroads,82,24.02,Cloudy
2026-04-26T08:49:50Z,SENS-003,Ameerpet Crossroads,165,23.1,Cloudy
2026-04-26T09:03:25Z,SENS-001,Jubilee Hills Checkpost,69,38.89,Heavy Rain
2026-04-26T09:08:27Z,SENS-012,PVNR Expressway Toll,98,14.35,Heavy Rain
2026-04-26T09:13:19Z,SENS-002,Gachibowli Junction,81,26.36,Clear
2026-04-26T09:16:33Z,SENS-001,Jubilee Hills Checkpost,109,15.06,Clear
2026-04-26T09:27:28Z,SENS-009,Kukatpally Housing Board,65,30.55,Heavy Rain
2026-04-26T09:29:58Z,SENS-010,Secunderabad Clock Tower,184,17.9,Cloudy
2026-04-26T09:32:52Z,SENS-006,Hitech City Signal,170,9.58,Cloudy
2026-04-26T09:38:39Z,SENS-003,Ameerpet Crossroads,147,16.2,Light Rain
2026-04-26T09:39:05Z,SENS-011,Mehdipatnam Bus Stand,177,22.84,Clear
2026-04-26T09:46:36Z,SENS-010,Secunderabad Clock Tower,153,22.06,Light Rain
2026-04-26T09:50:39Z,SENS-008,LB Nagar Crossroads,121,37.42,Clear
2026-04-26T09:52:11Z,SENS-011,Mehdipatnam Bus Stand,150,25.94,Cloudy
2026-04-26T09:52:25Z,SENS-003,Ameerpet Crossroads,152,21.24,Clear
2026-04-26T09:54:03Z,SENS-003,Ameerpet Crossroads,128,14.52,Cloudy
2026-04-26T09:56:36Z,SENS-012,PVNR Expressway Toll,170,8.97,Light Rain
2026-04-26T10:05:14Z,SENS-010,Secunderabad Clock Tower,194,13.67,Clear
2026-04-26T10:06:36Z,SENS-011,Mehdipatnam Bus Stand,73,16.47,Fog
2026-04-26T10:07:55Z,SENS-011,Mehdipatnam Bus Stand,153,8.91,Light Rain
2026-04-26T10:12:25Z,SENS-004,Madhapur IT Corridor,121,24.84,Fog
2026-04-26T10:13:21Z,SENS-004,Madhapur IT Corridor,128,20.92,Fog
2026-04-26T10:13:34Z,SENS-002,Gachibowli Junction,83,34.41,Clear
2026-04-26T10:14:46Z,SENS-007,Begumpet Flyover,81,39.57,Drizzle
2026-04-26T10:31:22Z,SENS-011,Mehdipatnam Bus Stand,188,17.13,Cloudy
2026-04-26T10:42:39Z,SENS-004,Madhapur IT Corridor,154,19.19,Drizzle
2026-04-26T10:47:52Z,SENS-011,Mehdipatnam Bus Stand,103,32.27,Drizzle
2026-04-26T10:49:23Z,SENS-012,PVNR Expressway Toll,171,18.19,Light Rain
2026-04-26T10:52:44Z,SENS-007,Begumpet Flyover,161,13.73,Clear
2026-04-26T10:55:31Z,SENS-010,Secunderabad Clock Tower,190,15.18,Cloudy
2026-04-26T10:59:43Z,SENS-012,PVNR Expressway Toll,188,20.61,Cloudy
2026-04-26T11:00:30Z,SENS-011,Mehdipatnam Bus Stand,80,46.54,Drizzle
2026-04-26T11:02:38Z,SENS-004,Madhapur IT Corridor,74,21.56,Cloudy
2026-04-26T11:08:10Z,SENS-010,Secunderabad Clock Tower,66,23.22,Light Rain
2026-04-26T11:09:50Z,SENS-011,Mehdipatnam Bus Stand,41,53.34,Clear
2026-04-26T11:11:22Z,SENS-005,Tank Bund Road,69,31.5,Fog
2026-04-26T11:13:30Z,SENS-012,PVNR Expressway Toll,49,17.84,Light Rain
2026-04-26T11:16:54Z,SENS-008,LB Nagar Crossroads,64,18.44,Clear
2026-04-26T11:21:10Z,SENS-005,Tank Bund Road,58,56.87,Clear
2026-04-26T11:22:17Z,SENS-012,PVNR Expressway Toll,63,13.82,Heavy Rain
2026-04-26T11:29:37Z,SENS-008,LB Nagar Crossroads,65,35.6,Clear
2026-04-26T11:31:12Z,SENS-003,Ameerpet Crossroads,72,21.67,Light Rain
2026-04-26T11:33:05Z,SENS-001,Jubilee Hills Checkpost,30,14.08,Heavy Rain
2026-04-26T11:47:31Z,SENS-004,Madhapur IT Corridor,72,52.32,Cloudy
2026-04-26T12:01:54Z,SENS-008,LB Nagar Crossroads,82,51.8,Clear
2026-04-26T12:09:58Z,SENS-006,Hitech City Signal,60,38.19,Heavy Rain
2026-04-26T12:12:16Z,SENS-003,Ameerpet Crossroads,56,28.01,Clear
2026-04-26T12:14:54Z,SENS-012,PVNR Expressway Toll,51,23.19,Clear
2026-04-26T12:21:31Z,SENS-010,Secunderabad Clock Tower,31,17.43,Light Rain
2026-04-26T12:30:16Z,SENS-005,Tank Bund Road,36,24.36,Cloudy
2026-04-26T12:32:17Z,SENS-009,Kukatpally Housing Board,41,22.36,Cloudy
2026-04-26T12:34:29Z,SENS-008,LB Nagar Crossroads,35,20.23,Light Rain
2026-04-26T12:34:42Z,SENS-005,Tank Bund Road,75,17.14,Clear
2026-04-26T12:39:24Z,SENS-006,Hitech City Signal,65,48.09,Cloudy
2026-04-26T12:39:48Z,SENS-003,Ameerpet Crossroads,57,51.33,Drizzle
2026-04-26T13:01:53Z,SENS-007,Begumpet Flyover,56,37.45,Cloudy
2026-04-26T13:03:08Z,SENS-006,Hitech City Signal,84,42.27,Clear
2026-04-26T13:04:34Z,SENS-009,Kukatpally Housing Board,35,36.57,Clear
2026-04-26T13:22:08Z,SENS-004,Madhapur IT Corridor,36,33.83,Cloudy
2026-04-26T13:23:20Z,SENS-001,Jubilee Hills Checkpost,42,50.47,Light Rain
2026-04-26T13:30:06Z,SENS-008,LB Nagar Crossroads,57,18.19,Fog
2026-04-26T13:30:41Z,SENS-001,Jubilee Hills Checkpost,36,42.41,Cloudy
2026-04-26T13:34:41Z,SENS-003,Ameerpet Crossroads,54,47.42,Clear
2026-04-26T13:38:12Z,SENS-007,Begumpet Flyover,67,29.13,Clear
2026-04-26T13:44:39Z,SENS-004,Madhapur IT Corridor,43,35.93,Cloudy
2026-04-26T13:44:41Z,SENS-006,Hitech City Signal,54,25.43,Clear
2026-04-26T13:54:53Z,SENS-011,Mehdipatnam Bus Stand,59,45.56,Cloudy
2026-04-26T13:58:07Z,SENS-005,Tank Bund Road,39,59.98,Clear
2026-04-26T14:17:00Z,SENS-004,Madhapur IT Corridor,45,27.8,Light Rain
2026-04-26T14:19:06Z,SENS-009,Kukatpally Housing Board,53,19.81,Cloudy
2026-04-26T14:19:50Z,SENS-003,Ameerpet Crossroads,65,50.31,Clear
2026-04-26T14:23:28Z,SENS-006,Hitech City Signal,48,29.48,Light Rain
2026-04-26T14:25:21Z,SENS-007,Begumpet Flyover,37,62.02,Cloudy
2026-04-26T14:38:13Z,SENS-003,Ameerpet Crossroads,55,21.43,Clear
2026-04-26T14:44:55Z,SENS-012,PVNR Expressway Toll,54,45.85,Clear
2026-04-26T14:45:05Z,SENS-001,Jubilee Hills Checkpost,43,44.76,Clear
2026-04-26T14:45:34Z,SENS-006,Hitech City Signal,79,32.48,Clear
2026-04-26T14:46:37Z,SENS-010,Secunderabad Clock Tower,36,24.03,Fog
2026-04-26T14:50:20Z,SENS-007,Begumpet Flyover,87,42.23,Clear
2026-04-26T14:52:11Z,SENS-008,LB Nagar Crossroads,32,21.26,Clear
2026-04-26T15:03:16Z,SENS-007,Begumpet Flyover,35,33.44,Fog
2026-04-26T15:05:08Z,SENS-003,Ameerpet Crossroads,63,12.09,Heavy Rain
2026-04-26T15:15:01Z,SENS-012,PVNR Expressway Toll,65,47.65,Cloudy
2026-04-26T15:17:15Z,SENS-007,Begumpet Flyover,59,42.1,Light Rain
2026-04-26T15:18:08Z,SENS-006,Hitech City Signal,38,35.29,Cloudy
2026-04-26T15:18:20Z,SENS-006,Hitech City Signal,50,63.71,Clear
2026-04-26T15:21:53Z,SENS-010,Secunderabad Clock Tower,80,16.52,Cloudy
2026-04-26T15:32:25Z,SENS-012,PVNR Expressway Toll,45,33.12,Clear
2026-04-26T15:41:33Z,SENS-007,Begumpet Flyover,43,46.67,Cloudy
2026-04-26T15:49:30Z,SENS-011,Mehdipatnam Bus Stand,32,66.17,Clear
2026-04-26T15:53:03Z,SENS-004,Madhapur IT Corridor,82,24.62,Clear
2026-04-26T15:59:00Z,SENS-006,Hitech City Signal,68,32.85,Fog
2026-04-26T16:01:22Z,SENS-002,Gachibowli Junction,40,60.04,Clear
2026-04-26T16:02:33Z,SENS-010,Secunderabad Clock Tower,64,17.34,Cloudy
2026-04-26T16:02:58Z,SENS-008,LB Nagar Crossroads,47,47.76,Clear
2026-04-26T16:03:22Z,SENS-012,PVNR Expressway Toll,32,30.95,Clear
2026-04-26T16:04:27Z,SENS-011,Mehdipatnam Bus Stand,38,40.17,Cloudy
2026-04-26T16:08:27Z,SENS-002,Gachibowli Junction,46,28.51,Clear
2026-04-26T16:15:02Z,SENS-011,Mehdipatnam Bus Stand,58,41.48,Drizzle
2026-04-26T16:21:46Z,SENS-006,Hitech City Signal,60,24.98,Clear
2026-04-26T16:24:39Z,SENS-011,Mehdipatnam Bus Stand,77,53.54,Clear
2026-04-26T16:24:49Z,SENS-002,Gachibowli Junction,69,11.3,Fog
2026-04-26T16:32:53Z,SENS-011,Mehdipatnam Bus Stand,26,21.89,Fog
2026-04-26T16:34:34Z,SENS-003,Ameerpet Crossroads,75,18.68,Light Rain
2026-04-26T16:37:15Z,SENS-010,Secunderabad Clock Tower,72,20.09,Clear
2026-04-26T16:48:22Z,SENS-006,Hitech City Signal,56,52.13,Light Rain
2026-04-26T16:53:18Z,SENS-001,Jubilee Hills Checkpost,78,38.64,Clear
2026-04-26T16:59:34Z,SENS-006,Hitech City Signal,59,46.88,Clear
2026-04-26T17:05:44Z,SENS-010,Secunderabad Clock Tower,140,20.14,Drizzle
2026-04-26T17:07:29Z,SENS-008,LB Nagar Crossroads,178,8.86,Cloudy
2026-04-26T17:08:08Z,SENS-005,Tank Bund Road,156,11.48,Light Rain
2026-04-26T17:08:49Z,SENS-009,Kukatpally Housing Board,158,8.68,Cloudy
2026-04-26T17:14:15Z,SENS-012,PVNR Expressway Toll,66,15.36,Fog
2026-04-26T17:14:38Z,SENS-005,Tank Bund Road,199,9.15,Clear
2026-04-26T17:15:42Z,SENS-004,Madhapur IT Corridor,87,45.65,Cloudy
2026-04-26T17:17:20Z,SENS-006,Hitech City Signal,128,38.61,Clear
2026-04-26T17:20:32Z,SENS-010,Secunderabad Clock Tower,82,41.15,Light Rain
2026-04-26T17:21:36Z,SENS-010,Secunderabad Clock Tower,179,18.86,Cloudy
2026-04-26T17:26:07Z,SENS-001,Jubilee Hills Checkpost,72,43.55,Light Rain
2026-04-26T17:27:56Z,SENS-001,Jubilee Hills Checkpost,117,10.93,Light Rain
2026-04-26T17:40:37Z,SENS-006,Hitech City Signal,178,8.03,Clear
2026-04-26T17:48:09Z,SENS-007,Begumpet Flyover,162,9.46,Cloudy
2026-04-26T17:52:57Z,SENS-011,Mehdipatnam Bus Stand,96,11.59,Heavy Rain
2026-04-26T17:59:53Z,SENS-009,Kukatpally Housing Board,118,15.47,Drizzle
2026-04-26T18:05:03Z,SENS-004,Madhapur IT Corridor,91,19.98,Clear
2026-04-26T18:08:16Z,SENS-003,Ameerpet Crossroads,81,27.16,Clear
2026-04-26T18:08:54Z,SENS-012,PVNR Expressway Toll,198,13.3,Clear
2026-04-26T18:11:54Z,SENS-004,Madhapur IT Corridor,160,15.97,Light Rain
2026-04-26T18:15:01Z,SENS-008,LB Nagar Crossroads,125,31.48,Clear
2026-04-26T18:15:27Z,SENS-007,Begumpet Flyover,104,20.48,Cloudy
2026-04-26T18:24:57Z,SENS-012,PVNR Expressway Toll,101,29.6,Clear
2026-04-26T18:25:25Z,SENS-009,Kukatpally Housing Board,147,14.4,Light Rain
2026-04-26T18:28:22Z,SENS-011,Mehdipatnam Bus Stand,199,11.79,Clear
2026-04-26T18:35:45Z,SENS-009,Kukatpally Housing Board,133,20.58,Cloudy
2026-04-26T18:41:29Z,SENS-007,Begumpet Flyover,196,20.61,Clear
2026-04-26T18:42:16Z,SENS-010,Secunderabad Clock Tower,107,12.13,Heavy Rain
2026-04-26T18:49:11Z,SENS-011,Mehdipatnam Bus Stand,108,24.34,Clear
2026-04-26T18:50:22Z,SENS-002,Gachibowli Junction,179,16.53,Clear
2026-04-26T18:58:56Z,SENS-005,Tank Bund Road,162,7.13,Clear
2026-04-26T19:00:59Z,SENS-008,LB Nagar Crossroads,155,20.17,Clear
2026-04-26T19:02:02Z,SENS-005,Tank Bund Road,104,41.13,Clear
2026-04-26T19:04:11Z,SENS-010,Secunderabad Clock Tower,96,25.23,Fog
2026-04-26T19:05:52Z,SENS-006,Hitech City Signal,116,37.43,Clear
2026-04-26T19:09:46Z,SENS-006,Hitech City Signal,117,27.34,Light Rain
2026-04-26T19:10:31Z,SENS-004,Madhapur IT Corridor,137,19.98,Clear
2026-04-26T19:11:27Z,SENS-008,LB Nagar Crossroads,158,9.01,Fog
2026-04-26T19:37:01Z,SENS-012,PVNR Expressway Toll,103,13.46,Drizzle
2026-04-26T19:37:14Z,SENS-007,Begumpet Flyover,159,7.73,Clear
2026-04-26T19:39:42Z,SENS-012,PVNR Expressway Toll,156,14.82,Clear
2026-04-26T19:42:32Z,SENS-007,Begumpet Flyover,95,25.35,Fog
2026-04-26T19:42:55Z,SENS-009,Kukatpally Housing Board,195,14.93,Clear
2026-04-26T19:45:28Z,SENS-003,Ameerpet Crossroads,128,14.05,Fog
2026-04-26T19:45:34Z,SENS-003,Ameerpet Crossroads,125,10.41,Clear
2026-04-26T19:49:36Z,SENS-002,Gachibowli Junction,178,11.94,Clear
2026-04-26T19:51:48Z,SENS-012,PVNR Expressway Toll,134,30.4,Cloudy
2026-04-26T19:55:57Z,SENS-010,Secunderabad Clock Tower,142,32.12,Clear
2026-04-26T19:57:43Z,SENS-003,Ameerpet Crossroads,170,25.07,Clear
2026-04-26T20:00:44Z,SENS-004,Madhapur IT Corridor,75,33.16,Clear
2026-04-26T20:03:03Z,SENS-001,Jubilee Hills Checkpost,28,51.39,Light Rain
2026-04-26T20:04:33Z,SENS-007,Begumpet Flyover,74,38.62,Drizzle
2026-04-26T20:10:55Z,SENS-012,PVNR Expressway Toll,71,16.18,Cloudy
2026-04-26T20:18:06Z,SENS-005,Tank Bund Road,29,19.25,Heavy Rain
2026-04-26T20:19:06Z,SENS-004,Madhapur IT Corridor,58,11.67,Fog
2026-04-26T20:19:08Z,SENS-001,Jubilee Hills Checkpost,61,36.35,Clear
2026-04-26T20:19:17Z,SENS-012,PVNR Expressway Toll,56,17.62,Cloudy
2026-04-26T20:21:02Z,SENS-011,Mehdipatnam Bus Stand,51,36.8,Light Rain
2026-04-26T20:39:29Z,SENS-001,Jubilee Hills Checkpost,63,36.65,Drizzle
2026-04-26T20:44:46Z,SENS-006,Hitech City Signal,51,41.45,Clear
2026-04-26T20:51:13Z,SENS-005,Tank Bund Road,44,50.11,Cloudy
2026-04-26T21:05:36Z,SENS-008,LB Nagar Crossroads,74,28.5,Clear
2026-04-26T21:06:29Z,SENS-002,Gachibowli Junction,65,39.43,Clear
2026-04-26T21:07:57Z,SENS-002,Gachibowli Junction,31,52.49,Cloudy
2026-04-26T21:08:04Z,SENS-002,Gachibowli Junction,76,35.19,Cloudy
2026-04-26T21:11:59Z,SENS-010,Secunderabad Clock Tower,46,17.59,Fog
2026-04-26T21:21:51Z,SENS-012,PVNR Expressway Toll,84,46.46,Clear
2026-04-26T21:22:29Z,SENS-006,Hitech City Signal,86,29.2,Clear
2026-04-26T21:22:40Z,SENS-003,Ameerpet Crossroads,64,14.89,Fog
2026-04-26T21:22:51Z,SENS-010,Secunderabad Clock Tower,32,49.23,Clear
2026-04-26T21:34:55Z,SENS-001,Jubilee Hills Checkpost,72,44.77,Light Rain
2026-04-26T21:45:05Z,SENS-003,Ameerpet Crossroads,57,44.03,Clear
2026-04-26T21:50:26Z,SENS-010,Secunderabad Clock Tower,53,55.69,Clear
2026-04-26T21:50:26Z,SENS-010,Secunderabad Clock Tower,40,42.56,Fog
2026-04-26T21:52:42Z,SENS-003,Ameerpet Crossroads,61,21.16,Light Rain
2026-04-26T22:03:17Z,SENS-001,Jubilee Hills Checkpost,9,60.4,Cloudy
2026-04-26T22:07:30Z,SENS-005,Tank Bund Road,13,20.14,Fog
2026-04-26T22:09:15Z,SENS-010,Secunderabad Clock Tower,18,33.43,Drizzle
2026-04-26T22:09:34Z,SENS-003,Ameerpet Crossroads,32,20.28,Cloudy
2026-04-26T22:13:50Z,SENS-009,Kukatpally Housing Board,12,41.57,Clear
2026-04-26T22:15:52Z,SENS-008,LB Nagar Crossroads,32,40.25,Cloudy
2026-04-26T22:23:32Z,SENS-005,Tank Bund Road,27,30.36,Clear
2026-04-26T22:24:39Z,SENS-012,PVNR Expressway Toll,20,59.01,Clear
2026-04-26T22:27:01Z,SENS-012,PVNR Expressway Toll,28,61.75,Cloudy
2026-04-26T22:28:17Z,SENS-007,Begumpet Flyover,9,44.3,Light Rain
2026-04-26T22:45:30Z,SENS-010,Secunderabad Clock Tower,5,28.08,Fog
2026-04-26T22:51:06Z,SENS-006,Hitech City Signal,10,36.31,Cloudy
2026-04-26T22:59:44Z,SENS-012,PVNR Expressway Toll,12,62.47,Cloudy
2026-04-26T22:59:59Z,SENS-002,Gachibowli Junction,21,42.79,Clear
2026-04-26T23:05:56Z,SENS-009,Kukatpally Housing Board,9,51.52,Drizzle
2026-04-26T23:06:51Z,SENS-011,Mehdipatnam Bus Stand,6,31.9,Clear
2026-04-26T23:07:18Z,SENS-011,Mehdipatnam Bus Stand,7,58.1,Cloudy
2026-04-26T23:09:40Z,SENS-008,LB Nagar Crossroads,24,46.4,Fog
2026-04-26T23:12:55Z,SENS-002,Gachibowli Junction,19,26.87,Fog
2026-04-26T23:13:26Z,SENS-007,Begumpet Flyover,25,61.05,Clear
2026-04-26T23:16:29Z,SENS-011,Mehdipatnam Bus Stand,27,60.39,Cloudy
2026-04-26T23:24:39Z,SENS-008,LB Nagar Crossroads,16,38.2,Clear
2026-04-26T23:33:42Z,SENS-012,PVNR Expressway Toll,28,20.02,Clear
2026-04-26T23:34:35Z,SENS-003,Ameerpet Crossroads,34,40.63,Clear
2026-04-26T23:34:55Z,SENS-012,PVNR Expressway Toll,13,69.74,Clear
2026-04-26T23:44:44Z,SENS-002,Gachibowli Junction,27,37.46,Clear
2026-04-26T23:48:40Z,SENS-010,Secunderabad Clock Tower,8,30.75,Clear
2026-04-26T23:59:21Z,SENS-004,Madhapur IT Corridor,15,71.38,Clear
2026-04-27T00:02:33Z,SENS-012,PVNR Expressway Toll,9,29.7,Light Rain
2026-04-27T00:10:09Z,SENS-006,Hitech City Signal,22,46.13,Heavy Rain
2026-04-27T00:21:03Z,SENS-011,Mehdipatnam Bus Stand,33,39.98,Clear
2026-04-27T00:21:26Z,SENS-003,Ameerpet Crossroads,28,32.09,Clear
2026-04-27T00:21:53Z,SENS-005,Tank Bund Road,10,53.6,Light Rain
2026-04-27T00:26:57Z,SENS-009,Kukatpally Housing Board,4,23.6,Heavy Rain
2026-04-27T00:31:02Z,SENS-001,Jubilee Hills Checkpost,33,25.74,Cloudy
2026-04-27T00:45:24Z,SENS-007,Begumpet Flyover,10,63.56,Cloudy
2026-04-27T00:46:24Z,SENS-001,Jubilee Hills Checkpost,16,53.75,Clear
2026-04-27T00:48:30Z,SENS-011,Mehdipatnam Bus Stand,10,24.59,Cloudy
2026-04-27T00:49:22Z,SENS-011,Mehdipatnam Bus Stand,31,64.35,Clear
2026-04-27T00:52:32Z,SENS-010,Secunderabad Clock Tower,19,68.61,Cloudy
2026-04-27T00:53:51Z,SENS-012,PVNR Expressway Toll,34,67.68,Clear
2026-04-27T01:03:31Z,SENS-009,Kukatpally Housing Board,8,47.84,Fog
2026-04-27T01:08:30Z,SENS-011,Mehdipatnam Bus Stand,13,29.37,Cloudy
2026-04-27T01:11:17Z,SENS-002,Gachibowli Junction,31,28.6,Cloudy
2026-04-27T01:11:40Z,SENS-004,Madhapur IT Corridor,17,27.4,Clear
2026-04-27T01:12:39Z,SENS-004,Madhapur IT Corridor,19,43.43,Light Rain
2026-04-27T01:14:46Z,SENS-003,Ameerpet Crossroads,38,49.38,Clear
2026-04-27T01:15:37Z,SENS-008,LB Nagar Crossroads,34,66.33,Clear
2026-04-27T01:20:24Z,SENS-007,Begumpet Flyover,28,53.55,Clear
2026-04-27T01:21:42Z,SENS-010,Secunderabad Clock Tower,30,41.35,Drizzle
2026-04-27T01:23:40Z,SENS-005,Tank Bund Road,7,43.91,Light Rain
2026-04-27T01:28:42Z,SENS-010,Secunderabad Clock Tower,34,46.31,Cloudy
2026-04-27T01:35:10Z,SENS-006,Hitech City Signal,9,20.81,Heavy Rain
2026-04-27T01:40:30Z,SENS-009,Kukatpally Housing Board,9,31.73,Clear
2026-04-27T01:41:57Z,SENS-012,PVNR Expressway Toll,10,13.78,Heavy Rain
2026-04-27T01:42:54Z,SENS-005,Tank Bund Road,26,32.36,Heavy Rain
2026-04-27T01:47:59Z,SENS-004,Madhapur IT Corridor,17,17.04,Heavy Rain
2026-04-27T01:50:20Z,SENS-009,Kukatpally Housing Board,4,68.89,Cloudy
2026-04-27T01:54:31Z,SENS-012,PVNR Expressway Toll,34,56.07,Light Rain
2026-04-27T01:56:41Z,SENS-010,Secunderabad Clock Tower,9,34.92,Clear
2026-04-27T02:02:34Z,SENS-011,Mehdipatnam Bus Stand,26,57.43,Cloudy
2026-04-27T02:06:13Z,SENS-005,Tank Bund Road,29,36.41,Clear
2026-04-27T02:06:13Z,SENS-006,Hitech City Signal,24,20.3,Fog
2026-04-27T02:14:15Z,SENS-002,Gachibowli Junction,29,28.93,Drizzle
2026-04-27T02:18:50Z,SENS-001,Jubilee Hills Checkpost,34,47.47,Light Rain
2026-04-27T02:22:03Z,SENS-006,Hitech City Signal,28,52.41,Light Rain
2026-04-27T02:26:35Z,SENS-001,Jubilee Hills Checkpost,15,29.05,Fog
2026-04-27T02:28:44Z,SENS-006,Hitech City Signal,7,45.23,Cloudy
2026-04-27T02:38:14Z,SENS-008,LB Nagar Crossroads,23,18.94,Cloudy
2026-04-27T02:39:01Z,SENS-010,Secunderabad Clock Tower,5,43.32,Clear
2026-04-27T02:45:29Z,SENS-012,PVNR Expressway Toll,28,39.66,Clear
2026-04-27T02:46:22Z,SENS-008,LB Nagar Crossroads,26,65.88,Clear
2026-04-27T02:46:28Z,SENS-002,Gachibowli Junction,15,18.64,Fog
2026-04-27T03:14:04Z,SENS-003,Ameerpet Crossroads,19,13.11,Heavy Rain
2026-04-27T03:19:05Z,SENS-001,Jubilee Hills Checkpost,11,47.38,Light Rain
2026-04-27T03:19:09Z,SENS-011,Mehdipatnam Bus Stand,15,39.97,Cloudy
2026-04-27T03:25:30Z,SENS-001,Jubilee Hills Checkpost,20,59.5,Clear
2026-04-27T03:26:20Z,SENS-007,Begumpet Flyover,30,58.11,Drizzle
2026-04-27T03:28:37Z,SENS-003,Ameerpet Crossroads,12,66.07,Clear
2026-04-27T03:33:11Z,SENS-012,PVNR Expressway Toll,19,25.55,Cloudy
2026-04-27T03:38:49Z,SENS-001,Jubilee Hills Checkpost,10,70.21,Clear
2026-04-27T03:46:42Z,SENS-003,Ameerpet Crossroads,5,29.33,Light Rain
2026-04-27T03:53:24Z,SENS-007,Begumpet Flyover,32,38.69,Clear
2026-04-27T03:56:52Z,SENS-008,LB Nagar Crossroads,19,71.82,Clear
2026-04-27T04:00:32Z,SENS-005,Tank Bund Road,17,38.44,Cloudy
2026-04-27T04:01:26Z,SENS-010,Secunderabad Clock Tower,30,26.16,Light Rain
2026-04-27T04:04:57Z,SENS-012,PVNR Expressway Toll,9,19.53,Cloudy
2026-04-27T04:12:38Z,SENS-012,PVNR Expressway Toll,34,18.92,Cloudy
2026-04-27T04:24:54Z,SENS-006,Hitech City Signal,32,34.86,Cloudy
2026-04-27T04:35:41Z,SENS-012,PVNR Expressway Toll,8,20.73,Cloudy
2026-04-27T04:44:08Z,SENS-005,Tank Bund Road,11,24.28,Light Rain
2026-04-27T04:53:20Z,SENS-004,Madhapur IT Corridor,18,30.46,Clear
2026-04-27T04:56:02Z,SENS-002,Gachibowli Junction,17,22.52,Drizzle
2026-04-27T04:56:40Z,SENS-010,Secunderabad Clock Tower,16,32.39,Drizzle
2026-04-27T05:03:55Z,SENS-010,Secunderabad Clock Tower,55,36.81,Cloudy
2026-04-27T05:08:29Z,SENS-006,Hitech City Signal,37,43.38,Light Rain
2026-04-27T05:13:30Z,SENS-005,Tank Bund Road,83,36.86,Clear
2026-04-27T05:14:33Z,SENS-009,Kukatpally Housing Board,35,64.55,Clear
2026-04-27T05:24:48Z,SENS-008,LB Nagar Crossroads,51,42.53,Clear
2026-04-27T05:27:19Z,SENS-006,Hitech City Signal,41,21.33,Clear
2026-04-27T05:30:09Z,SENS-005,Tank Bund Road,72,19.49,Light Rain
2026-04-27T05:35:13Z,SENS-006,Hitech City Signal,79,20.0,Clear
2026-04-27T05:35:17Z,SENS-004,Madhapur IT Corridor,77,35.62,Light Rain
2026-04-27T05:41:45Z,SENS-006,Hitech City Signal,29,48.08,Cloudy
2026-04-27T05:43:07Z,SENS-002,Gachibowli Junction,70,14.54,Clear
2026-04-27T05:47:52Z,SENS-007,Begumpet Flyover,33,49.58,Clear
2026-04-27T05:48:44Z,SENS-006,Hitech City Signal,61,34.03,Fog
2026-04-27T05:51:35Z,SENS-010,Secunderabad Clock Tower,32,36.34,Light Rain
2026-04-27T05:53:55Z,SENS-010,Secunderabad Clock Tower,36,57.76,Cloudy
2026-04-27T05:53:56Z,SENS-009,Kukatpally Housing Board,57,46.11,Clear
2026-04-27T05:54:19Z,SENS-011,Mehdipatnam Bus Stand,74,19.28,Cloudy
2026-04-27T05:56:10Z,SENS-003,Ameerpet Crossroads,53,26.47,Heavy Rain
2026-04-27T05:59:52Z,SENS-005,Tank Bund Road,60,32.4,Cloudy
2026-04-27T06:03:24Z,SENS-001,Jubilee Hills Checkpost,50,60.92,Clear
2026-04-27T06:03:24Z,SENS-009,Kukatpally Housing Board,52,18.7,Fog
2026-04-27T06:06:32Z,SENS-011,Mehdipatnam Bus Stand,50,60.77,Clear
2026-04-27T06:08:32Z,SENS-007,Begumpet Flyover,53,33.82,Cloudy
2026-04-27T06:09:04Z,SENS-002,Gachibowli Junction,36,56.38,Clear
2026-04-27T06:13:00Z,SENS-003,Ameerpet Crossroads,43,44.98,Light Rain
2026-04-27T06:13:04Z,SENS-001,Jubilee Hills Checkpost,74,47.45,Clear
2026-04-27T06:36:03Z,SENS-007,Begumpet Flyover,64,34.44,Clear
2026-04-27T06:37:22Z,SENS-006,Hitech City Signal,29,21.7,Heavy Rain
2026-04-27T06:39:40Z,SENS-004,Madhapur IT Corridor,27,38.96,Light Rain
2026-04-27T06:40:28Z,SENS-003,Ameerpet Crossroads,37,36.93,Cloudy
2026-04-27T06:45:55Z,SENS-001,Jubilee Hills Checkpost,86,20.76,Cloudy
2026-04-27T06:53:58Z,SENS-005,Tank Bund Road,85,43.13,Cloudy
2026-04-27T06:54:53Z,SENS-004,Madhapur IT Corridor,45,30.6,Clear
2026-04-27T06:57:34Z,SENS-002,Gachibowli Junction,27,42.82,Light Rain
2026-04-27T07:02:50Z,SENS-007,Begumpet Flyover,45,42.17,Fog
2026-04-27T07:03:39Z,SENS-012,PVNR Expressway Toll,42,60.2,Cloudy
2026-04-27T07:04:35Z,SENS-012,PVNR Expressway Toll,38,17.36,Fog
2026-04-27T07:08:44Z,SENS-006,Hitech City Signal,75,24.99,Clear
2026-04-27T07:13:42Z,SENS-009,Kukatpally Housing Board,32,41.9,Cloudy
2026-04-27T07:17:40Z,SENS-009,Kukatpally Housing Board,69,32.33,Cloudy
2026-04-27T07:19:14Z,SENS-009,Kukatpally Housing Board,61,51.53,Clear
2026-04-27T07:24:33Z,SENS-011,Mehdipatnam Bus Stand,40,29.7,Cloudy
2026-04-27T07:25:45Z,SENS-009,Kukatpally Housing Board,67,31.23,Cloudy
2026-04-27T07:26:05Z,SENS-008,LB Nagar Crossroads,61,25.12,Clear
2026-04-27T07:33:54Z,SENS-010,Secunderabad Clock Tower,35,57.19,Clear
2026-04-27T07:35:48Z,SENS-007,Begumpet Flyover,54,12.97,Heavy Rain
2026-04-27T07:37:31Z,SENS-010,Secunderabad Clock Tower,30,21.64,Cloudy
2026-04-27T07:40:06Z,SENS-001,Jubilee Hills Checkpost,62,50.06,Cloudy
2026-04-27T07:40:14Z,SENS-009,Kukatpally Housing Board,54,44.92,Light Rain
2026-04-27T07:46:28Z,SENS-006,Hitech City Signal,53,58.87,Cloudy
2026-04-27T07:47:02Z,SENS-009,Kukatpally Housing Board,41,61.02,Cloudy
2026-04-27T07:50:26Z,SENS-005,Tank Bund Road,69,49.21,Light Rain
2026-04-27T07:53:00Z,SENS-006,Hitech City Signal,38,47.66,Clear
2026-04-27T07:55:57Z,SENS-009,Kukatpally Housing Board,67,50.9,Clear
2026-04-27T08:05:14Z,SENS-006,Hitech City Signal,91,20.9,Cloudy
2026-04-27T08:11:08Z,SENS-001,Jubilee Hills Checkpost,99,29.76,Cloudy
2026-04-27T08:17:07Z,SENS-008,LB Nagar Crossroads,89,22.79,Cloudy
2026-04-27T08:17:38Z,SENS-009,Kukatpally Housing Board,161,19.89,Cloudy
2026-04-27T08:20:53Z,SENS-011,Mehdipatnam Bus Stand,93,26.39,Fog
2026-04-27T08:36:36Z,SENS-009,Kukatpally Housing Board,181,6.95,Cloudy
2026-04-27T08:42:40Z,SENS-003,Ameerpet Crossroads,158,24.09,Cloudy
2026-04-27T08:43:05Z,SENS-012,PVNR Expressway Toll,75,32.92,Light Rain
2026-04-27T08:43:48Z,SENS-009,Kukatpally Housing Board,147,6.33,Fog
2026-04-27T08:44:05Z,SENS-005,Tank Bund Road,97,44.01,Cloudy
2026-04-27T08:49:15Z,SENS-001,Jubilee Hills Checkpost,119,38.64,Cloudy
2026-04-27T08:52:35Z,SENS-009,Kukatpally Housing Board,186,20.16,Clear
2026-04-27T08:58:46Z,SENS-011,Mehdipatnam Bus Stand,84,21.93,Fog
2026-04-27T09:02:28Z,SENS-008,LB Nagar Crossroads,92,22.08,Clear
2026-04-27T09:14:39Z,SENS-010,Secunderabad Clock Tower,130,21.91,Cloudy
2026-04-27T09:23:30Z,SENS-006,Hitech City Signal,138,25.69,Clear
2026-04-27T09:26:56Z,SENS-003,Ameerpet Crossroads,167,16.43,Light Rain
2026-04-27T09:43:48Z,SENS-009,Kukatpally Housing Board,128,37.65,Clear
2026-04-27T09:45:35Z,SENS-010,Secunderabad Clock Tower,113,32.51,Clear
2026-04-27T09:45:55Z,SENS-007,Begumpet Flyover,90,26.67,Clear
2026-04-27T09:59:27Z,SENS-011,Mehdipatnam Bus Stand,185,16.82,Clear
2026-04-27T10:00:58Z,SENS-008,LB Nagar Crossroads,162,21.58,Light Rain
2026-04-27T10:07:14Z,SENS-009,Kukatpally Housing Board,155,14.45,Cloudy
2026-04-27T10:31:04Z,SENS-003,Ameerpet Crossroads,80,29.09,Cloudy
2026-04-27T10:45:55Z,SENS-009,Kukatpally Housing Board,136,11.02,Heavy Rain
2026-04-27T10:48:21Z,SENS-009,Kukatpally Housing Board,172,14.22,Clear
2026-04-27T10:49:40Z,SENS-005,Tank Bund Road,108,13.84,Light Rain
2026-04-27T10:57:16Z,SENS-011,Mehdipatnam Bus Stand,127,38.49,Clear
2026-04-27T10:59:20Z,SENS-008,LB Nagar Crossroads,109,23.54,Light Rain
2026-04-27T11:06:46Z,SENS-009,Kukatpally Housing Board,49,42.08,Cloudy
2026-04-27T11:08:51Z,SENS-002,Gachibowli Junction,45,51.57,Light Rain
2026-04-27T11:17:07Z,SENS-005,Tank Bund Road,43,50.93,Drizzle
2026-04-27T11:18:08Z,SENS-005,Tank Bund Road,66,43.34,Clear
2026-04-27T11:18:48Z,SENS-008,LB Nagar Crossroads,46,35.79,Clear
2026-04-27T11:19:27Z,SENS-006,Hitech City Signal,82,36.15,Cloudy
2026-04-27T11:19:41Z,SENS-012,PVNR Expressway Toll,43,55.7,Drizzle
2026-04-27T11:24:35Z,SENS-006,Hitech City Signal,43,33.27,Clear
2026-04-27T11:29:25Z,SENS-004,Madhapur IT Corridor,60,16.57,Cloudy
2026-04-27T11:32:42Z,SENS-002,Gachibowli Junction,31,69.69,Clear
2026-04-27T11:32:47Z,SENS-004,Madhapur IT Corridor,34,16.78,Cloudy
2026-04-27T11:33:07Z,SENS-005,Tank Bund Road,55,43.42,Light Rain
2026-04-27T11:34:47Z,SENS-010,Secunderabad Clock Tower,70,33.01,Clear
2026-04-27T11:36:38Z,SENS-004,Madhapur IT Corridor,38,26.57,Heavy Rain
2026-04-27T11:36:54Z,SENS-001,Jubilee Hills Checkpost,84,24.06,Cloudy
2026-04-27T11:39:10Z,SENS-004,Madhapur IT Corridor,72,39.52,Light Rain
2026-04-27T11:39:51Z,SENS-011,Mehdipatnam Bus Stand,56,35.42,Clear
2026-04-27T11:42:11Z,SENS-009,Kukatpally Housing Board,65,41.82,Cloudy
2026-04-27T11:44:45Z,SENS-005,Tank Bund Road,48,31.13,Heavy Rain
2026-04-27T11:44:47Z,SENS-004,Madhapur IT Corridor,53,30.1,Clear
2026-04-27T11:45:33Z,SENS-006,Hitech City Signal,48,48.91,Light Rain
2026-04-27T11:46:54Z,SENS-001,Jubilee Hills Checkpost,75,20.07,Clear
2026-04-27T11:47:57Z,SENS-003,Ameerpet Crossroads,83,14.1,Clear
2026-04-27T11:48:02Z,SENS-009,Kukatpally Housing Board,74,21.45,Cloudy
2026-04-27T11:48:10Z,SENS-011,Mehdipatnam Bus Stand,28,32.3,Fog
2026-04-27T11:52:30Z,SENS-005,Tank Bund Road,55,39.08,Fog
2026-04-27T11:55:06Z,SENS-005,Tank Bund Road,65,46.79,Cloudy
2026-04-27T11:57:41Z,SENS-012,PVNR Expressway Toll,68,28.08,Light Rain
2026-04-27T11:58:26Z,SENS-012,PVNR Expressway Toll,83,47.22,Clear
2026-04-27T12:03:20Z,SENS-008,LB Nagar Crossroads,48,60.16,Clear
2026-04-27T12:10:43Z,SENS-012,PVNR Expressway Toll,70,25.97,Clear
2026-04-27T12:16:11Z,SENS-005,Tank Bund Road,64,36.1,Heavy Rain
2026-04-27T12:36:30Z,SENS-010,Secunderabad Clock Tower,45,53.12,Light Rain
2026-04-27T12:38:33Z,SENS-004,Madhapur IT Corridor,61,58.1,Clear
2026-04-27T12:40:00Z,SENS-011,Mehdipatnam Bus Stand,45,42.35,Cloudy
2026-04-27T12:45:51Z,SENS-011,Mehdipatnam Bus Stand,31,47.74,Clear
2026-04-27T12:50:59Z,SENS-011,Mehdipatnam Bus Stand,67,42.25,Clear
2026-04-27T12:51:31Z,SENS-001,Jubilee Hills Checkpost,53,30.59,Light Rain
2026-04-27T12:58:09Z,SENS-009,Kukatpally Housing Board,67,37.47,Drizzle
2026-04-27T13:01:45Z,SENS-009,Kukatpally Housing Board,77,13.62,Cloudy
2026-04-27T13:20:30Z,SENS-010,Secunderabad Clock Tower,49,27.11,Clear
2026-04-27T13:25:10Z,SENS-002,Gachibowli Junction,40,31.64,Light Rain
2026-04-27T13:29:01Z,SENS-005,Tank Bund Road,33,20.41,Clear
2026-04-27T13:36:07Z,SENS-011,Mehdipatnam Bus Stand,73,14.35,Cloudy
2026-04-27T13:37:08Z,SENS-008,LB Nagar Crossroads,75,40.4,Light Rain
2026-04-27T13:38:07Z,SENS-007,Begumpet Flyover,36,28.35,Cloudy
2026-04-27T13:41:31Z,SENS-008,LB Nagar Crossroads,33,21.0,Light Rain
2026-04-27T13:46:39Z,SENS-002,Gachibowli Junction,56,16.38,Heavy Rain
2026-04-27T13:46:49Z,SENS-005,Tank Bund Road,64,30.59,Clear
2026-04-27T13:49:35Z,SENS-001,Jubilee Hills Checkpost,45,21.42,Heavy Rain
2026-04-27T13:52:11Z,SENS-007,Begumpet Flyover,58,58.09,Cloudy
2026-04-27T13:53:44Z,SENS-004,Madhapur IT Corridor,40,24.43,Cloudy
2026-04-27T13:54:47Z,SENS-010,Secunderabad Clock Tower,46,27.89,Clear
2026-04-27T14:02:33Z,SENS-009,Kukatpally Housing Board,82,39.51,Clear
2026-04-27T14:05:46Z,SENS-006,Hitech City Signal,49,25.4,Heavy Rain
2026-04-27T14:07:58Z,SENS-003,Ameerpet Crossroads,25,45.45,Fog
2026-04-27T14:20:58Z,SENS-010,Secunderabad Clock Tower,53,47.28,Clear
2026-04-27T14:22:40Z,SENS-007,Begumpet Flyover,38,18.01,Light Rain
2026-04-27T14:28:31Z,SENS-012,PVNR Expressway Toll,68,46.01,Clear
2026-04-27T14:30:21Z,SENS-008,LB Nagar Crossroads,60,12.69,Fog
2026-04-27T14:35:13Z,SENS-002,Gachibowli Junction,62,59.93,Clear
2026-04-27T14:35:54Z,SENS-012,PVNR Expressway Toll,57,17.52,Light Rain
2026-04-27T14:45:05Z,SENS-003,Ameerpet Crossroads,48,36.54,Cloudy
2026-04-27T14:59:19Z,SENS-010,Secunderabad Clock Tower,58,57.65,Cloudy
2026-04-27T15:04:38Z,SENS-006,Hitech City Signal,53,15.97,Cloudy
2026-04-27T15:07:17Z,SENS-009,Kukatpally Housing Board,40,36.78,Light Rain
2026-04-27T15:10:10Z,SENS-001,Jubilee Hills Checkpost,61,44.14,Clear
2026-04-27T15:20:15Z,SENS-006,Hitech City Signal,35,47.4,Clear
2026-04-27T15:25:49Z,SENS-012,PVNR Expressway Toll,44,25.73,Clear
2026-04-27T15:27:22Z,SENS-003,Ameerpet Crossroads,28,27.02,Heavy Rain
2026-04-27T15:29:17Z,SENS-002,Gachibowli Junction,52,58.81,Cloudy
2026-04-27T15:35:16Z,SENS-002,Gachibowli Junction,66,42.75,Clear
2026-04-27T15:37:09Z,SENS-004,Madhapur IT Corridor,85,36.12,Clear
2026-04-27T15:39:52Z,SENS-011,Mehdipatnam Bus Stand,66,22.86,Drizzle
2026-04-27T15:43:26Z,SENS-004,Madhapur IT Corridor,39,27.23,Cloudy
2026-04-27T15:45:10Z,SENS-001,Jubilee Hills Checkpost,44,18.19,Clear
2026-04-27T15:47:26Z,SENS-001,Jubilee Hills Checkpost,62,37.18,Cloudy
2026-04-27T15:51:30Z,SENS-004,Madhapur IT Corridor,78,20.78,Clear
2026-04-27T15:56:37Z,SENS-004,Madhapur IT Corridor,78,20.67,Light Rain
2026-04-27T15:56:58Z,SENS-006,Hitech City Signal,57,28.47,Cloudy
2026-04-27T15:58:10Z,SENS-011,Mehdipatnam Bus Stand,74,48.08,Cloudy
2026-04-27T16:17:56Z,SENS-002,Gachibowli Junction,74,21.69,Cloudy
2026-04-27T16:18:28Z,SENS-006,Hitech City Signal,42,19.87,Heavy Rain
2026-04-27T16:18:30Z,SENS-011,Mehdipatnam Bus Stand,49,61.96,Clear
2026-04-27T16:25:29Z,SENS-008,LB Nagar Crossroads,34,28.79,Heavy Rain
2026-04-27T16:34:58Z,SENS-001,Jubilee Hills Checkpost,36,18.39,Light Rain
2026-04-27T16:39:54Z,SENS-006,Hitech City Signal,52,16.69,Fog
2026-04-27T16:43:37Z,SENS-006,Hitech City Signal,37,64.9,Clear
2026-04-27T16:44:11Z,SENS-007,Begumpet Flyover,64,19.98,Clear
2026-04-27T16:44:33Z,SENS-011,Mehdipatnam Bus Stand,49,28.75,Cloudy
2026-04-27T16:52:33Z,SENS-006,Hitech City Signal,56,11.21,Heavy Rain
2026-04-27T17:09:45Z,SENS-009,Kukatpally Housing Board,127,24.48,Clear
2026-04-27T17:15:27Z,SENS-010,Secunderabad Clock Tower,153,8.91,Cloudy
2026-04-27T17:31:33Z,SENS-010,Secunderabad Clock Tower,131,28.49,Clear
2026-04-27T17:31:59Z,SENS-005,Tank Bund Road,131,29.75,Clear
2026-04-27T17:32:36Z,SENS-005,Tank Bund Road,111,28.27,Heavy Rain
2026-04-27T17:41:43Z,SENS-008,LB Nagar Crossroads,183,20.69,Clear
2026-04-27T17:47:22Z,SENS-003,Ameerpet Crossroads,169,15.92,Cloudy
2026-04-27T17:49:06Z,SENS-010,Secunderabad Clock Tower,76,27.94,Light Rain
2026-04-27T17:51:33Z,SENS-008,LB Nagar Crossroads,98,37.99,Light Rain
2026-04-27T17:51:47Z,SENS-012,PVNR Expressway Toll,148,14.4,Cloudy
2026-04-27T17:53:59Z,SENS-001,Jubilee Hills Checkpost,78,10.52,Heavy Rain
2026-04-27T18:00:15Z,SENS-009,Kukatpally Housing Board,114,25.75,Clear
2026-04-27T18:02:47Z,SENS-011,Mehdipatnam Bus Stand,88,22.93,Clear
2026-04-27T18:09:51Z,SENS-003,Ameerpet Crossroads,120,12.91,Light Rain
2026-04-27T18:13:21Z,SENS-008,LB Nagar Crossroads,77,19.46,Fog
2026-04-27T18:17:40Z,SENS-012,PVNR Expressway Toll,97,34.52,Cloudy
2026-04-27T18:19:41Z,SENS-007,Begumpet Flyover,134,28.64,Drizzle
2026-04-27T18:19:50Z,SENS-008,LB Nagar Crossroads,146,28.4,Clear
2026-04-27T18:37:07Z,SENS-007,Begumpet Flyover,182,15.4,Clear
2026-04-27T18:42:37Z,SENS-009,Kukatpally Housing Board,103,31.58,Light Rain
2026-04-27T18:46:07Z,SENS-010,Secunderabad Clock Tower,78,9.17,Fog
2026-04-27T18:56:40Z,SENS-010,Secunderabad Clock Tower,131,32.41,Drizzle
2026-04-27T18:58:39Z,SENS-010,Secunderabad Clock Tower,71,21.34,Heavy Rain
2026-04-27T19:05:53Z,SENS-008,LB Nagar Crossroads,113,19.24,Clear
2026-04-27T19:06:21Z,SENS-002,Gachibowli Junction,85,35.6,Clear
2026-04-27T19:16:37Z,SENS-002,Gachibowli Junction,179,14.07,Light Rain
2026-04-27T19:16:59Z,SENS-008,LB Nagar Crossroads,193,8.24,Clear
2026-04-27T19:19:27Z,SENS-002,Gachibowli Junction,171,15.28,Cloudy
2026-04-27T19:21:59Z,SENS-003,Ameerpet Crossroads,186,22.8,Clear
2026-04-27T19:23:30Z,SENS-002,Gachibowli Junction,135,23.19,Clear
2026-04-27T19:28:23Z,SENS-006,Hitech City Signal,139,13.91,Light Rain
2026-04-27T19:28:56Z,SENS-003,Ameerpet Crossroads,118,10.59,Cloudy
2026-04-27T19:29:30Z,SENS-011,Mehdipatnam Bus Stand,149,29.62,Clear
2026-04-27T19:37:27Z,SENS-010,Secunderabad Clock Tower,138,24.86,Cloudy
2026-04-27T19:38:15Z,SENS-010,Secunderabad Clock Tower,167,18.44,Light Rain
2026-04-27T19:38:42Z,SENS-005,Tank Bund Road,82,39.01,Clear
2026-04-27T19:39:02Z,SENS-007,Begumpet Flyover,144,23.61,Light Rain
2026-04-27T19:44:45Z,SENS-010,Secunderabad Clock Tower,87,25.78,Clear
2026-04-27T19:45:20Z,SENS-001,Jubilee Hills Checkpost,153,14.31,Light Rain
2026-04-27T19:46:30Z,SENS-012,PVNR Expressway Toll,132,15.09,Clear
2026-04-27T19:46:32Z,SENS-004,Madhapur IT Corridor,141,10.74,Clear
2026-04-27T19:53:34Z,SENS-010,Secunderabad Clock Tower,146,31.4,Clear
2026-04-27T19:56:37Z,SENS-005,Tank Bund Road,121,16.91,Light Rain
2026-04-27T19:57:03Z,SENS-012,PVNR Expressway Toll,161,16.42,Cloudy
2026-04-27T19:59:06Z,SENS-004,Madhapur IT Corridor,135,25.37,Heavy Rain
2026-04-27T20:00:29Z,SENS-003,Ameerpet Crossroads,70,21.54,Cloudy
2026-04-27T20:07:00Z,SENS-009,Kukatpally Housing Board,74,19.08,Cloudy
2026-04-27T20:13:11Z,SENS-008,LB Nagar Crossroads,31,45.56,Light Rain
2026-04-27T20:20:30Z,SENS-005,Tank Bund Road,53,32.58,Cloudy
2026-04-27T20:31:22Z,SENS-011,Mehdipatnam Bus Stand,80,44.61,Clear
2026-04-27T20:47:44Z,SENS-004,Madhapur IT Corridor,72,35.13,Cloudy
2026-04-27T20:56:55Z,SENS-011,Mehdipatnam Bus Stand,63,33.9,Light Rain
2026-04-27T20:59:29Z,SENS-012,PVNR Expressway Toll,58,20.87,Clear
2026-04-27T21:02:43Z,SENS-005,Tank Bund Road,67,37.59,Clear
2026-04-27T21:03:31Z,SENS-005,Tank Bund Road,28,25.75,Fog
2026-04-27T21:06:17Z,SENS-002,Gachibowli Junction,31,63.15,Cloudy
2026-04-27T21:19:06Z,SENS-002,Gachibowli Junction,48,60.26,Clear
2026-04-27T21:21:43Z,SENS-010,Secunderabad Clock Tower,69,40.21,Light Rain
2026-04-27T21:22:59Z,SENS-005,Tank Bund Road,49,11.2,Fog
2026-04-27T21:24:48Z,SENS-011,Mehdipatnam Bus Stand,82,21.21,Clear
2026-04-27T21:29:03Z,SENS-010,Secunderabad Clock Tower,38,41.0,Light Rain
2026-04-27T21:31:39Z,SENS-012,PVNR Expressway Toll,67,29.47,Drizzle
2026-04-27T21:31:50Z,SENS-012,PVNR Expressway Toll,77,21.51,Cloudy
2026-04-27T21:35:03Z,SENS-010,Secunderabad Clock Tower,65,32.0,Cloudy
2026-04-27T21:40:29Z,SENS-008,LB Nagar Crossroads,54,28.76,Cloudy
2026-04-27T21:46:19Z,SENS-005,Tank Bund Road,49,63.75,Clear
2026-04-27T21:47:35Z,SENS-012,PVNR Expressway Toll,70,33.42,Clear
2026-04-27T21:59:21Z,SENS-005,Tank Bund Road,74,45.91,Light Rain
2026-04-27T22:05:31Z,SENS-012,PVNR Expressway Toll,31,20.93,Cloudy
2026-04-27T22:10:31Z,SENS-005,Tank Bund Road,6,31.61,Fog
2026-04-27T22:16:33Z,SENS-006,Hitech City Signal,17,29.11,Drizzle
2026-04-27T22:17:22Z,SENS-010,Secunderabad Clock Tower,6,35.2,Clear
2026-04-27T22:21:55Z,SENS-004,Madhapur IT Corridor,6,22.61,Cloudy
2026-04-27T22:26:21Z,SENS-010,Secunderabad Clock Tower,10,27.22,Fog
2026-04-27T22:30:10Z,SENS-011,Mehdipatnam Bus Stand,22,64.02,Clear
2026-04-27T22:33:20Z,SENS-002,Gachibowli Junction,28,46.3,Heavy Rain
2026-04-27T22:41:50Z,SENS-012,PVNR Expressway Toll,29,23.59,Heavy Rain
2026-04-27T22:42:28Z,SENS-004,Madhapur IT Corridor,19,24.59,Heavy Rain
2026-04-27T22:45:17Z,SENS-002,Gachibowli Junction,14,42.74,Light Rain
2026-04-27T22:45:47Z,SENS-006,Hitech City Signal,29,29.89,Clear
2026-04-27T22:49:11Z,SENS-006,Hitech City Signal,29,34.78,Cloudy
2026-04-27T22:51:40Z,SENS-009,Kukatpally Housing Board,9,40.54,Clear
2026-04-27T22:55:51Z,SENS-003,Ameerpet Crossroads,7,33.27,Heavy Rain
2026-04-27T22:56:19Z,SENS-009,Kukatpally Housing Board,5,41.15,Cloudy
2026-04-27T22:56:52Z,SENS-004,Madhapur IT Corridor,9,31.18,Light Rain
2026-04-27T22:57:02Z,SENS-002,Gachibowli Junction,22,67.68,Clear
2026-04-27T22:57:23Z,SENS-004,Madhapur IT Corridor,13,42.66,Clear
2026-04-27T23:11:06Z,SENS-004,Madhapur IT Corridor,34,15.46,Light Rain
2026-04-27T23:15:55Z,SENS-005,Tank Bund Road,10,51.81,Light Rain
2026-04-27T23:18:18Z,SENS-002,Gachibowli Junction,14,46.82,Clear
2026-04-27T23:20:39Z,SENS-010,Secunderabad Clock Tower,22,18.73,Clear
2026-04-27T23:30:42Z,SENS-012,PVNR Expressway Toll,23,29.0,Cloudy
2026-04-27T23:35:32Z,SENS-006,Hitech City Signal,34,40.88,Clear
2026-04-27T23:47:51Z,SENS-001,Jubilee Hills Checkpost,20,62.58,Clear
2026-04-27T23:55:47Z,SENS-004,Madhapur IT Corridor,21,40.82,Cloudy
2026-04-28T00:00:18Z,SENS-004,Madhapur IT Corridor,15,53.36,Clear
2026-04-28T00:03:28Z,SENS-006,Hitech City Signal,8,74.9,Clear
2026-04-28T00:08:12Z,SENS-011,Mehdipatnam Bus Stand,34,33.13,Cloudy
2026-04-28T00:09:30Z,SENS-011,Mehdipatnam Bus Stand,13,63.33,Cloudy
2026-04-28T00:09:50Z,SENS-001,Jubilee Hills Checkpost,31,55.76,Cloudy
2026-04-28T00:13:29Z,SENS-001,Jubilee Hills Checkpost,16,69.94,Clear
2026-04-28T00:17:44Z,SENS-012,PVNR Expressway Toll,23,39.6,Drizzle
2026-04-28T00:19:42Z,SENS-011,Mehdipatnam Bus Stand,6,23.26,Heavy Rain
2026-04-28T00:19:57Z,SENS-012,PVNR Expressway Toll,5,21.15,Heavy Rain
2026-04-28T00:38:56Z,SENS-009,Kukatpally Housing Board,32,62.0,Clear
2026-04-28T00:41:22Z,SENS-002,Gachibowli Junction,18,65.6,Cloudy
2026-04-28T00:46:48Z,SENS-008,LB Nagar Crossroads,9,15.24,Heavy Rain
2026-04-28T00:51:11Z,SENS-010,Secunderabad Clock Tower,22,32.81,Cloudy
2026-04-28T00:51:36Z,SENS-001,Jubilee Hills Checkpost,27,49.64,Light Rain
2026-04-28T00:53:34Z,SENS-009,Kukatpally Housing Board,25,27.74,Heavy Rain
2026-04-28T01:00:32Z,SENS-008,LB Nagar Crossroads,23,44.06,Clear
2026-04-28T01:03:23Z,SENS-002,Gachibowli Junction,8,55.83,Clear
2026-04-28T01:04:55Z,SENS-002,Gachibowli Junction,37,36.35,Clear
2026-04-28T01:06:43Z,SENS-012,PVNR Expressway Toll,11,31.12,Clear
2026-04-28T01:12:02Z,SENS-004,Madhapur IT Corridor,20,46.84,Fog
2026-04-28T01:22:13Z,SENS-012,PVNR Expressway Toll,35,48.45,Cloudy
2026-04-28T01:23:48Z,SENS-003,Ameerpet Crossroads,26,45.09,Light Rain
2026-04-28T01:28:19Z,SENS-009,Kukatpally Housing Board,35,44.48,Clear
2026-04-28T01:28:49Z,SENS-008,LB Nagar Crossroads,34,43.82,Cloudy
2026-04-28T01:37:05Z,SENS-008,LB Nagar Crossroads,29,27.54,Light Rain
2026-04-28T01:46:28Z,SENS-010,Secunderabad Clock Tower,24,55.88,Clear
2026-04-28T01:48:14Z,SENS-009,Kukatpally Housing Board,24,32.09,Clear
2026-04-28T01:52:04Z,SENS-004,Madhapur IT Corridor,36,31.0,Cloudy
2026-04-28T01:55:10Z,SENS-007,Begumpet Flyover,33,47.79,Cloudy
2026-04-28T01:55:58Z,SENS-005,Tank Bund Road,27,33.42,Cloudy
2026-04-28T02:00:47Z,SENS-004,Madhapur IT Corridor,23,67.57,Cloudy
2026-04-28T02:00:54Z,SENS-001,Jubilee Hills Checkpost,16,34.85,Heavy Rain
2026-04-28T02:02:40Z,SENS-012,PVNR Expressway Toll,7,31.85,Heavy Rain
2026-04-28T02:03:21Z,SENS-012,PVNR Expressway Toll,27,64.28,Clear
2026-04-28T02:04:40Z,SENS-003,Ameerpet Crossroads,11,48.99,Drizzle
2026-04-28T02:08:19Z,SENS-006,Hitech City Signal,27,45.94,Cloudy
2026-04-28T02:12:47Z,SENS-010,Secunderabad Clock Tower,32,42.3,Light Rain
2026-04-28T02:17:09Z,SENS-001,Jubilee Hills Checkpost,10,17.85,Fog
2026-04-28T02:19:07Z,SENS-007,Begumpet Flyover,5,40.05,Clear
2026-04-28T02:23:19Z,SENS-002,Gachibowli Junction,4,31.35,Drizzle
2026-04-28T02:29:17Z,SENS-010,Secunderabad Clock Tower,15,24.01,Heavy Rain
2026-04-28T02:30:41Z,SENS-006,Hitech City Signal,15,65.26,Clear
2026-04-28T02:46:12Z,SENS-001,Jubilee Hills Checkpost,13,65.94,Clear
2026-04-28T03:06:58Z,SENS-003,Ameerpet Crossroads,35,50.6,Clear
2026-04-28T03:07:22Z,SENS-011,Mehdipatnam Bus Stand,19,23.28,Fog
2026-04-28T03:08:15Z,SENS-008,LB Nagar Crossroads,24,42.91,Fog
2026-04-28T03:19:55Z,SENS-010,Secunderabad Clock Tower,5,65.76,Clear
2026-04-28T03:25:56Z,SENS-005,Tank Bund Road,19,52.43,Clear
2026-04-28T03:37:15Z,SENS-010,Secunderabad Clock Tower,16,27.86,Cloudy
2026-04-28T03:39:42Z,SENS-004,Madhapur IT Corridor,32,21.08,Cloudy
2026-04-28T03:40:05Z,SENS-007,Begumpet Flyover,16,22.44,Clear
2026-04-28T03:45:18Z,SENS-011,Mehdipatnam Bus Stand,32,24.54,Light Rain
2026-04-28T03:47:36Z,SENS-009,Kukatpally Housing Board,7,75.86,Clear
2026-04-28T03:56:00Z,SENS-001,Jubilee Hills Checkpost,23,20.99,Clear
2026-04-28T04:10:41Z,SENS-008,LB Nagar Crossroads,10,55.85,Clear
2026-04-28T04:12:29Z,SENS-002,Gachibowli Junction,5,34.01,Clear
2026-04-28T04:27:47Z,SENS-009,Kukatpally Housing Board,29,21.6,Clear
2026-04-28T04:31:15Z,SENS-010,Secunderabad Clock Tower,25,32.08,Cloudy
2026-04-28T04:38:04Z,SENS-008,LB Nagar Crossroads,31,40.89,Clear
2026-04-28T04:38:19Z,SENS-006,Hitech City Signal,34,68.61,Clear
2026-04-28T04:44:09Z,SENS-002,Gachibowli Junction,25,35.12,Light Rain
2026-04-28T04:47:33Z,SENS-010,Secunderabad Clock Tower,25,51.25,Light Rain
2026-04-28T04:49:44Z,SENS-004,Madhapur IT Corridor,16,55.14,Light Rain
2026-04-28T05:05:41Z,SENS-012,PVNR Expressway Toll,70,41.95,Cloudy
2026-04-28T05:08:28Z,SENS-005,Tank Bund Road,48,42.89,Clear
2026-04-28T05:11:12Z,SENS-009,Kukatpally Housing Board,87,18.64,Clear
2026-04-28T05:13:57Z,SENS-001,Jubilee Hills Checkpost,36,67.09,Clear
2026-04-28T05:15:25Z,SENS-002,Gachibowli Junction,30,17.7,Clear
2026-04-28T05:16:34Z,SENS-007,Begumpet Flyover,30,28.25,Clear
2026-04-28T05:17:15Z,SENS-005,Tank Bund Road,68,33.28,Clear
2026-04-28T05:26:56Z,SENS-008,LB Nagar Crossroads,64,58.29,Clear
2026-04-28T05:29:45Z,SENS-006,Hitech City Signal,38,41.84,Light Rain
2026-04-28T05:35:48Z,SENS-005,Tank Bund Road,50,48.26,Clear
2026-04-28T05:35:50Z,SENS-007,Begumpet Flyover,83,37.32,Clear
2026-04-28T05:38:27Z,SENS-006,Hitech City Signal,54,48.09,Clear
2026-04-28T05:42:46Z,SENS-010,Secunderabad Clock Tower,37,29.38,Clear
2026-04-28T05:50:03Z,SENS-007,Begumpet Flyover,76,53.6,Clear
2026-04-28T05:51:30Z,SENS-010,Secunderabad Clock Tower,74,46.79,Drizzle
2026-04-28T05:56:08Z,SENS-008,LB Nagar Crossroads,36,62.41,Clear
2026-04-28T06:04:31Z,SENS-005,Tank Bund Road,75,23.22,Clear
2026-04-28T06:06:56Z,SENS-012,PVNR Expressway Toll,34,15.99,Light Rain
2026-04-28T06:07:17Z,SENS-009,Kukatpally Housing Board,23,43.55,Heavy Rain
2026-04-28T06:08:55Z,SENS-012,PVNR Expressway Toll,44,53.34,Clear
2026-04-28T06:13:24Z,SENS-010,Secunderabad Clock Tower,46,43.01,Clear
2026-04-28T06:13:54Z,SENS-012,PVNR Expressway Toll,68,17.49,Cloudy
2026-04-28T06:15:50Z,SENS-009,Kukatpally Housing Board,60,53.91,Clear
2026-04-28T06:17:50Z,SENS-005,Tank Bund Road,41,50.44,Light Rain
2026-04-28T06:22:05Z,SENS-001,Jubilee Hills Checkpost,25,45.5,Heavy Rain
2026-04-28T06:23:52Z,SENS-008,LB Nagar Crossroads,75,23.23,Clear
2026-04-28T06:29:34Z,SENS-007,Begumpet Flyover,72,43.76,Clear
2026-04-28T06:41:32Z,SENS-012,PVNR Expressway Toll,53,27.15,Clear
2026-04-28T06:41:50Z,SENS-004,Madhapur IT Corridor,48,61.57,Clear
2026-04-28T06:43:54Z,SENS-009,Kukatpally Housing Board,60,41.09,Clear
2026-04-28T06:47:20Z,SENS-003,Ameerpet Crossroads,60,37.71,Clear
2026-04-28T06:48:02Z,SENS-008,LB Nagar Crossroads,83,37.43,Clear
2026-04-28T06:50:20Z,SENS-012,PVNR Expressway Toll,44,22.89,Cloudy
2026-04-28T06:51:43Z,SENS-003,Ameerpet Crossroads,76,27.28,Light Rain
2026-04-28T06:54:03Z,SENS-002,Gachibowli Junction,74,27.67,Cloudy
2026-04-28T07:00:20Z,SENS-009,Kukatpally Housing Board,35,15.17,Light Rain
2026-04-28T07:19:11Z,SENS-003,Ameerpet Crossroads,45,26.13,Cloudy
2026-04-28T07:20:57Z,SENS-011,Mehdipatnam Bus Stand,53,19.65,Clear
2026-04-28T07:22:46Z,SENS-004,Madhapur IT Corridor,46,44.49,Light Rain
2026-04-28T07:28:33Z,SENS-010,Secunderabad Clock Tower,74,38.93,Light Rain
2026-04-28T07:33:13Z,SENS-004,Madhapur IT Corridor,57,10.51,Fog
2026-04-28T07:35:53Z,SENS-001,Jubilee Hills Checkpost,64,23.76,Cloudy
2026-04-28T07:38:02Z,SENS-003,Ameerpet Crossroads,37,33.3,Clear
2026-04-28T07:38:51Z,SENS-005,Tank Bund Road,53,47.53,Cloudy
2026-04-28T07:42:22Z,SENS-011,Mehdipatnam Bus Stand,72,21.73,Light Rain
2026-04-28T07:48:37Z,SENS-004,Madhapur IT Corridor,34,25.1,Clear
2026-04-28T07:56:29Z,SENS-008,LB Nagar Crossroads,54,22.62,Light Rain
2026-04-28T08:12:00Z,SENS-006,Hitech City Signal,100,31.77,Drizzle
2026-04-28T08:13:41Z,SENS-003,Ameerpet Crossroads,191,12.07,Cloudy
2026-04-28T08:15:04Z,SENS-005,Tank Bund Road,133,23.88,Fog
2026-04-28T08:22:30Z,SENS-006,Hitech City Signal,145,18.29,Clear
2026-04-28T08:25:00Z,SENS-002,Gachibowli Junction,89,44.56,Cloudy
2026-04-28T08:31:22Z,SENS-001,Jubilee Hills Checkpost,92,16.55,Cloudy
2026-04-28T08:37:30Z,SENS-007,Begumpet Flyover,141,12.75,Cloudy
2026-04-28T08:39:47Z,SENS-009,Kukatpally Housing Board,98,26.33,Heavy Rain
2026-04-28T08:42:18Z,SENS-001,Jubilee Hills Checkpost,121,28.33,Clear
2026-04-28T08:44:41Z,SENS-001,Jubilee Hills Checkpost,168,9.53,Clear
2026-04-28T08:45:24Z,SENS-012,PVNR Expressway Toll,99,17.36,Clear
2026-04-28T08:48:45Z,SENS-002,Gachibowli Junction,115,12.34,Clear
2026-04-28T08:52:12Z,SENS-001,Jubilee Hills Checkpost,138,14.14,Light Rain
2026-04-28T08:54:12Z,SENS-006,Hitech City Signal,146,24.19,Clear
2026-04-28T09:03:13Z,SENS-007,Begumpet Flyover,174,14.29,Light Rain
2026-04-28T09:05:43Z,SENS-004,Madhapur IT Corridor,114,39.19,Clear
2026-04-28T09:08:27Z,SENS-007,Begumpet Flyover,97,22.16,Cloudy
2026-04-28T09:11:42Z,SENS-008,LB Nagar Crossroads,155,15.22,Drizzle
2026-04-28T09:18:04Z,SENS-008,LB Nagar Crossroads,135,24.94,Heavy Rain
2026-04-28T09:20:48Z,SENS-005,Tank Bund Road,116,11.06,Cloudy
2026-04-28T09:22:30Z,SENS-010,Secunderabad Clock Tower,120,23.35,Heavy Rain
2026-04-28T09:26:12Z,SENS-004,Madhapur IT Corridor,84,31.4,Light Rain
2026-04-28T09:28:38Z,SENS-011,Mehdipatnam Bus Stand,116,28.03,Heavy Rain
2026-04-28T09:31:01Z,SENS-001,Jubilee Hills Checkpost,91,24.49,Cloudy
2026-04-28T09:33:51Z,SENS-005,Tank Bund Road,130,9.9,Clear
2026-04-28T09:39:43Z,SENS-001,Jubilee Hills Checkpost,141,18.74,Heavy Rain
2026-04-28T09:40:21Z,SENS-006,Hitech City Signal,77,21.65,Light Rain
2026-04-28T09:49:34Z,SENS-001,Jubilee Hills Checkpost,117,19.08,Drizzle
2026-04-28T09:50:11Z,SENS-002,Gachibowli Junction,82,41.04,Clear
2026-04-28T09:54:38Z,SENS-006,Hitech City Signal,108,35.14,Drizzle
2026-04-28T10:02:10Z,SENS-001,Jubilee Hills Checkpost,144,20.34,Drizzle
2026-04-28T10:03:44Z,SENS-012,PVNR Expressway Toll,160,11.33,Cloudy
2026-04-28T10:07:31Z,SENS-008,LB Nagar Crossroads,139,17.21,Heavy Rain
2026-04-28T10:12:37Z,SENS-006,Hitech City Signal,112,25.58,Cloudy
2026-04-28T10:14:09Z,SENS-002,Gachibowli Junction,134,23.79,Cloudy
2026-04-28T10:29:17Z,SENS-004,Madhapur IT Corridor,181,17.25,Cloudy
2026-04-28T10:34:50Z,SENS-007,Begumpet Flyover,77,40.94,Light Rain
2026-04-28T10:38:29Z,SENS-007,Begumpet Flyover,111,16.95,Clear
2026-04-28T10:43:37Z,SENS-012,PVNR Expressway Toll,171,23.85,Clear
2026-04-28T10:44:59Z,SENS-012,PVNR Expressway Toll,152,18.99,Cloudy
2026-04-28T10:45:44Z,SENS-002,Gachibowli Junction,99,13.49,Fog
2026-04-28T10:49:04Z,SENS-009,Kukatpally Housing Board,97,17.19,Cloudy
2026-04-28T10:51:35Z,SENS-001,Jubilee Hills Checkpost,193,8.62,Clear
2026-04-28T10:54:20Z,SENS-010,Secunderabad Clock Tower,100,36.71,Clear
2026-04-28T10:56:17Z,SENS-003,Ameerpet Crossroads,113,7.57,Fog
2026-04-28T11:01:28Z,SENS-009,Kukatpally Housing Board,37,49.35,Clear
2026-04-28T11:06:30Z,SENS-012,PVNR Expressway Toll,67,42.37,Clear
2026-04-28T11:10:12Z,SENS-008,LB Nagar Crossroads,86,47.47,Clear
2026-04-28T11:15:33Z,SENS-009,Kukatpally Housing Board,61,38.11,Clear
2026-04-28T11:16:05Z,SENS-005,Tank Bund Road,47,38.68,Light Rain
2026-04-28T11:25:46Z,SENS-003,Ameerpet Crossroads,31,64.7,Clear
2026-04-28T11:29:24Z,SENS-003,Ameerpet Crossroads,41,58.91,Clear
2026-04-28T11:31:03Z,SENS-003,Ameerpet Crossroads,45,30.26,Fog
2026-04-28T11:35:02Z,SENS-003,Ameerpet Crossroads,38,55.19,Drizzle
2026-04-28T11:41:50Z,SENS-011,Mehdipatnam Bus Stand,57,30.36,Light Rain
2026-04-28T11:43:13Z,SENS-002,Gachibowli Junction,38,64.48,Clear
2026-04-28T11:43:36Z,SENS-007,Begumpet Flyover,78,25.85,Light Rain
2026-04-28T11:48:35Z,SENS-001,Jubilee Hills Checkpost,39,17.88,Cloudy
2026-04-28T11:49:15Z,SENS-007,Begumpet Flyover,46,43.32,Clear
2026-04-28T11:49:16Z,SENS-004,Madhapur IT Corridor,83,30.47,Clear
2026-04-28T11:50:46Z,SENS-011,Mehdipatnam Bus Stand,63,12.51,Heavy Rain
2026-04-28T11:51:41Z,SENS-003,Ameerpet Crossroads,72,46.64,Light Rain
2026-04-28T11:52:21Z,SENS-008,LB Nagar Crossroads,32,17.76,Cloudy
2026-04-28T11:55:02Z,SENS-001,Jubilee Hills Checkpost,79,49.24,Clear
2026-04-28T12:00:20Z,SENS-007,Begumpet Flyover,35,13.74,Fog
2026-04-28T12:00:20Z,SENS-009,Kukatpally Housing Board,37,17.37,Fog
2026-04-28T12:01:00Z,SENS-002,Gachibowli Junction,70,13.23,Light Rain
2026-04-28T12:01:55Z,SENS-002,Gachibowli Junction,37,33.77,Clear
2026-04-28T12:13:37Z,SENS-001,Jubilee Hills Checkpost,49,27.19,Heavy Rain
2026-04-28T12:17:38Z,SENS-004,Madhapur IT Corridor,39,51.51,Clear
2026-04-28T12:18:49Z,SENS-005,Tank Bund Road,83,14.19,Clear
2026-04-28T12:22:36Z,SENS-009,Kukatpally Housing Board,38,25.32,Cloudy
2026-04-28T12:24:47Z,SENS-010,Secunderabad Clock Tower,37,29.5,Drizzle
2026-04-28T12:27:59Z,SENS-008,LB Nagar Crossroads,52,19.83,Clear
2026-04-28T12:34:06Z,SENS-006,Hitech City Signal,61,27.14,Clear
2026-04-28T12:58:05Z,SENS-008,LB Nagar Crossroads,53,50.92,Clear
2026-04-28T13:00:46Z,SENS-010,Secunderabad Clock Tower,85,14.53,Cloudy
2026-04-28T13:04:04Z,SENS-006,Hitech City Signal,27,36.89,Fog
2026-04-28T13:04:47Z,SENS-008,LB Nagar Crossroads,45,30.05,Light Rain
2026-04-28T13:05:07Z,SENS-001,Jubilee Hills Checkpost,68,20.15,Cloudy
2026-04-28T13:06:38Z,SENS-012,PVNR Expressway Toll,30,22.07,Clear
2026-04-28T13:09:31Z,SENS-010,Secunderabad Clock Tower,70,23.6,Clear
2026-04-28T13:15:05Z,SENS-004,Madhapur IT Corridor,54,21.25,Fog
2026-04-28T13:17:17Z,SENS-010,Secunderabad Clock Tower,63,43.9,Light Rain
2026-04-28T13:17:43Z,SENS-009,Kukatpally Housing Board,43,29.11,Heavy Rain
2026-04-28T13:29:56Z,SENS-011,Mehdipatnam Bus Stand,68,19.27,Clear
2026-04-28T13:34:54Z,SENS-006,Hitech City Signal,50,44.77,Cloudy
2026-04-28T13:40:22Z,SENS-001,Jubilee Hills Checkpost,63,37.66,Cloudy
2026-04-28T13:40:34Z,SENS-012,PVNR Expressway Toll,47,33.51,Clear
2026-04-28T13:43:44Z,SENS-001,Jubilee Hills Checkpost,63,26.99,Light Rain
2026-04-28T13:46:35Z,SENS-009,Kukatpally Housing Board,39,15.43,Fog
2026-04-28T13:46:45Z,SENS-005,Tank Bund Road,44,40.03,Drizzle
2026-04-28T13:52:34Z,SENS-002,Gachibowli Junction,63,15.09,Fog
2026-04-28T13:56:59Z,SENS-002,Gachibowli Junction,82,30.07,Clear
2026-04-28T13:57:02Z,SENS-008,LB Nagar Crossroads,56,19.27,Cloudy
2026-04-28T14:04:26Z,SENS-005,Tank Bund Road,67,35.13,Clear
2026-04-28T14:04:51Z,SENS-003,Ameerpet Crossroads,50,49.27,Light Rain
2026-04-28T14:05:04Z,SENS-002,Gachibowli Junction,67,21.34,Light Rain
2026-04-28T14:08:07Z,SENS-012,PVNR Expressway Toll,36,13.18,Heavy Rain
2026-04-28T14:12:22Z,SENS-010,Secunderabad Clock Tower,50,49.32,Clear
2026-04-28T14:14:50Z,SENS-010,Secunderabad Clock Tower,40,49.56,Clear
2026-04-28T14:49:39Z,SENS-010,Secunderabad Clock Tower,43,15.61,Heavy Rain
2026-04-28T14:55:27Z,SENS-003,Ameerpet Crossroads,63,37.67,Drizzle
2026-04-28T15:10:31Z,SENS-011,Mehdipatnam Bus Stand,69,21.58,Drizzle
2026-04-28T15:18:51Z,SENS-009,Kukatpally Housing Board,41,16.72,Clear
2026-04-28T15:29:31Z,SENS-006,Hitech City Signal,53,39.21,Clear
2026-04-28T15:30:00Z,SENS-008,LB Nagar Crossroads,39,42.66,Clear
2026-04-28T15:33:33Z,SENS-009,Kukatpally Housing Board,48,31.39,Light Rain
2026-04-28T15:43:28Z,SENS-007,Begumpet Flyover,31,44.21,Fog
2026-04-28T15:43:33Z,SENS-012,PVNR Expressway Toll,62,13.9,Light Rain
2026-04-28T15:44:07Z,SENS-004,Madhapur IT Corridor,59,25.69,Cloudy
2026-04-28T15:48:50Z,SENS-004,Madhapur IT Corridor,50,36.27,Light Rain
2026-04-28T15:53:50Z,SENS-001,Jubilee Hills Checkpost,64,44.55,Cloudy
2026-04-28T15:56:04Z,SENS-005,Tank Bund Road,52,17.59,Cloudy
2026-04-28T16:05:23Z,SENS-005,Tank Bund Road,76,41.45,Light Rain
2026-04-28T16:09:05Z,SENS-008,LB Nagar Crossroads,56,52.28,Light Rain
2026-04-28T16:15:38Z,SENS-003,Ameerpet Crossroads,48,19.36,Clear
2026-04-28T16:17:37Z,SENS-003,Ameerpet Crossroads,54,11.02,Heavy Rain
2026-04-28T16:19:17Z,SENS-006,Hitech City Signal,51,37.12,Clear
2026-04-28T16:20:10Z,SENS-006,Hitech City Signal,69,26.87,Drizzle
2026-04-28T16:27:16Z,SENS-004,Madhapur IT Corridor,66,37.07,Cloudy
2026-04-28T16:29:44Z,SENS-002,Gachibowli Junction,60,43.58,Light Rain
2026-04-28T16:34:31Z,SENS-007,Begumpet Flyover,33,33.68,Clear
2026-04-28T16:35:02Z,SENS-005,Tank Bund Road,74,46.53,Clear
2026-04-28T16:44:26Z,SENS-006,Hitech City Signal,43,28.35,Fog
2026-04-28T16:44:48Z,SENS-011,Mehdipatnam Bus Stand,73,24.63,Clear
2026-04-28T16:46:43Z,SENS-005,Tank Bund Road,27,28.93,Heavy Rain
2026-04-28T16:52:02Z,SENS-006,Hitech City Signal,75,28.19,Clear
2026-04-28T16:56:36Z,SENS-005,Tank Bund Road,54,22.96,Heavy Rain
2026-04-28T16:59:31Z,SENS-009,Kukatpally Housing Board,71,16.95,Clear
2026-04-28T17:02:44Z,SENS-010,Secunderabad Clock Tower,114,17.89,Light Rain
2026-04-28T17:08:58Z,SENS-008,LB Nagar Crossroads,108,14.26,Light Rain
2026-04-28T17:11:18Z,SENS-005,Tank Bund Road,176,8.54,Clear
2026-04-28T17:11:59Z,SENS-012,PVNR Expressway Toll,136,9.09,Fog
2026-04-28T17:13:57Z,SENS-006,Hitech City Signal,80,28.21,Clear
2026-04-28T17:22:50Z,SENS-003,Ameerpet Crossroads,129,27.09,Clear
2026-04-28T17:35:55Z,SENS-010,Secunderabad Clock Tower,196,17.8,Clear
2026-04-28T17:46:08Z,SENS-005,Tank Bund Road,162,15.64,Clear
2026-04-28T17:47:27Z,SENS-002,Gachibowli Junction,100,38.83,Cloudy
2026-04-28T17:52:43Z,SENS-011,Mehdipatnam Bus Stand,82,25.37,Clear
2026-04-28T17:53:02Z,SENS-009,Kukatpally Housing Board,100,21.15,Fog
2026-04-28T17:56:37Z,SENS-012,PVNR Expressway Toll,81,27.86,Cloudy
2026-04-28T17:59:02Z,SENS-006,Hitech City Signal,138,17.01,Cloudy
2026-04-28T18:04:40Z,SENS-012,PVNR Expressway Toll,148,8.08,Cloudy
2026-04-28T18:06:28Z,SENS-001,Jubilee Hills Checkpost,144,12.54,Drizzle
2026-04-28T18:09:41Z,SENS-006,Hitech City Signal,86,30.12,Clear
2026-04-28T18:14:14Z,SENS-012,PVNR Expressway Toll,127,15.97,Light Rain
2026-04-28T18:21:09Z,SENS-006,Hitech City Signal,135,12.02,Light Rain
2026-04-28T18:21:31Z,SENS-005,Tank Bund Road,178,9.39,Light Rain
2026-04-28T18:21:41Z,SENS-009,Kukatpally Housing Board,168,21.84,Clear
2026-04-28T18:23:52Z,SENS-008,LB Nagar Crossroads,179,22.84,Clear
2026-04-28T18:27:09Z,SENS-004,Madhapur IT Corridor,125,25.17,Heavy Rain
2026-04-28T18:27:21Z,SENS-007,Begumpet Flyover,100,29.8,Light Rain
2026-04-28T18:29:20Z,SENS-009,Kukatpally Housing Board,135,16.46,Light Rain
2026-04-28T18:34:04Z,SENS-003,Ameerpet Crossroads,160,12.85,Cloudy
2026-04-28T18:53:28Z,SENS-004,Madhapur IT Corridor,131,20.11,Clear
2026-04-28T18:54:56Z,SENS-005,Tank Bund Road,164,10.41,Clear
2026-04-28T18:59:53Z,SENS-005,Tank Bund Road,171,12.03,Drizzle
2026-04-28T19:01:14Z,SENS-001,Jubilee Hills Checkpost,110,18.92,Heavy Rain
2026-04-28T19:01:19Z,SENS-004,Madhapur IT Corridor,190,7.37,Cloudy
2026-04-28T19:11:56Z,SENS-007,Begumpet Flyover,71,15.02,Heavy Rain
2026-04-28T19:15:58Z,SENS-004,Madhapur IT Corridor,127,15.38,Clear
2026-04-28T19:17:31Z,SENS-012,PVNR Expressway Toll,115,29.9,Drizzle
2026-04-28T19:17:55Z,SENS-001,Jubilee Hills Checkpost,137,9.39,Light Rain
2026-04-28T19:25:25Z,SENS-008,LB Nagar Crossroads,109,36.33,Light Rain
2026-04-28T19:25:31Z,SENS-007,Begumpet Flyover,147,18.97,Clear
2026-04-28T19:27:28Z,SENS-004,Madhapur IT Corridor,176,20.4,Cloudy
2026-04-28T19:34:20Z,SENS-010,Secunderabad Clock Tower,184,22.82,Clear
2026-04-28T19:37:21Z,SENS-005,Tank Bund Road,112,12.88,Cloudy
2026-04-28T19:37:37Z,SENS-005,Tank Bund Road,76,40.05,Light Rain
2026-04-28T19:41:40Z,SENS-006,Hitech City Signal,183,8.76,Clear
2026-04-28T19:47:53Z,SENS-010,Secunderabad Clock Tower,68,15.0,Fog
2026-04-28T19:52:22Z,SENS-008,LB Nagar Crossroads,165,26.53,Clear
2026-04-28T19:55:23Z,SENS-006,Hitech City Signal,189,19.47,Clear
2026-04-28T19:55:31Z,SENS-011,Mehdipatnam Bus Stand,144,13.82,Clear
2026-04-28T20:05:28Z,SENS-008,LB Nagar Crossroads,38,31.51,Fog
2026-04-28T20:05:28Z,SENS-009,Kukatpally Housing Board,83,27.03,Cloudy
2026-04-28T20:08:09Z,SENS-006,Hitech City Signal,25,34.5,Heavy Rain
2026-04-28T20:10:37Z,SENS-006,Hitech City Signal,56,30.25,Clear
2026-04-28T20:14:14Z,SENS-004,Madhapur IT Corridor,72,36.4,Light Rain
2026-04-28T20:15:00Z,SENS-005,Tank Bund Road,64,37.75,Light Rain
2026-04-28T20:17:37Z,SENS-003,Ameerpet Crossroads,81,34.64,Cloudy
2026-04-28T20:23:30Z,SENS-007,Begumpet Flyover,38,28.27,Clear
2026-04-28T20:34:58Z,SENS-001,Jubilee Hills Checkpost,79,34.82,Light Rain
2026-04-28T20:36:28Z,SENS-005,Tank Bund Road,59,23.93,Clear
2026-04-28T20:37:01Z,SENS-010,Secunderabad Clock Tower,30,55.07,Cloudy
2026-04-28T20:42:07Z,SENS-009,Kukatpally Housing Board,56,45.23,Cloudy
2026-04-28T20:46:18Z,SENS-007,Begumpet Flyover,57,37.6,Cloudy
2026-04-28T20:57:06Z,SENS-011,Mehdipatnam Bus Stand,83,42.91,Clear
2026-04-28T20:57:06Z,SENS-005,Tank Bund Road,61,53.41,Clear
2026-04-28T20:59:57Z,SENS-001,Jubilee Hills Checkpost,36,37.38,Clear
2026-04-28T21:05:18Z,SENS-009,Kukatpally Housing Board,58,42.42,Clear
2026-04-28T21:11:59Z,SENS-002,Gachibowli Junction,85,30.36,Clear
2026-04-28T21:15:21Z,SENS-006,Hitech City Signal,56,34.72,Fog
2026-04-28T21:16:08Z,SENS-008,LB Nagar Crossroads,23,28.99,Heavy Rain
2026-04-28T21:18:30Z,SENS-011,Mehdipatnam Bus Stand,46,46.23,Cloudy
2026-04-28T21:26:54Z,SENS-002,Gachibowli Junction,30,53.42,Light Rain
2026-04-28T21:32:50Z,SENS-010,Secunderabad Clock Tower,65,33.12,Heavy Rain
2026-04-28T21:33:09Z,SENS-002,Gachibowli Junction,64,36.27,Cloudy
2026-04-28T21:33:43Z,SENS-007,Begumpet Flyover,64,38.61,Fog
2026-04-28T21:41:44Z,SENS-012,PVNR Expressway Toll,37,27.81,Clear
2026-04-28T21:46:52Z,SENS-002,Gachibowli Junction,88,28.92,Clear
2026-04-28T21:47:26Z,SENS-002,Gachibowli Junction,34,47.39,Cloudy
2026-04-28T21:52:06Z,SENS-006,Hitech City Signal,86,38.7,Clear
2026-04-28T21:52:37Z,SENS-004,Madhapur IT Corridor,48,35.26,Clear
2026-04-28T21:53:02Z,SENS-007,Begumpet Flyover,79,38.06,Clear
2026-04-28T22:00:58Z,SENS-002,Gachibowli Junction,17,36.18,Clear
2026-04-28T22:07:45Z,SENS-011,Mehdipatnam Bus Stand,33,33.47,Cloudy
2026-04-28T22:08:17Z,SENS-001,Jubilee Hills Checkpost,32,31.18,Clear
2026-04-28T22:10:09Z,SENS-001,Jubilee Hills Checkpost,17,32.0,Clear
2026-04-28T22:10:48Z,SENS-010,Secunderabad Clock Tower,12,34.24,Light Rain
2026-04-28T22:11:58Z,SENS-006,Hitech City Signal,24,25.26,Fog
2026-04-28T22:13:09Z,SENS-004,Madhapur IT Corridor,14,66.16,Cloudy
2026-04-28T22:13:50Z,SENS-007,Begumpet Flyover,29,23.78,Fog
2026-04-28T22:18:00Z,SENS-008,LB Nagar Crossroads,12,75.8,Clear
2026-04-28T22:19:39Z,SENS-007,Begumpet Flyover,8,51.44,Heavy Rain
2026-04-28T22:20:14Z,SENS-012,PVNR Expressway Toll,32,59.98,Cloudy
2026-04-28T22:25:26Z,SENS-007,Begumpet Flyover,24,46.81,Heavy Rain
2026-04-28T22:28:23Z,SENS-009,Kukatpally Housing Board,34,35.74,Cloudy
2026-04-28T22:37:44Z,SENS-009,Kukatpally Housing Board,17,37.96,Light Rain
2026-04-28T22:39:24Z,SENS-001,Jubilee Hills Checkpost,32,57.94,Cloudy
2026-04-28T22:42:24Z,SENS-011,Mehdipatnam Bus Stand,24,19.32,Clear
2026-04-28T22:47:39Z,SENS-003,Ameerpet Crossroads,10,21.65,Cloudy
2026-04-28T22:48:38Z,SENS-004,Madhapur IT Corridor,8,29.84,Heavy Rain
2026-04-28T22:51:25Z,SENS-002,Gachibowli Junction,20,35.36,Clear
2026-04-28T22:55:19Z,SENS-011,Mehdipatnam Bus Stand,39,50.08,Clear
2026-04-28T23:03:35Z,SENS-001,Jubilee Hills Checkpost,28,21.65,Clear
2026-04-28T23:09:04Z,SENS-002,Gachibowli Junction,9,27.73,Clear
2026-04-28T23:14:34Z,SENS-004,Madhapur IT Corridor,23,28.42,Cloudy
2026-04-28T23:14:57Z,SENS-001,Jubilee Hills Checkpost,25,30.28,Clear
2026-04-28T23:15:33Z,SENS-008,LB Nagar Crossroads,23,21.04,Heavy Rain
2026-04-28T23:21:21Z,SENS-010,Secunderabad Clock Tower,20,61.02,Clear
2026-04-28T23:32:07Z,SENS-009,Kukatpally Housing Board,6,38.1,Clear
2026-04-28T23:34:11Z,SENS-012,PVNR Expressway Toll,26,59.02,Cloudy
2026-04-28T23:35:24Z,SENS-001,Jubilee Hills Checkpost,37,45.76,Clear
2026-04-28T23:36:16Z,SENS-004,Madhapur IT Corridor,22,66.79,Clear
2026-04-28T23:43:33Z,SENS-012,PVNR Expressway Toll,9,39.11,Light Rain
2026-04-28T23:45:25Z,SENS-008,LB Nagar Crossroads,20,51.04,Clear
2026-04-28T23:51:19Z,SENS-004,Madhapur IT Corridor,23,22.91,Heavy Rain
2026-04-28T23:52:54Z,SENS-006,Hitech City Signal,12,23.7,Fog
2026-04-28T23:54:44Z,SENS-005,Tank Bund Road,35,42.6,Light Rain
2026-04-28T23:56:06Z,SENS-010,Secunderabad Clock Tower,33,21.51,Clear
2026-04-28T23:56:30Z,SENS-008,LB Nagar Crossroads,23,28.9,Cloudy
2026-04-28T23:58:49Z,SENS-011,Mehdipatnam Bus Stand,21,45.75,Clear
2026-04-28T23:59:25Z,SENS-001,Jubilee Hills Checkpost,22,58.1,Clear
2026-04-29T00:01:27Z,SENS-006,Hitech City Signal,17,55.71,Light Rain
2026-04-29T00:03:36Z,SENS-008,LB Nagar Crossroads,7,50.5,Light Rain
2026-04-29T00:04:28Z,SENS-004,Madhapur IT Corridor,17,21.72,Heavy Rain
2026-04-29T00:07:39Z,SENS-005,Tank Bund Road,19,63.83,Cloudy
2026-04-29T00:08:29Z,SENS-001,Jubilee Hills Checkpost,21,30.03,Clear
2026-04-29T00:12:49Z,SENS-005,Tank Bund Road,24,41.97,Drizzle
2026-04-29T00:23:34Z,SENS-003,Ameerpet Crossroads,26,47.41,Light Rain
2026-04-29T00:30:03Z,SENS-001,Jubilee Hills Checkpost,25,60.47,Clear
2026-04-29T00:38:54Z,SENS-009,Kukatpally Housing Board,15,74.76,Clear
2026-04-29T00:41:52Z,SENS-012,PVNR Expressway Toll,9,30.46,Clear
2026-04-29T00:43:32Z,SENS-002,Gachibowli Junction,13,52.49,Clear
2026-04-29T00:50:17Z,SENS-011,Mehdipatnam Bus Stand,31,30.19,Cloudy
2026-04-29T00:52:29Z,SENS-001,Jubilee Hills Checkpost,6,30.24,Clear
2026-04-29T00:53:55Z,SENS-012,PVNR Expressway Toll,11,49.39,Clear
2026-04-29T01:02:27Z,SENS-004,Madhapur IT Corridor,9,26.18,Clear
2026-04-29T01:04:39Z,SENS-007,Begumpet Flyover,22,47.1,Clear
2026-04-29T01:08:27Z,SENS-003,Ameerpet Crossroads,12,57.11,Cloudy
2026-04-29T01:09:08Z,SENS-007,Begumpet Flyover,11,72.64,Cloudy
2026-04-29T01:22:39Z,SENS-006,Hitech City Signal,24,46.7,Cloudy
2026-04-29T01:25:19Z,SENS-006,Hitech City Signal,9,47.45,Light Rain
2026-04-29T01:31:27Z,SENS-008,LB Nagar Crossroads,6,76.93,Clear
2026-04-29T01:36:29Z,SENS-007,Begumpet Flyover,33,48.79,Clear
2026-04-29T01:45:07Z,SENS-003,Ameerpet Crossroads,8,25.96,Light Rain
2026-04-29T01:45:12Z,SENS-003,Ameerpet Crossroads,26,18.41,Heavy Rain
2026-04-29T01:50:54Z,SENS-010,Secunderabad Clock Tower,37,45.19,Clear
2026-04-29T02:00:49Z,SENS-011,Mehdipatnam Bus Stand,28,53.95,Clear
2026-04-29T02:09:15Z,SENS-010,Secunderabad Clock Tower,38,21.32,Clear
2026-04-29T02:10:56Z,SENS-011,Mehdipatnam Bus Stand,9,76.97,Clear
2026-04-29T02:16:33Z,SENS-010,Secunderabad Clock Tower,14,48.58,Drizzle
2026-04-29T02:19:29Z,SENS-007,Begumpet Flyover,29,50.6,Clear
2026-04-29T02:21:18Z,SENS-005,Tank Bund Road,6,49.0,Heavy Rain
2026-04-29T02:22:50Z,SENS-012,PVNR Expressway Toll,6,74.17,Clear
2026-04-29T02:28:37Z,SENS-007,Begumpet Flyover,9,27.01,Cloudy
2026-04-29T02:29:46Z,SENS-008,LB Nagar Crossroads,27,61.65,Clear
2026-04-29T02:31:01Z,SENS-010,Secunderabad Clock Tower,29,21.57,Clear
2026-04-29T02:33:13Z,SENS-005,Tank Bund Road,5,67.43,Clear
2026-04-29T02:33:20Z,SENS-007,Begumpet Flyover,7,42.98,Clear
2026-04-29T02:35:02Z,SENS-007,Begumpet Flyover,21,52.29,Light Rain
2026-04-29T02:35:14Z,SENS-002,Gachibowli Junction,30,41.45,Light Rain
2026-04-29T02:36:27Z,SENS-012,PVNR Expressway Toll,23,17.95,Heavy Rain
2026-04-29T02:36:45Z,SENS-012,PVNR Expressway Toll,7,51.57,Clear
2026-04-29T02:47:00Z,SENS-004,Madhapur IT Corridor,21,63.41,Drizzle
2026-04-29T02:48:29Z,SENS-002,Gachibowli Junction,18,73.3,Clear
2026-04-29T02:51:31Z,SENS-011,Mehdipatnam Bus Stand,25,23.84,Drizzle
2026-04-29T02:51:37Z,SENS-002,Gachibowli Junction,14,34.2,Clear
2026-04-29T02:54:00Z,SENS-003,Ameerpet Crossroads,22,60.11,Clear
2026-04-29T02:58:49Z,SENS-001,Jubilee Hills Checkpost,21,47.77,Clear
2026-04-29T03:03:15Z,SENS-010,Secunderabad Clock Tower,8,45.12,Light Rain
2026-04-29T03:04:11Z,SENS-011,Mehdipatnam Bus Stand,15,50.56,Cloudy
2026-04-29T03:05:07Z,SENS-009,Kukatpally Housing Board,4,58.68,Cloudy
2026-04-29T03:12:24Z,SENS-005,Tank Bund Road,19,66.94,Cloudy
2026-04-29T03:15:14Z,SENS-005,Tank Bund Road,21,19.43,Heavy Rain
2026-04-29T03:18:12Z,SENS-003,Ameerpet Crossroads,30,19.18,Clear
2026-04-29T03:20:19Z,SENS-002,Gachibowli Junction,39,46.93,Clear
2026-04-29T03:24:50Z,SENS-009,Kukatpally Housing Board,27,35.88,Light Rain
2026-04-29T03:26:47Z,SENS-008,LB Nagar Crossroads,4,71.41,Cloudy
2026-04-29T03:27:55Z,SENS-012,PVNR Expressway Toll,39,23.92,Clear
2026-04-29T03:29:18Z,SENS-002,Gachibowli Junction,28,53.53,Cloudy
2026-04-29T03:31:30Z,SENS-006,Hitech City Signal,11,63.2,Clear
2026-04-29T03:31:46Z,SENS-007,Begumpet Flyover,25,54.07,Clear
2026-04-29T03:38:27Z,SENS-004,Madhapur IT Corridor,7,21.48,Cloudy
2026-04-29T03:39:30Z,SENS-008,LB Nagar Crossroads,13,41.03,Heavy Rain
2026-04-29T03:42:40Z,SENS-006,Hitech City Signal,24,21.69,Cloudy
2026-04-29T03:46:32Z,SENS-006,Hitech City Signal,6,70.57,Cloudy
2026-04-29T04:03:25Z,SENS-002,Gachibowli Junction,25,27.94,Clear
2026-04-29T04:04:26Z,SENS-010,Secunderabad Clock Tower,35,43.98,Clear
2026-04-29T04:12:13Z,SENS-001,Jubilee Hills Checkpost,8,70.06,Cloudy
2026-04-29T04:16:14Z,SENS-010,Secunderabad Clock Tower,15,55.38,Clear
2026-04-29T04:18:55Z,SENS-003,Ameerpet Crossroads,15,28.58,Heavy Rain
2026-04-29T04:19:55Z,SENS-010,Secunderabad Clock Tower,5,22.92,Drizzle
2026-04-29T04:20:37Z,SENS-012,PVNR Expressway Toll,18,54.72,Cloudy
2026-04-29T04:20:41Z,SENS-008,LB Nagar Crossroads,11,57.01,Cloudy
2026-04-29T04:33:49Z,SENS-001,Jubilee Hills Checkpost,20,40.05,Cloudy
2026-04-29T04:34:25Z,SENS-001,Jubilee Hills Checkpost,27,49.82,Cloudy
2026-04-29T04:35:06Z,SENS-012,PVNR Expressway Toll,21,48.28,Clear
2026-04-29T04:36:38Z,SENS-007,Begumpet Flyover,12,64.76,Cloudy
2026-04-29T04:37:50Z,SENS-002,Gachibowli Junction,10,40.92,Clear
2026-04-29T04:37:56Z,SENS-007,Begumpet Flyover,27,47.79,Heavy Rain
2026-04-29T04:38:03Z,SENS-005,Tank Bund Road,20,50.53,Clear
2026-04-29T04:38:18Z,SENS-002,Gachibowli Junction,27,48.26,Light Rain
2026-04-29T04:39:54Z,SENS-003,Ameerpet Crossroads,20,44.62,Heavy Rain
2026-04-29T04:42:39Z,SENS-007,Begumpet Flyover,26,18.57,Drizzle
2026-04-29T04:45:09Z,SENS-012,PVNR Expressway Toll,23,26.54,Drizzle
2026-04-29T04:45:25Z,SENS-008,LB Nagar Crossroads,7,41.93,Light Rain
2026-04-29T04:47:09Z,SENS-003,Ameerpet Crossroads,18,42.49,Light Rain
2026-04-29T04:47:21Z,SENS-008,LB Nagar Crossroads,9,31.52,Cloudy
2026-04-29T04:49:17Z,SENS-012,PVNR Expressway Toll,20,26.3,Clear
2026-04-29T04:52:25Z,SENS-008,LB Nagar Crossroads,6,46.96,Clear
2026-04-29T04:53:27Z,SENS-001,Jubilee Hills Checkpost,22,64.24,Clear
2026-04-29T04:57:55Z,SENS-006,Hitech City Signal,35,30.71,Clear
2026-04-29T04:58:08Z,SENS-003,Ameerpet Crossroads,27,25.56,Cloudy
2026-04-29T05:05:06Z,SENS-003,Ameerpet Crossroads,58,16.95,Cloudy
2026-04-29T05:20:21Z,SENS-009,Kukatpally Housing Board,49,42.46,Drizzle
2026-04-29T05:28:39Z,SENS-008,LB Nagar Crossroads,51,48.53,Cloudy
2026-04-29T05:30:34Z,SENS-005,Tank Bund Road,45,25.36,Cloudy
2026-04-29T05:42:06Z,SENS-009,Kukatpally Housing Board,59,12.89,Fog
2026-04-29T05:42:43Z,SENS-010,Secunderabad Clock Tower,74,15.97,Cloudy
2026-04-29T05:43:46Z,SENS-007,Begumpet Flyover,54,27.55,Cloudy
2026-04-29T05:49:35Z,SENS-006,Hitech City Signal,32,67.36,Clear
2026-04-29T05:51:33Z,SENS-011,Mehdipatnam Bus Stand,79,37.81,Clear
2026-04-29T05:54:21Z,SENS-003,Ameerpet Crossroads,33,41.63,Cloudy
2026-04-29T05:57:55Z,SENS-002,Gachibowli Junction,62,37.06,Light Rain
2026-04-29T06:00:48Z,SENS-006,Hitech City Signal,58,26.16,Cloudy
2026-04-29T06:15:22Z,SENS-012,PVNR Expressway Toll,50,24.65,Light Rain
2026-04-29T06:18:58Z,SENS-002,Gachibowli Junction,35,36.88,Clear
2026-04-29T06:20:26Z,SENS-012,PVNR Expressway Toll,36,51.01,Drizzle
2026-04-29T06:20:42Z,SENS-005,Tank Bund Road,79,30.38,Cloudy
2026-04-29T06:31:55Z,SENS-005,Tank Bund Road,54,37.94,Heavy Rain
2026-04-29T06:32:56Z,SENS-004,Madhapur IT Corridor,41,29.07,Clear
2026-04-29T06:35:03Z,SENS-007,Begumpet Flyover,35,28.3,Clear
2026-04-29T06:37:14Z,SENS-008,LB Nagar Crossroads,89,14.94,Clear
2026-04-29T06:38:06Z,SENS-006,Hitech City Signal,61,47.21,Clear
2026-04-29T06:38:34Z,SENS-008,LB Nagar Crossroads,50,53.38,Drizzle
2026-04-29T06:42:02Z,SENS-012,PVNR Expressway Toll,61,19.76,Cloudy
2026-04-29T06:44:25Z,SENS-006,Hitech City Signal,63,23.11,Light Rain
2026-04-29T06:58:08Z,SENS-009,Kukatpally Housing Board,84,50.01,Clear
2026-04-29T06:59:52Z,SENS-004,Madhapur IT Corridor,36,59.28,Clear
2026-04-29T07:11:35Z,SENS-012,PVNR Expressway Toll,71,21.69,Drizzle
2026-04-29T07:11:41Z,SENS-004,Madhapur IT Corridor,32,41.46,Fog
2026-04-29T07:13:11Z,SENS-005,Tank Bund Road,61,23.78,Drizzle
2026-04-29T07:14:23Z,SENS-011,Mehdipatnam Bus Stand,59,42.24,Light Rain
2026-04-29T07:15:08Z,SENS-001,Jubilee Hills Checkpost,89,27.05,Clear
2026-04-29T07:20:45Z,SENS-005,Tank Bund Road,62,15.45,Fog
2026-04-29T07:32:15Z,SENS-009,Kukatpally Housing Board,40,34.67,Clear
2026-04-29T07:33:08Z,SENS-003,Ameerpet Crossroads,47,40.03,Clear
2026-04-29T07:34:30Z,SENS-011,Mehdipatnam Bus Stand,55,50.05,Cloudy
2026-04-29T07:48:32Z,SENS-006,Hitech City Signal,80,22.05,Drizzle
2026-04-29T07:51:57Z,SENS-007,Begumpet Flyover,45,19.65,Cloudy
2026-04-29T08:09:18Z,SENS-012,PVNR Expressway Toll,137,23.06,Fog
2026-04-29T08:16:11Z,SENS-002,Gachibowli Junction,157,17.58,Clear
2026-04-29T08:21:19Z,SENS-004,Madhapur IT Corridor,122,15.49,Light Rain
2026-04-29T08:24:04Z,SENS-008,LB Nagar Crossroads,132,28.12,Cloudy
2026-04-29T08:27:43Z,SENS-003,Ameerpet Crossroads,122,20.55,Light Rain
2026-04-29T08:28:41Z,SENS-006,Hitech City Signal,135,14.09,Drizzle
2026-04-29T08:30:35Z,SENS-007,Begumpet Flyover,85,30.16,Clear
2026-04-29T08:30:50Z,SENS-012,PVNR Expressway Toll,89,23.66,Clear
2026-04-29T08:34:31Z,SENS-009,Kukatpally Housing Board,145,10.99,Light Rain
2026-04-29T08:38:23Z,SENS-006,Hitech City Signal,145,7.36,Light Rain
2026-04-29T08:45:04Z,SENS-005,Tank Bund Road,146,18.64,Light Rain
2026-04-29T08:46:59Z,SENS-006,Hitech City Signal,173,23.83,Clear
2026-04-29T08:56:47Z,SENS-009,Kukatpally Housing Board,156,28.79,Clear
2026-04-29T09:03:13Z,SENS-007,Begumpet Flyover,85,33.9,Light Rain
2026-04-29T09:03:47Z,SENS-009,Kukatpally Housing Board,148,11.75,Clear
2026-04-29T09:05:07Z,SENS-004,Madhapur IT Corridor,180,17.86,Clear
2026-04-29T09:05:29Z,SENS-009,Kukatpally Housing Board,120,32.61,Clear
2026-04-29T09:07:11Z,SENS-009,Kukatpally Housing Board,120,16.99,Clear
2026-04-29T09:07:57Z,SENS-006,Hitech City Signal,133,31.88,Clear
2026-04-29T09:12:33Z,SENS-010,Secunderabad Clock Tower,88,35.84,Clear
2026-04-29T09:14:08Z,SENS-010,Secunderabad Clock Tower,161,16.54,Cloudy
2026-04-29T09:16:58Z,SENS-006,Hitech City Signal,134,17.82,Clear
2026-04-29T09:18:04Z,SENS-003,Ameerpet Crossroads,198,13.69,Clear
2026-04-29T09:21:00Z,SENS-010,Secunderabad Clock Tower,104,18.22,Cloudy
2026-04-29T09:21:56Z,SENS-009,Kukatpally Housing Board,137,16.57,Clear
2026-04-29T09:25:14Z,SENS-010,Secunderabad Clock Tower,168,8.59,Cloudy
2026-04-29T09:33:18Z,SENS-001,Jubilee Hills Checkpost,125,14.49,Cloudy
2026-04-29T09:45:04Z,SENS-003,Ameerpet Crossroads,128,14.14,Light Rain
2026-04-29T09:46:23Z,SENS-008,LB Nagar Crossroads,118,8.89,Heavy Rain
2026-04-29T09:47:51Z,SENS-005,Tank Bund Road,87,14.24,Clear
2026-04-29T09:49:10Z,SENS-007,Begumpet Flyover,172,14.22,Clear
2026-04-29T09:49:23Z,SENS-009,Kukatpally Housing Board,112,18.62,Clear
2026-04-29T09:56:43Z,SENS-002,Gachibowli Junction,179,16.45,Clear
2026-04-29T10:00:53Z,SENS-006,Hitech City Signal,92,11.97,Light Rain
2026-04-29T10:09:04Z,SENS-002,Gachibowli Junction,120,17.12,Heavy Rain
2026-04-29T10:09:52Z,SENS-007,Begumpet Flyover,171,13.84,Cloudy
2026-04-29T10:10:34Z,SENS-002,Gachibowli Junction,127,20.36,Cloudy
2026-04-29T10:21:22Z,SENS-005,Tank Bund Road,197,19.84,Clear
2026-04-29T10:22:41Z,SENS-012,PVNR Expressway Toll,139,10.78,Heavy Rain
2026-04-29T10:24:40Z,SENS-010,Secunderabad Clock Tower,190,8.96,Cloudy
2026-04-29T10:26:32Z,SENS-005,Tank Bund Road,134,17.11,Fog
2026-04-29T10:29:51Z,SENS-010,Secunderabad Clock Tower,141,18.58,Clear
2026-04-29T10:37:25Z,SENS-005,Tank Bund Road,136,8.66,Fog
2026-04-29T10:40:08Z,SENS-010,Secunderabad Clock Tower,114,25.51,Light Rain
2026-04-29T10:46:47Z,SENS-011,Mehdipatnam Bus Stand,133,14.1,Cloudy
2026-04-29T10:46:56Z,SENS-001,Jubilee Hills Checkpost,121,10.31,Heavy Rain
2026-04-29T10:47:49Z,SENS-010,Secunderabad Clock Tower,130,13.41,Fog
2026-04-29T10:48:50Z,SENS-008,LB Nagar Crossroads,193,8.76,Cloudy
2026-04-29T10:53:15Z,SENS-003,Ameerpet Crossroads,116,31.28,Cloudy
2026-04-29T10:57:02Z,SENS-002,Gachibowli Junction,113,14.12,Clear
2026-04-29T10:57:45Z,SENS-004,Madhapur IT Corridor,80,22.35,Heavy Rain
2026-04-29T11:23:38Z,SENS-010,Secunderabad Clock Tower,56,29.09,Heavy Rain
2026-04-29T11:23:58Z,SENS-012,PVNR Expressway Toll,37,38.14,Heavy Rain
2026-04-29T11:25:46Z,SENS-010,Secunderabad Clock Tower,41,50.37,Light Rain
2026-04-29T11:30:58Z,SENS-002,Gachibowli Junction,64,29.72,Drizzle
2026-04-29T11:31:43Z,SENS-012,PVNR Expressway Toll,73,18.19,Cloudy
2026-04-29T11:34:43Z,SENS-007,Begumpet Flyover,75,32.77,Drizzle
2026-04-29T11:35:42Z,SENS-008,LB Nagar Crossroads,51,18.56,Clear
2026-04-29T11:38:51Z,SENS-005,Tank Bund Road,27,25.85,Fog
2026-04-29T11:38:52Z,SENS-002,Gachibowli Junction,66,34.23,Heavy Rain
2026-04-29T11:46:41Z,SENS-004,Madhapur IT Corridor,32,35.63,Heavy Rain
2026-04-29T11:48:02Z,SENS-005,Tank Bund Road,67,30.25,Cloudy
2026-04-29T11:48:48Z,SENS-001,Jubilee Hills Checkpost,70,35.91,Clear
2026-04-29T11:50:22Z,SENS-004,Madhapur IT Corridor,70,44.5,Cloudy
2026-04-29T11:53:05Z,SENS-008,LB Nagar Crossroads,34,59.07,Drizzle
2026-04-29T12:04:29Z,SENS-005,Tank Bund Road,53,43.1,Clear
2026-04-29T12:18:44Z,SENS-003,Ameerpet Crossroads,85,18.42,Cloudy
2026-04-29T12:30:58Z,SENS-008,LB Nagar Crossroads,47,29.7,Light Rain
2026-04-29T12:31:36Z,SENS-002,Gachibowli Junction,28,35.08,Fog
2026-04-29T12:31:57Z,SENS-008,LB Nagar Crossroads,31,24.25,Fog
2026-04-29T12:40:04Z,SENS-011,Mehdipatnam Bus Stand,55,18.39,Clear
2026-04-29T12:50:41Z,SENS-001,Jubilee Hills Checkpost,34,62.9,Cloudy
2026-04-29T12:51:10Z,SENS-003,Ameerpet Crossroads,45,33.71,Clear
2026-04-29T12:54:25Z,SENS-007,Begumpet Flyover,62,17.29,Cloudy
2026-04-29T12:59:39Z,SENS-001,Jubilee Hills Checkpost,56,17.57,Light Rain
2026-04-29T13:04:42Z,SENS-002,Gachibowli Junction,34,36.18,Clear
2026-04-29T13:16:09Z,SENS-001,Jubilee Hills Checkpost,42,49.18,Cloudy
2026-04-29T13:22:24Z,SENS-011,Mehdipatnam Bus Stand,36,56.82,Cloudy
2026-04-29T13:45:45Z,SENS-002,Gachibowli Junction,84,39.23,Cloudy
2026-04-29T13:54:03Z,SENS-003,Ameerpet Crossroads,29,41.1,Heavy Rain
2026-04-29T14:05:31Z,SENS-004,Madhapur IT Corridor,41,19.35,Heavy Rain
2026-04-29T14:06:08Z,SENS-007,Begumpet Flyover,89,27.8,Clear
2026-04-29T14:07:11Z,SENS-003,Ameerpet Crossroads,65,18.63,Drizzle
2026-04-29T14:09:32Z,SENS-008,LB Nagar Crossroads,61,27.84,Light Rain
2026-04-29T14:09:40Z,SENS-010,Secunderabad Clock Tower,36,17.03,Heavy Rain
2026-04-29T14:13:24Z,SENS-001,Jubilee Hills Checkpost,26,32.39,Fog
2026-04-29T14:16:14Z,SENS-005,Tank Bund Road,45,23.98,Light Rain
2026-04-29T14:17:50Z,SENS-009,Kukatpally Housing Board,80,33.07,Clear
2026-04-29T14:23:07Z,SENS-010,Secunderabad Clock Tower,41,27.15,Light Rain
2026-04-29T14:26:27Z,SENS-012,PVNR Expressway Toll,33,31.64,Light Rain
2026-04-29T14:29:16Z,SENS-005,Tank Bund Road,79,37.86,Cloudy
2026-04-29T14:29:33Z,SENS-010,Secunderabad Clock Tower,47,26.39,Fog
2026-04-29T14:34:31Z,SENS-002,Gachibowli Junction,48,14.18,Light Rain
2026-04-29T14:47:19Z,SENS-012,PVNR Expressway Toll,59,38.85,Light Rain
2026-04-29T14:50:42Z,SENS-009,Kukatpally Housing Board,74,38.79,Light Rain
2026-04-29T14:51:31Z,SENS-012,PVNR Expressway Toll,29,58.61,Light Rain
2026-04-29T14:53:12Z,SENS-012,PVNR Expressway Toll,81,47.46,Cloudy
2026-04-29T14:56:21Z,SENS-003,Ameerpet Crossroads,60,15.83,Cloudy
2026-04-29T15:04:16Z,SENS-008,LB Nagar Crossroads,53,52.55,Clear
2026-04-29T15:07:01Z,SENS-010,Secunderabad Clock Tower,84,19.4,Cloudy
2026-04-29T15:11:47Z,SENS-012,PVNR Expressway Toll,46,31.86,Light Rain
2026-04-29T15:14:33Z,SENS-011,Mehdipatnam Bus Stand,51,29.66,Clear
2026-04-29T15:21:49Z,SENS-002,Gachibowli Junction,72,25.2,Light Rain
2026-04-29T15:23:49Z,SENS-007,Begumpet Flyover,30,35.26,Clear
2026-04-29T15:24:30Z,SENS-012,PVNR Expressway Toll,81,36.15,Clear
2026-04-29T15:27:39Z,SENS-006,Hitech City Signal,42,41.88,Light Rain
2026-04-29T15:33:24Z,SENS-002,Gachibowli Junction,51,43.63,Heavy Rain
2026-04-29T15:36:26Z,SENS-010,Secunderabad Clock Tower,60,34.42,Cloudy
2026-04-29T15:45:34Z,SENS-006,Hitech City Signal,69,28.15,Light Rain
2026-04-29T15:50:36Z,SENS-002,Gachibowli Junction,60,38.7,Clear
2026-04-29T16:02:24Z,SENS-010,Secunderabad Clock Tower,30,13.27,Fog
2026-04-29T16:08:39Z,SENS-004,Madhapur IT Corridor,83,18.83,Clear
2026-04-29T16:11:38Z,SENS-006,Hitech City Signal,34,16.61,Cloudy
2026-04-29T16:16:37Z,SENS-008,LB Nagar Crossroads,65,40.04,Cloudy
2026-04-29T16:18:33Z,SENS-002,Gachibowli Junction,56,28.63,Clear
2026-04-29T16:39:23Z,SENS-005,Tank Bund Road,47,56.1,Cloudy
2026-04-29T16:39:27Z,SENS-009,Kukatpally Housing Board,33,49.94,Drizzle
2026-04-29T16:42:07Z,SENS-004,Madhapur IT Corridor,40,56.59,Clear
2026-04-29T16:43:37Z,SENS-011,Mehdipatnam Bus Stand,86,52.43,Clear
2026-04-29T16:47:28Z,SENS-012,PVNR Expressway Toll,34,64.02,Clear
2026-04-29T17:05:31Z,SENS-004,Madhapur IT Corridor,107,19.07,Clear
2026-04-29T17:13:36Z,SENS-010,Secunderabad Clock Tower,96,16.83,Cloudy
2026-04-29T17:15:27Z,SENS-005,Tank Bund Road,84,15.13,Fog
2026-04-29T17:16:13Z,SENS-011,Mehdipatnam Bus Stand,175,20.48,Clear
2026-04-29T17:18:26Z,SENS-001,Jubilee Hills Checkpost,96,24.82,Heavy Rain
2026-04-29T17:20:32Z,SENS-004,Madhapur IT Corridor,96,12.68,Clear
2026-04-29T17:21:41Z,SENS-010,Secunderabad Clock Tower,147,18.05,Light Rain
2026-04-29T17:22:48Z,SENS-006,Hitech City Signal,121,21.11,Clear
2026-04-29T17:22:51Z,SENS-010,Secunderabad Clock Tower,177,19.39,Clear
2026-04-29T17:23:32Z,SENS-003,Ameerpet Crossroads,79,29.55,Fog
2026-04-29T17:28:37Z,SENS-010,Secunderabad Clock Tower,107,29.07,Clear
2026-04-29T17:29:39Z,SENS-008,LB Nagar Crossroads,93,42.6,Clear
2026-04-29T17:41:03Z,SENS-012,PVNR Expressway Toll,127,9.9,Clear
2026-04-29T17:44:35Z,SENS-012,PVNR Expressway Toll,174,14.35,Cloudy
2026-04-29T17:56:23Z,SENS-006,Hitech City Signal,199,10.74,Clear
2026-04-29T18:07:14Z,SENS-006,Hitech City Signal,114,22.02,Fog
2026-04-29T18:13:20Z,SENS-007,Begumpet Flyover,182,11.75,Clear
2026-04-29T18:15:53Z,SENS-002,Gachibowli Junction,103,12.79,Light Rain
2026-04-29T18:24:14Z,SENS-003,Ameerpet Crossroads,123,24.66,Cloudy
2026-04-29T18:34:56Z,SENS-010,Secunderabad Clock Tower,153,29.4,Cloudy
2026-04-29T18:41:35Z,SENS-010,Secunderabad Clock Tower,125,25.24,Fog
2026-04-29T18:46:19Z,SENS-002,Gachibowli Junction,107,23.78,Light Rain
2026-04-29T18:56:43Z,SENS-004,Madhapur IT Corridor,145,12.22,Heavy Rain
2026-04-29T19:02:48Z,SENS-006,Hitech City Signal,113,25.3,Drizzle
2026-04-29T19:16:25Z,SENS-010,Secunderabad Clock Tower,166,17.19,Cloudy
2026-04-29T19:28:50Z,SENS-012,PVNR Expressway Toll,171,19.29,Cloudy
2026-04-29T19:29:38Z,SENS-006,Hitech City Signal,106,26.17,Clear
2026-04-29T19:37:35Z,SENS-005,Tank Bund Road,115,25.07,Drizzle
2026-04-29T19:51:29Z,SENS-006,Hitech City Signal,132,24.08,Light Rain
2026-04-29T19:55:47Z,SENS-011,Mehdipatnam Bus Stand,94,43.78,Cloudy
2026-04-29T19:59:20Z,SENS-010,Secunderabad Clock Tower,160,17.61,Light Rain
2026-04-29T20:00:46Z,SENS-005,Tank Bund Road,59,23.77,Clear
2026-04-29T20:04:33Z,SENS-012,PVNR Expressway Toll,65,34.78,Clear
2026-04-29T20:05:55Z,SENS-005,Tank Bund Road,32,23.37,Fog
2026-04-29T20:10:06Z,SENS-009,Kukatpally Housing Board,67,37.49,Clear
2026-04-29T20:10:35Z,SENS-007,Begumpet Flyover,49,29.07,Cloudy
2026-04-29T20:11:54Z,SENS-009,Kukatpally Housing Board,42,44.75,Clear
2026-04-29T20:20:38Z,SENS-001,Jubilee Hills Checkpost,37,35.9,Clear
2026-04-29T20:28:31Z,SENS-003,Ameerpet Crossroads,52,33.9,Fog
2026-04-29T20:30:16Z,SENS-004,Madhapur IT Corridor,50,14.26,Drizzle
2026-04-29T20:39:52Z,SENS-011,Mehdipatnam Bus Stand,35,20.57,Cloudy
2026-04-29T20:42:32Z,SENS-012,PVNR Expressway Toll,32,63.78,Cloudy
2026-04-29T20:45:01Z,SENS-009,Kukatpally Housing Board,33,33.93,Light Rain
2026-04-29T20:46:01Z,SENS-007,Begumpet Flyover,37,30.27,Cloudy
2026-04-29T20:52:47Z,SENS-009,Kukatpally Housing Board,53,54.07,Clear
2026-04-29T21:00:26Z,SENS-012,PVNR Expressway Toll,51,37.37,Cloudy
2026-04-29T21:00:38Z,SENS-003,Ameerpet Crossroads,58,36.28,Clear
2026-04-29T21:02:38Z,SENS-011,Mehdipatnam Bus Stand,46,42.85,Clear
2026-04-29T21:06:56Z,SENS-012,PVNR Expressway Toll,53,16.11,Light Rain
2026-04-29T21:07:02Z,SENS-003,Ameerpet Crossroads,42,37.44,Cloudy
2026-04-29T21:09:53Z,SENS-004,Madhapur IT Corridor,61,17.65,Light Rain
2026-04-29T21:19:31Z,SENS-011,Mehdipatnam Bus Stand,33,34.19,Heavy Rain
2026-04-29T21:23:07Z,SENS-004,Madhapur IT Corridor,70,30.06,Cloudy
2026-04-29T21:29:57Z,SENS-001,Jubilee Hills Checkpost,70,29.53,Clear
2026-04-29T21:46:44Z,SENS-005,Tank Bund Road,36,29.67,Clear
2026-04-29T21:55:54Z,SENS-006,Hitech City Signal,76,45.54,Clear
2026-04-29T22:00:03Z,SENS-002,Gachibowli Junction,5,42.93,Clear
2026-04-29T22:01:45Z,SENS-010,Secunderabad Clock Tower,13,44.75,Clear
2026-04-29T22:04:19Z,SENS-010,Secunderabad Clock Tower,34,18.68,Clear
2026-04-29T22:08:07Z,SENS-012,PVNR Expressway Toll,35,28.0,Light Rain
2026-04-29T22:12:00Z,SENS-004,Madhapur IT Corridor,8,73.54,Cloudy
2026-04-29T22:21:49Z,SENS-001,Jubilee Hills Checkpost,17,73.2,Clear
2026-04-29T22:22:41Z,SENS-006,Hitech City Signal,34,48.93,Cloudy
2026-04-29T22:23:09Z,SENS-010,Secunderabad Clock Tower,6,29.67,Heavy Rain
2026-04-29T22:23:42Z,SENS-004,Madhapur IT Corridor,29,47.73,Light Rain
2026-04-29T22:23:46Z,SENS-007,Begumpet Flyover,32,38.21,Clear
2026-04-29T22:31:13Z,SENS-001,Jubilee Hills Checkpost,26,39.55,Fog
2026-04-29T22:40:29Z,SENS-009,Kukatpally Housing Board,8,23.86,Cloudy
2026-04-29T22:41:50Z,SENS-004,Madhapur IT Corridor,31,24.54,Clear
2026-04-29T22:46:09Z,SENS-007,Begumpet Flyover,32,56.66,Clear
2026-04-29T22:49:19Z,SENS-004,Madhapur IT Corridor,12,34.83,Heavy Rain
2026-04-29T22:50:13Z,SENS-012,PVNR Expressway Toll,27,46.59,Light Rain
2026-04-29T22:57:19Z,SENS-001,Jubilee Hills Checkpost,14,71.09,Cloudy
2026-04-29T22:57:38Z,SENS-007,Begumpet Flyover,21,69.02,Clear
2026-04-29T23:06:19Z,SENS-003,Ameerpet Crossroads,14,39.85,Heavy Rain
2026-04-29T23:08:26Z,SENS-012,PVNR Expressway Toll,26,43.33,Clear
2026-04-29T23:17:47Z,SENS-012,PVNR Expressway Toll,28,41.71,Drizzle
2026-04-29T23:21:52Z,SENS-008,LB Nagar Crossroads,31,42.94,Fog
2026-04-29T23:24:50Z,SENS-009,Kukatpally Housing Board,23,46.79,Cloudy
2026-04-29T23:24:52Z,SENS-004,Madhapur IT Corridor,12,22.95,Fog
2026-04-29T23:46:12Z,SENS-011,Mehdipatnam Bus Stand,21,28.98,Cloudy
2026-04-29T23:48:41Z,SENS-008,LB Nagar Crossroads,6,69.57,Cloudy
2026-04-29T23:55:30Z,SENS-007,Begumpet Flyover,17,15.4,Fog
2026-04-29T23:56:11Z,SENS-005,Tank Bund Road,39,54.77,Clear
2026-04-29T23:59:04Z,SENS-009,Kukatpally Housing Board,25,50.52,Light Rain
2026-04-30T00:06:30Z,SENS-009,Kukatpally Housing Board,25,39.83,Heavy Rain
2026-04-30T00:23:12Z,SENS-010,Secunderabad Clock Tower,18,65.37,Cloudy
2026-04-30T00:32:48Z,SENS-003,Ameerpet Crossroads,30,45.17,Cloudy
2026-04-30T00:33:56Z,SENS-011,Mehdipatnam Bus Stand,36,45.94,Cloudy
2026-04-30T00:36:26Z,SENS-010,Secunderabad Clock Tower,37,47.46,Cloudy
2026-04-30T00:38:20Z,SENS-007,Begumpet Flyover,37,36.45,Cloudy
2026-04-30T00:39:01Z,SENS-004,Madhapur IT Corridor,21,33.48,Cloudy
2026-04-30T00:40:59Z,SENS-010,Secunderabad Clock Tower,32,38.29,Light Rain
2026-04-30T00:45:28Z,SENS-008,LB Nagar Crossroads,21,34.68,Heavy Rain
2026-04-30T00:52:24Z,SENS-012,PVNR Expressway Toll,35,68.51,Clear
2026-04-30T00:53:26Z,SENS-010,Secunderabad Clock Tower,32,36.44,Cloudy
2026-04-30T01:14:00Z,SENS-006,Hitech City Signal,12,52.51,Heavy Rain
2026-04-30T01:28:21Z,SENS-005,Tank Bund Road,6,60.12,Clear
2026-04-30T01:30:30Z,SENS-007,Begumpet Flyover,39,53.41,Clear
2026-04-30T01:37:40Z,SENS-007,Begumpet Flyover,37,36.73,Clear
2026-04-30T01:37:44Z,SENS-002,Gachibowli Junction,8,13.43,Fog
2026-04-30T01:54:44Z,SENS-004,Madhapur IT Corridor,22,40.51,Heavy Rain
2026-04-30T01:59:08Z,SENS-004,Madhapur IT Corridor,12,55.77,Drizzle
2026-04-30T02:03:21Z,SENS-003,Ameerpet Crossroads,15,72.01,Clear
2026-04-30T02:07:09Z,SENS-009,Kukatpally Housing Board,35,53.56,Cloudy
2026-04-30T02:07:49Z,SENS-010,Secunderabad Clock Tower,20,47.11,Clear
2026-04-30T02:13:10Z,SENS-007,Begumpet Flyover,28,39.25,Fog
2026-04-30T02:14:23Z,SENS-005,Tank Bund Road,37,57.36,Clear
2026-04-30T02:17:56Z,SENS-003,Ameerpet Crossroads,17,59.36,Clear
2026-04-30T02:30:16Z,SENS-006,Hitech City Signal,22,61.14,Clear
2026-04-30T02:36:12Z,SENS-009,Kukatpally Housing Board,15,35.02,Clear
2026-04-30T02:37:13Z,SENS-007,Begumpet Flyover,31,41.29,Light Rain
2026-04-30T02:41:35Z,SENS-003,Ameerpet Crossroads,13,47.16,Clear
2026-04-30T02:53:18Z,SENS-001,Jubilee Hills Checkpost,18,42.98,Cloudy
2026-04-30T02:54:27Z,SENS-006,Hitech City Signal,20,32.11,Clear
2026-04-30T02:55:56Z,SENS-012,PVNR Expressway Toll,9,33.88,Clear
2026-04-30T02:56:16Z,SENS-001,Jubilee Hills Checkpost,13,60.1,Cloudy
2026-04-30T02:58:21Z,SENS-004,Madhapur IT Corridor,32,48.81,Cloudy
2026-04-30T02:59:09Z,SENS-005,Tank Bund Road,23,61.58,Clear
2026-04-30T03:04:47Z,SENS-004,Madhapur IT Corridor,14,36.84,Cloudy
2026-04-30T03:08:01Z,SENS-007,Begumpet Flyover,27,52.73,Clear
2026-04-30T03:18:26Z,SENS-004,Madhapur IT Corridor,36,52.04,Cloudy
2026-04-30T03:19:45Z,SENS-004,Madhapur IT Corridor,5,38.28,Heavy Rain
2026-04-30T03:27:46Z,SENS-010,Secunderabad Clock Tower,34,15.01,Light Rain
2026-04-30T03:34:17Z,SENS-010,Secunderabad Clock Tower,11,27.11,Clear
2026-04-30T03:38:10Z,SENS-008,LB Nagar Crossroads,32,48.72,Clear
2026-04-30T03:39:05Z,SENS-003,Ameerpet Crossroads,8,57.58,Cloudy
2026-04-30T03:41:41Z,SENS-009,Kukatpally Housing Board,33,54.49,Cloudy
2026-04-30T03:55:04Z,SENS-011,Mehdipatnam Bus Stand,33,22.43,Clear
2026-04-30T04:07:02Z,SENS-001,Jubilee Hills Checkpost,21,27.49,Clear
2026-04-30T04:13:30Z,SENS-002,Gachibowli Junction,33,19.48,Cloudy
2026-04-30T04:18:56Z,SENS-003,Ameerpet Crossroads,11,52.61,Drizzle
2026-04-30T04:24:41Z,SENS-004,Madhapur IT Corridor,6,35.04,Clear
2026-04-30T04:26:29Z,SENS-003,Ameerpet Crossroads,7,44.37,Clear
2026-04-30T04:39:30Z,SENS-004,Madhapur IT Corridor,22,42.16,Cloudy
2026-04-30T04:43:18Z,SENS-012,PVNR Expressway Toll,18,28.33,Cloudy
2026-04-30T04:45:24Z,SENS-008,LB Nagar Crossroads,17,34.72,Clear
2026-04-30T04:45:44Z,SENS-001,Jubilee Hills Checkpost,24,52.61,Clear
2026-04-30T04:46:13Z,SENS-011,Mehdipatnam Bus Stand,5,44.83,Heavy Rain
2026-04-30T04:49:44Z,SENS-001,Jubilee Hills Checkpost,31,30.81,Light Rain
2026-04-30T04:52:46Z,SENS-001,Jubilee Hills Checkpost,25,34.28,Cloudy
2026-04-30T04:57:44Z,SENS-009,Kukatpally Housing Board,29,56.29,Drizzle
2026-04-30T05:00:44Z,SENS-005,Tank Bund Road,68,22.87,Clear
2026-04-30T05:01:46Z,SENS-006,Hitech City Signal,39,56.57,Light Rain
2026-04-30T05:01:52Z,SENS-008,LB Nagar Crossroads,32,47.67,Cloudy
2026-04-30T05:03:48Z,SENS-002,Gachibowli Junction,52,58.52,Clear
2026-04-30T05:04:36Z,SENS-007,Begumpet Flyover,51,15.21,Fog
2026-04-30T05:14:32Z,SENS-006,Hitech City Signal,34,24.75,Drizzle
2026-04-30T05:17:04Z,SENS-010,Secunderabad Clock Tower,41,43.6,Drizzle
2026-04-30T05:50:01Z,SENS-006,Hitech City Signal,41,26.76,Drizzle
2026-04-30T05:52:46Z,SENS-011,Mehdipatnam Bus Stand,30,49.48,Clear
2026-04-30T06:14:34Z,SENS-010,Secunderabad Clock Tower,68,15.74,Light Rain
2026-04-30T06:17:54Z,SENS-001,Jubilee Hills Checkpost,68,20.44,Clear
2026-04-30T06:24:48Z,SENS-007,Begumpet Flyover,28,15.73,Fog
2026-04-30T06:26:55Z,SENS-012,PVNR Expressway Toll,87,32.44,Clear
2026-04-30T06:43:20Z,SENS-012,PVNR Expressway Toll,45,18.03,Heavy Rain
2026-04-30T07:01:07Z,SENS-007,Begumpet Flyover,66,27.35,Clear
2026-04-30T07:09:27Z,SENS-007,Begumpet Flyover,45,37.35,Heavy Rain
2026-04-30T07:16:33Z,SENS-010,Secunderabad Clock Tower,31,25.43,Drizzle
2026-04-30T07:17:53Z,SENS-009,Kukatpally Housing Board,51,30.93,Heavy Rain
2026-04-30T07:22:03Z,SENS-012,PVNR Expressway Toll,60,35.42,Light Rain
2026-04-30T07:23:06Z,SENS-009,Kukatpally Housing Board,61,47.33,Light Rain
2026-04-30T07:24:20Z,SENS-009,Kukatpally Housing Board,55,56.46,Clear
2026-04-30T07:31:41Z,SENS-009,Kukatpally Housing Board,64,50.09,Light Rain
2026-04-30T07:42:05Z,SENS-004,Madhapur IT Corridor,30,40.96,Light Rain
2026-04-30T07:44:52Z,SENS-003,Ameerpet Crossroads,49,32.57,Heavy Rain
2026-04-30T07:51:25Z,SENS-003,Ameerpet Crossroads,46,54.71,Clear
2026-04-30T07:51:27Z,SENS-006,Hitech City Signal,38,43.71,Fog
2026-04-30T07:54:41Z,SENS-004,Madhapur IT Corridor,58,17.03,Clear
2026-04-30T07:54:42Z,SENS-003,Ameerpet Crossroads,38,16.3,Light Rain
2026-04-30T07:55:08Z,SENS-012,PVNR Expressway Toll,52,59.26,Clear
2026-04-30T07:57:00Z,SENS-011,Mehdipatnam Bus Stand,28,41.55,Drizzle
2026-04-30T07:57:30Z,SENS-006,Hitech City Signal,49,38.64,Cloudy
2026-04-30T08:00:42Z,SENS-012,PVNR Expressway Toll,78,51.4,Cloudy
2026-04-30T08:04:25Z,SENS-008,LB Nagar Crossroads,96,20.47,Clear
2026-04-30T08:25:29Z,SENS-010,Secunderabad Clock Tower,159,12.92,Fog
2026-04-30T08:31:44Z,SENS-005,Tank Bund Road,79,32.87,Cloudy
2026-04-30T08:32:11Z,SENS-002,Gachibowli Junction,167,17.06,Clear
2026-04-30T08:32:16Z,SENS-001,Jubilee Hills Checkpost,96,13.18,Fog
2026-04-30T08:39:41Z,SENS-011,Mehdipatnam Bus Stand,171,14.73,Drizzle
2026-04-30T08:41:07Z,SENS-001,Jubilee Hills Checkpost,148,7.77,Light Rain
2026-04-30T08:43:07Z,SENS-010,Secunderabad Clock Tower,164,18.22,Clear
2026-04-30T08:43:55Z,SENS-010,Secunderabad Clock Tower,97,22.44,Clear
2026-04-30T08:44:51Z,SENS-002,Gachibowli Junction,181,9.12,Cloudy
2026-04-30T08:47:16Z,SENS-008,LB Nagar Crossroads,192,20.4,Clear
2026-04-30T08:50:01Z,SENS-003,Ameerpet Crossroads,121,32.86,Light Rain
2026-04-30T08:55:12Z,SENS-009,Kukatpally Housing Board,153,11.03,Fog
2026-04-30T08:55:46Z,SENS-011,Mehdipatnam Bus Stand,99,32.16,Clear
2026-04-30T09:01:27Z,SENS-010,Secunderabad Clock Tower,129,25.69,Cloudy
2026-04-30T09:08:51Z,SENS-012,PVNR Expressway Toll,150,11.16,Light Rain
2026-04-30T09:17:37Z,SENS-003,Ameerpet Crossroads,159,18.78,Clear
2026-04-30T09:17:54Z,SENS-007,Begumpet Flyover,129,33.43,Clear
2026-04-30T09:17:54Z,SENS-009,Kukatpally Housing Board,132,9.69,Clear
2026-04-30T09:24:35Z,SENS-006,Hitech City Signal,162,9.39,Light Rain
2026-04-30T09:32:17Z,SENS-004,Madhapur IT Corridor,164,9.35,Clear
2026-04-30T09:42:06Z,SENS-003,Ameerpet Crossroads,117,16.08,Heavy Rain
2026-04-30T09:54:11Z,SENS-002,Gachibowli Junction,106,21.13,Light Rain
2026-04-30T09:54:53Z,SENS-011,Mehdipatnam Bus Stand,119,29.08,Cloudy
2026-04-30T09:55:04Z,SENS-010,Secunderabad Clock Tower,162,24.15,Clear
2026-04-30T09:55:05Z,SENS-005,Tank Bund Road,117,34.46,Cloudy
2026-04-30T09:56:51Z,SENS-001,Jubilee Hills Checkpost,152,31.16,Clear
2026-04-30T10:01:51Z,SENS-012,PVNR Expressway Toll,123,17.85,Heavy Rain
2026-04-30T10:21:12Z,SENS-008,LB Nagar Crossroads,171,12.58,Clear
2026-04-30T10:21:26Z,SENS-007,Begumpet Flyover,179,8.41,Cloudy
2026-04-30T10:21:26Z,SENS-007,Begumpet Flyover,96,12.77,Cloudy
2026-04-30T10:26:16Z,SENS-009,Kukatpally Housing Board,88,46.31,Clear
2026-04-30T10:28:13Z,SENS-004,Madhapur IT Corridor,108,43.81,Clear
2026-04-30T10:36:23Z,SENS-004,Madhapur IT Corridor,80,38.3,Clear
2026-04-30T10:38:38Z,SENS-008,LB Nagar Crossroads,151,20.52,Clear
2026-04-30T10:42:07Z,SENS-002,Gachibowli Junction,164,26.43,Clear
2026-04-30T10:43:51Z,SENS-009,Kukatpally Housing Board,127,11.59,Cloudy
2026-04-30T10:51:01Z,SENS-008,LB Nagar Crossroads,78,36.91,Cloudy
2026-04-30T11:01:49Z,SENS-003,Ameerpet Crossroads,38,39.46,Fog
2026-04-30T11:07:10Z,SENS-003,Ameerpet Crossroads,85,33.4,Cloudy
2026-04-30T11:19:18Z,SENS-006,Hitech City Signal,59,18.46,Clear
2026-04-30T11:23:51Z,SENS-010,Secunderabad Clock Tower,43,21.36,Clear
2026-04-30T11:30:26Z,SENS-008,LB Nagar Crossroads,50,19.94,Drizzle
2026-04-30T11:32:51Z,SENS-002,Gachibowli Junction,55,26.64,Clear
2026-04-30T11:47:24Z,SENS-004,Madhapur IT Corridor,79,38.02,Clear
2026-04-30T11:47:37Z,SENS-003,Ameerpet Crossroads,84,19.97,Clear
2026-04-30T12:00:05Z,SENS-006,Hitech City Signal,45,37.36,Light Rain
2026-04-30T12:01:55Z,SENS-004,Madhapur IT Corridor,70,18.42,Cloudy
2026-04-30T12:07:01Z,SENS-001,Jubilee Hills Checkpost,64,31.82,Light Rain
2026-04-30T12:07:34Z,SENS-010,Secunderabad Clock Tower,55,32.15,Cloudy
2026-04-30T12:08:59Z,SENS-002,Gachibowli Junction,33,28.67,Fog
2026-04-30T12:10:36Z,SENS-009,Kukatpally Housing Board,38,43.63,Cloudy
2026-04-30T12:13:12Z,SENS-006,Hitech City Signal,27,42.75,Light Rain
2026-04-30T12:14:43Z,SENS-004,Madhapur IT Corridor,64,49.96,Clear
2026-04-30T12:16:27Z,SENS-001,Jubilee Hills Checkpost,75,38.67,Cloudy
2026-04-30T12:18:52Z,SENS-002,Gachibowli Junction,37,54.78,Drizzle
2026-04-30T12:19:54Z,SENS-004,Madhapur IT Corridor,36,17.56,Clear
2026-04-30T12:22:22Z,SENS-003,Ameerpet Crossroads,51,55.59,Cloudy
2026-04-30T12:25:54Z,SENS-009,Kukatpally Housing Board,31,23.64,Fog
2026-04-30T12:43:48Z,SENS-006,Hitech City Signal,48,47.05,Clear
2026-04-30T12:45:54Z,SENS-005,Tank Bund Road,63,24.3,Fog
2026-04-30T12:46:45Z,SENS-001,Jubilee Hills Checkpost,28,40.78,Light Rain
2026-04-30T12:47:47Z,SENS-012,PVNR Expressway Toll,30,38.75,Fog
2026-04-30T12:49:21Z,SENS-011,Mehdipatnam Bus Stand,31,69.43,Clear
2026-04-30T12:56:58Z,SENS-012,PVNR Expressway Toll,55,21.43,Clear
2026-04-30T13:00:16Z,SENS-003,Ameerpet Crossroads,29,49.04,Light Rain
2026-04-30T13:01:08Z,SENS-002,Gachibowli Junction,38,30.2,Heavy Rain
2026-04-30T13:04:21Z,SENS-010,Secunderabad Clock Tower,49,18.93,Fog
2026-04-30T13:06:11Z,SENS-001,Jubilee Hills Checkpost,63,36.58,Clear
2026-04-30T13:07:07Z,SENS-002,Gachibowli Junction,44,18.47,Heavy Rain
2026-04-30T13:07:45Z,SENS-012,PVNR Expressway Toll,65,56.09,Clear
2026-04-30T13:09:50Z,SENS-008,LB Nagar Crossroads,56,52.96,Cloudy
2026-04-30T13:18:34Z,SENS-002,Gachibowli Junction,68,20.21,Drizzle
2026-04-30T13:21:14Z,SENS-009,Kukatpally Housing Board,48,41.59,Clear
2026-04-30T13:22:01Z,SENS-002,Gachibowli Junction,47,25.44,Cloudy
2026-04-30T13:24:47Z,SENS-009,Kukatpally Housing Board,54,34.71,Light Rain
2026-04-30T13:24:54Z,SENS-005,Tank Bund Road,52,55.87,Cloudy
2026-04-30T13:29:05Z,SENS-008,LB Nagar Crossroads,71,30.48,Light Rain
2026-04-30T13:37:00Z,SENS-003,Ameerpet Crossroads,47,42.57,Light Rain
2026-04-30T13:40:11Z,SENS-003,Ameerpet Crossroads,38,62.71,Clear
2026-04-30T13:52:21Z,SENS-007,Begumpet Flyover,44,52.33,Drizzle
2026-04-30T13:56:56Z,SENS-007,Begumpet Flyover,36,15.47,Heavy Rain
2026-04-30T13:57:10Z,SENS-012,PVNR Expressway Toll,49,27.38,Light Rain
2026-04-30T13:58:21Z,SENS-008,LB Nagar Crossroads,48,36.09,Cloudy
2026-04-30T13:58:21Z,SENS-009,Kukatpally Housing Board,79,37.73,Light Rain
2026-04-30T14:02:18Z,SENS-011,Mehdipatnam Bus Stand,83,51.68,Clear
2026-04-30T14:09:37Z,SENS-002,Gachibowli Junction,68,25.59,Cloudy
2026-04-30T14:17:35Z,SENS-010,Secunderabad Clock Tower,52,52.05,Clear
2026-04-30T14:18:31Z,SENS-007,Begumpet Flyover,39,44.7,Cloudy
2026-04-30T14:20:21Z,SENS-007,Begumpet Flyover,67,16.84,Drizzle
2026-04-30T14:28:18Z,SENS-006,Hitech City Signal,48,53.2,Clear
2026-04-30T14:31:50Z,SENS-007,Begumpet Flyover,41,16.82,Cloudy
2026-04-30T14:34:14Z,SENS-008,LB Nagar Crossroads,30,42.06,Light Rain
2026-04-30T14:34:28Z,SENS-004,Madhapur IT Corridor,37,52.3,Drizzle
2026-04-30T14:39:10Z,SENS-005,Tank Bund Road,79,27.91,Light Rain
2026-04-30T14:41:03Z,SENS-003,Ameerpet Crossroads,28,23.21,Fog
2026-04-30T14:43:57Z,SENS-001,Jubilee Hills Checkpost,66,36.65,Cloudy
2026-04-30T14:51:58Z,SENS-008,LB Nagar Crossroads,63,32.51,Fog
2026-04-30T14:54:09Z,SENS-002,Gachibowli Junction,86,51.78,Clear
2026-04-30T15:02:20Z,SENS-002,Gachibowli Junction,63,29.0,Cloudy
2026-04-30T15:06:10Z,SENS-006,Hitech City Signal,69,23.76,Cloudy
2026-04-30T15:08:09Z,SENS-007,Begumpet Flyover,31,15.1,Heavy Rain
2026-04-30T15:08:50Z,SENS-001,Jubilee Hills Checkpost,84,27.33,Clear
2026-04-30T15:09:52Z,SENS-002,Gachibowli Junction,57,25.06,Cloudy
2026-04-30T15:18:01Z,SENS-005,Tank Bund Road,30,20.03,Light Rain
2026-04-30T15:20:13Z,SENS-006,Hitech City Signal,80,46.73,Cloudy
2026-04-30T15:25:20Z,SENS-003,Ameerpet Crossroads,63,45.59,Cloudy
2026-04-30T15:29:46Z,SENS-006,Hitech City Signal,68,52.04,Clear
2026-04-30T15:30:02Z,SENS-008,LB Nagar Crossroads,53,45.78,Clear
2026-04-30T15:30:40Z,SENS-010,Secunderabad Clock Tower,52,23.58,Cloudy
2026-04-30T15:37:19Z,SENS-004,Madhapur IT Corridor,80,30.33,Clear
2026-04-30T15:43:26Z,SENS-009,Kukatpally Housing Board,84,24.99,Clear
2026-04-30T15:48:37Z,SENS-010,Secunderabad Clock Tower,59,40.83,Light Rain
2026-04-30T15:49:51Z,SENS-009,Kukatpally Housing Board,33,30.99,Cloudy
2026-04-30T15:55:26Z,SENS-012,PVNR Expressway Toll,76,38.97,Light Rain
2026-04-30T16:01:44Z,SENS-011,Mehdipatnam Bus Stand,66,37.23,Cloudy
2026-04-30T16:10:46Z,SENS-004,Madhapur IT Corridor,43,30.0,Light Rain
2026-04-30T16:23:22Z,SENS-012,PVNR Expressway Toll,54,21.71,Light Rain
2026-04-30T16:23:45Z,SENS-004,Madhapur IT Corridor,37,21.08,Light Rain
2026-04-30T16:25:48Z,SENS-002,Gachibowli Junction,39,19.88,Light Rain
2026-04-30T16:26:27Z,SENS-008,LB Nagar Crossroads,64,29.67,Clear
2026-04-30T16:29:18Z,SENS-005,Tank Bund Road,41,59.36,Cloudy
2026-04-30T16:41:44Z,SENS-006,Hitech City Signal,83,33.97,Clear
2026-04-30T16:42:59Z,SENS-008,LB Nagar Crossroads,32,41.34,Cloudy
2026-04-30T16:44:06Z,SENS-008,LB Nagar Crossroads,75,14.57,Clear
2026-04-30T17:04:23Z,SENS-011,Mehdipatnam Bus Stand,99,29.77,Clear
2026-04-30T17:13:36Z,SENS-001,Jubilee Hills Checkpost,171,17.76,Clear
2026-04-30T17:27:02Z,SENS-005,Tank Bund Road,130,17.69,Cloudy
2026-04-30T17:29:54Z,SENS-009,Kukatpally Housing Board,123,37.96,Clear
2026-04-30T17:35:11Z,SENS-005,Tank Bund Road,142,8.72,Light Rain
2026-04-30T17:36:28Z,SENS-004,Madhapur IT Corridor,160,12.81,Clear
2026-04-30T17:42:27Z,SENS-001,Jubilee Hills Checkpost,126,18.64,Heavy Rain
2026-04-30T17:44:42Z,SENS-009,Kukatpally Housing Board,142,15.42,Fog
2026-04-30T17:48:56Z,SENS-004,Madhapur IT Corridor,112,12.93,Clear
2026-04-30T17:49:42Z,SENS-001,Jubilee Hills Checkpost,79,34.17,Heavy Rain
2026-04-30T17:57:32Z,SENS-006,Hitech City Signal,169,19.66,Clear
2026-04-30T18:01:40Z,SENS-009,Kukatpally Housing Board,104,36.65,Cloudy
2026-04-30T18:08:08Z,SENS-012,PVNR Expressway Toll,123,40.43,Clear
2026-04-30T18:08:49Z,SENS-010,Secunderabad Clock Tower,188,6.78,Cloudy
2026-04-30T18:14:16Z,SENS-011,Mehdipatnam Bus Stand,115,14.73,Cloudy
2026-04-30T18:21:08Z,SENS-010,Secunderabad Clock Tower,101,42.78,Cloudy
2026-04-30T18:27:43Z,SENS-007,Begumpet Flyover,94,24.2,Cloudy
2026-04-30T18:39:44Z,SENS-007,Begumpet Flyover,148,16.14,Light Rain
2026-04-30T18:43:39Z,SENS-008,LB Nagar Crossroads,175,8.08,Light Rain
2026-04-30T18:48:26Z,SENS-006,Hitech City Signal,159,18.44,Light Rain
2026-04-30T18:53:16Z,SENS-006,Hitech City Signal,135,11.04,Light Rain
2026-04-30T18:53:29Z,SENS-008,LB Nagar Crossroads,174,11.55,Clear
2026-04-30T18:54:09Z,SENS-004,Madhapur IT Corridor,132,22.3,Light Rain
2026-04-30T18:54:29Z,SENS-010,Secunderabad Clock Tower,150,28.89,Clear
2026-04-30T18:56:20Z,SENS-012,PVNR Expressway Toll,181,16.5,Clear
2026-04-30T19:02:30Z,SENS-008,LB Nagar Crossroads,193,15.08,Clear
2026-04-30T19:04:55Z,SENS-005,Tank Bund Road,135,20.65,Clear
2026-04-30T19:07:50Z,SENS-001,Jubilee Hills Checkpost,129,30.69,Clear
2026-04-30T19:11:04Z,SENS-008,LB Nagar Crossroads,143,29.58,Clear
2026-04-30T19:11:21Z,SENS-010,Secunderabad Clock Tower,135,22.47,Drizzle
2026-04-30T19:11:48Z,SENS-005,Tank Bund Road,169,16.69,Cloudy
2026-04-30T19:13:12Z,SENS-001,Jubilee Hills Checkpost,162,26.0,Clear
2026-04-30T19:17:51Z,SENS-003,Ameerpet Crossroads,162,22.46,Cloudy
2026-04-30T19:28:46Z,SENS-012,PVNR Expressway Toll,63,20.22,Heavy Rain
2026-04-30T19:31:21Z,SENS-008,LB Nagar Crossroads,81,32.71,Cloudy
2026-04-30T19:38:28Z,SENS-011,Mehdipatnam Bus Stand,116,32.39,Cloudy
2026-04-30T19:40:16Z,SENS-012,PVNR Expressway Toll,97,19.82,Clear
2026-04-30T19:42:23Z,SENS-001,Jubilee Hills Checkpost,84,50.26,Clear
2026-04-30T19:42:45Z,SENS-007,Begumpet Flyover,95,37.49,Clear
2026-04-30T19:47:32Z,SENS-010,Secunderabad Clock Tower,69,35.04,Heavy Rain
2026-04-30T19:48:24Z,SENS-005,Tank Bund Road,104,29.26,Fog
2026-04-30T19:52:27Z,SENS-006,Hitech City Signal,115,13.58,Clear
2026-04-30T19:57:08Z,SENS-007,Begumpet Flyover,137,23.37,Heavy Rain
2026-04-30T20:03:30Z,SENS-007,Begumpet Flyover,39,48.68,Clear
2026-04-30T20:04:37Z,SENS-010,Secunderabad Clock Tower,75,23.11,Cloudy
2026-04-30T20:04:51Z,SENS-009,Kukatpally Housing Board,65,29.65,Drizzle
2026-04-30T20:06:16Z,SENS-010,Secunderabad Clock Tower,58,15.46,Fog
2026-04-30T20:09:19Z,SENS-010,Secunderabad Clock Tower,48,15.97,Light Rain
2026-04-30T20:14:36Z,SENS-011,Mehdipatnam Bus Stand,33,40.73,Heavy Rain
2026-04-30T20:26:04Z,SENS-003,Ameerpet Crossroads,55,35.43,Cloudy
2026-04-30T20:39:04Z,SENS-003,Ameerpet Crossroads,77,36.89,Cloudy
2026-04-30T20:45:10Z,SENS-012,PVNR Expressway Toll,80,44.94,Cloudy
2026-04-30T20:52:01Z,SENS-007,Begumpet Flyover,34,26.02,Clear
2026-04-30T20:54:31Z,SENS-006,Hitech City Signal,67,20.94,Cloudy
2026-04-30T20:57:17Z,SENS-008,LB Nagar Crossroads,48,32.39,Clear
2026-04-30T21:00:39Z,SENS-003,Ameerpet Crossroads,60,34.33,Fog
2026-04-30T21:09:27Z,SENS-009,Kukatpally Housing Board,75,32.74,Light Rain
2026-04-30T21:10:56Z,SENS-005,Tank Bund Road,58,26.34,Light Rain
2026-04-30T21:15:01Z,SENS-011,Mehdipatnam Bus Stand,31,67.95,Clear
2026-04-30T21:15:54Z,SENS-004,Madhapur IT Corridor,41,45.71,Clear
2026-04-30T21:21:51Z,SENS-007,Begumpet Flyover,34,34.86,Cloudy
2026-04-30T21:24:06Z,SENS-007,Begumpet Flyover,39,20.42,Clear
2026-04-30T21:31:03Z,SENS-003,Ameerpet Crossroads,34,45.73,Cloudy
2026-04-30T21:45:27Z,SENS-003,Ameerpet Crossroads,72,17.55,Cloudy
2026-04-30T21:45:32Z,SENS-003,Ameerpet Crossroads,72,18.52,Cloudy
2026-04-30T21:49:01Z,SENS-005,Tank Bund Road,72,19.15,Light Rain
2026-04-30T21:57:25Z,SENS-006,Hitech City Signal,45,29.46,Heavy Rain
2026-04-30T21:59:12Z,SENS-011,Mehdipatnam Bus Stand,87,21.99,Clear
2026-04-30T22:10:21Z,SENS-002,Gachibowli Junction,28,52.89,Light Rain
2026-04-30T22:18:25Z,SENS-008,LB Nagar Crossroads,16,22.28,Clear
2026-04-30T22:23:01Z,SENS-012,PVNR Expressway Toll,26,46.7,Cloudy
2026-04-30T22:31:05Z,SENS-006,Hitech City Signal,15,38.94,Clear
2026-04-30T22:33:55Z,SENS-006,Hitech City Signal,12,60.88,Light Rain
2026-04-30T22:42:46Z,SENS-011,Mehdipatnam Bus Stand,10,42.02,Clear
2026-04-30T22:44:46Z,SENS-011,Mehdipatnam Bus Stand,32,69.59,Clear
2026-04-30T22:47:06Z,SENS-003,Ameerpet Crossroads,5,44.48,Cloudy
2026-04-30T22:47:24Z,SENS-012,PVNR Expressway Toll,26,22.72,Light Rain
2026-04-30T22:47:50Z,SENS-006,Hitech City Signal,10,65.73,Clear
2026-04-30T22:52:46Z,SENS-011,Mehdipatnam Bus Stand,36,27.12,Cloudy
2026-04-30T22:54:30Z,SENS-009,Kukatpally Housing Board,15,24.09,Light Rain
2026-04-30T22:59:31Z,SENS-003,Ameerpet Crossroads,13,57.57,Cloudy
2026-04-30T23:00:58Z,SENS-010,Secunderabad Clock Tower,9,74.97,Clear
2026-04-30T23:05:18Z,SENS-011,Mehdipatnam Bus Stand,34,55.57,Drizzle
2026-04-30T23:05:53Z,SENS-004,Madhapur IT Corridor,6,30.37,Heavy Rain
2026-04-30T23:15:36Z,SENS-004,Madhapur IT Corridor,31,18.17,Clear
2026-04-30T23:16:02Z,SENS-001,Jubilee Hills Checkpost,12,21.08,Light Rain
2026-04-30T23:17:33Z,SENS-009,Kukatpally Housing Board,25,64.02,Clear
2026-04-30T23:22:32Z,SENS-001,Jubilee Hills Checkpost,24,64.08,Clear
2026-04-30T23:24:44Z,SENS-005,Tank Bund Road,25,53.68,Light Rain
2026-04-30T23:29:37Z,SENS-008,LB Nagar Crossroads,25,16.4,Light Rain
2026-04-30T23:39:24Z,SENS-011,Mehdipatnam Bus Stand,33,22.89,Clear
2026-04-30T23:41:24Z,SENS-006,Hitech City Signal,25,61.65,Clear
2026-04-30T23:42:06Z,SENS-006,Hitech City Signal,13,39.25,Cloudy
2026-04-30T23:42:16Z,SENS-011,Mehdipatnam Bus Stand,12,62.53,Light Rain
2026-04-30T23:42:50Z,SENS-008,LB Nagar Crossroads,6,53.38,Light Rain
2026-04-30T23:44:13Z,SENS-003,Ameerpet Crossroads,24,39.12,Heavy Rain
2026-04-30T23:44:14Z,SENS-004,Madhapur IT Corridor,5,63.81,Clear
2026-04-30T23:47:13Z,SENS-005,Tank Bund Road,26,18.26,Clear
2026-04-30T23:52:30Z,SENS-011,Mehdipatnam Bus Stand,4,70.32,Cloudy
2026-04-30T23:54:18Z,SENS-004,Madhapur IT Corridor,18,31.35,Drizzle
2026-04-30T23:56:22Z,SENS-005,Tank Bund Road,5,66.35,Clear
2026-05-01T00:01:04Z,SENS-008,LB Nagar Crossroads,37,57.33,Clear
2026-05-01T00:02:13Z,SENS-011,Mehdipatnam Bus Stand,10,53.83,Cloudy
2026-05-01T00:11:49Z,SENS-006,Hitech City Signal,32,35.22,Light Rain
2026-05-01T00:16:01Z,SENS-004,Madhapur IT Corridor,23,54.54,Clear
2026-05-01T00:22:14Z,SENS-003,Ameerpet Crossroads,35,45.94,Cloudy
2026-05-01T00:36:47Z,SENS-003,Ameerpet Crossroads,16,22.63,Clear
2026-05-01T00:43:12Z,SENS-007,Begumpet Flyover,34,58.17,Clear
2026-05-01T00:46:32Z,SENS-004,Madhapur IT Corridor,18,67.61,Cloudy
2026-05-01T00:53:46Z,SENS-006,Hitech City Signal,37,29.41,Clear
2026-05-01T00:54:56Z,SENS-002,Gachibowli Junction,21,30.27,Clear
2026-05-01T00:55:17Z,SENS-010,Secunderabad Clock Tower,10,47.73,Light Rain
2026-05-01T00:58:07Z,SENS-004,Madhapur IT Corridor,9,33.66,Clear
2026-05-01T00:59:18Z,SENS-007,Begumpet Flyover,13,41.74,Clear
2026-05-01T01:01:16Z,SENS-008,LB Nagar Crossroads,18,27.93,Clear
2026-05-01T01:14:36Z,SENS-006,Hitech City Signal,13,62.72,Cloudy
2026-05-01T01:16:15Z,SENS-007,Begumpet Flyover,31,55.68,Clear
2026-05-01T01:16:34Z,SENS-008,LB Nagar Crossroads,9,20.28,Heavy Rain
2026-05-01T01:22:07Z,SENS-006,Hitech City Signal,12,52.38,Drizzle
2026-05-01T01:36:32Z,SENS-012,PVNR Expressway Toll,7,35.47,Cloudy
2026-05-01T01:37:38Z,SENS-011,Mehdipatnam Bus Stand,25,56.93,Clear
2026-05-01T01:51:03Z,SENS-001,Jubilee Hills Checkpost,39,31.91,Clear
2026-05-01T01:54:15Z,SENS-012,PVNR Expressway Toll,22,13.45,Fog
2026-05-01T01:59:06Z,SENS-011,Mehdipatnam Bus Stand,24,34.37,Cloudy
2026-05-01T02:04:21Z,SENS-006,Hitech City Signal,16,48.58,Heavy Rain
2026-05-01T02:05:35Z,SENS-006,Hitech City Signal,7,69.69,Clear
2026-05-01T02:07:05Z,SENS-011,Mehdipatnam Bus Stand,29,44.21,Clear
2026-05-01T02:07:32Z,SENS-011,Mehdipatnam Bus Stand,17,40.31,Clear
2026-05-01T02:08:40Z,SENS-012,PVNR Expressway Toll,4,21.92,Light Rain
2026-05-01T02:10:22Z,SENS-007,Begumpet Flyover,19,66.69,Clear
2026-05-01T02:10:56Z,SENS-005,Tank Bund Road,24,48.41,Light Rain
2026-05-01T02:12:42Z,SENS-007,Begumpet Flyover,38,28.96,Clear
2026-05-01T02:17:07Z,SENS-003,Ameerpet Crossroads,29,13.91,Heavy Rain
2026-05-01T02:18:21Z,SENS-008,LB Nagar Crossroads,23,39.75,Light Rain
2026-05-01T02:24:23Z,SENS-008,LB Nagar Crossroads,9,23.72,Fog
2026-05-01T02:26:44Z,SENS-005,Tank Bund Road,37,34.28,Clear
2026-05-01T02:32:16Z,SENS-001,Jubilee Hills Checkpost,30,40.31,Clear
2026-05-01T02:33:06Z,SENS-012,PVNR Expressway Toll,4,74.4,Cloudy
2026-05-01T02:42:42Z,SENS-001,Jubilee Hills Checkpost,9,30.51,Heavy Rain
2026-05-01T02:57:07Z,SENS-001,Jubilee Hills Checkpost,13,21.89,Clear
2026-05-01T03:00:43Z,SENS-002,Gachibowli Junction,8,62.29,Cloudy
2026-05-01T03:01:13Z,SENS-003,Ameerpet Crossroads,11,51.16,Light Rain
2026-05-01T03:03:33Z,SENS-003,Ameerpet Crossroads,22,60.03,Clear
2026-05-01T03:10:38Z,SENS-001,Jubilee Hills Checkpost,21,41.07,Heavy Rain
2026-05-01T03:11:16Z,SENS-008,LB Nagar Crossroads,9,52.13,Clear
2026-05-01T03:11:40Z,SENS-010,Secunderabad Clock Tower,31,48.18,Clear
2026-05-01T03:15:52Z,SENS-012,PVNR Expressway Toll,30,17.25,Fog
2026-05-01T03:17:05Z,SENS-010,Secunderabad Clock Tower,5,78.23,Clear
2026-05-01T03:19:01Z,SENS-008,LB Nagar Crossroads,12,40.96,Light Rain
2026-05-01T03:23:28Z,SENS-006,Hitech City Signal,31,43.77,Cloudy
2026-05-01T03:24:27Z,SENS-009,Kukatpally Housing Board,26,45.54,Clear
2026-05-01T03:30:36Z,SENS-003,Ameerpet Crossroads,20,36.28,Heavy Rain
2026-05-01T03:34:10Z,SENS-006,Hitech City Signal,24,21.98,Light Rain
2026-05-01T03:36:48Z,SENS-009,Kukatpally Housing Board,14,63.66,Clear
2026-05-01T04:06:31Z,SENS-010,Secunderabad Clock Tower,15,39.45,Fog
2026-05-01T04:14:38Z,SENS-012,PVNR Expressway Toll,24,47.23,Heavy Rain
2026-05-01T04:15:46Z,SENS-012,PVNR Expressway Toll,16,43.73,Clear
2026-05-01T04:17:26Z,SENS-002,Gachibowli Junction,33,24.19,Clear
2026-05-01T04:26:11Z,SENS-008,LB Nagar Crossroads,34,29.51,Drizzle
2026-05-01T04:27:14Z,SENS-007,Begumpet Flyover,37,48.03,Clear
2026-05-01T04:31:57Z,SENS-007,Begumpet Flyover,33,35.35,Light Rain
2026-05-01T04:43:13Z,SENS-002,Gachibowli Junction,13,70.33,Cloudy
2026-05-01T04:53:48Z,SENS-003,Ameerpet Crossroads,16,44.2,Fog
2026-05-01T05:02:20Z,SENS-011,Mehdipatnam Bus Stand,31,22.07,Cloudy
2026-05-01T05:04:51Z,SENS-009,Kukatpally Housing Board,27,21.18,Light Rain
2026-05-01T05:07:01Z,SENS-007,Begumpet Flyover,54,37.38,Heavy Rain
2026-05-01T05:07:59Z,SENS-002,Gachibowli Junction,44,16.55,Fog
2026-05-01T05:11:00Z,SENS-001,Jubilee Hills Checkpost,80,25.62,Clear
2026-05-01T05:16:48Z,SENS-003,Ameerpet Crossroads,71,37.97,Drizzle
2026-05-01T05:20:28Z,SENS-003,Ameerpet Crossroads,59,26.59,Clear
2026-05-01T05:20:39Z,SENS-002,Gachibowli Junction,69,16.95,Clear
2026-05-01T05:21:18Z,SENS-007,Begumpet Flyover,60,21.46,Fog
2026-05-01T05:22:00Z,SENS-001,Jubilee Hills Checkpost,71,32.36,Clear
2026-05-01T05:23:07Z,SENS-005,Tank Bund Road,66,38.02,Heavy Rain
2026-05-01T05:23:56Z,SENS-006,Hitech City Signal,54,33.91,Cloudy
2026-05-01T05:25:39Z,SENS-002,Gachibowli Junction,52,28.2,Cloudy
2026-05-01T05:29:07Z,SENS-005,Tank Bund Road,40,18.84,Fog
2026-05-01T05:29:32Z,SENS-010,Secunderabad Clock Tower,81,17.09,Clear
2026-05-01T05:32:18Z,SENS-004,Madhapur IT Corridor,80,48.55,Clear
2026-05-01T05:33:32Z,SENS-006,Hitech City Signal,73,35.11,Light Rain
2026-05-01T05:36:33Z,SENS-001,Jubilee Hills Checkpost,63,15.31,Light Rain
2026-05-01T05:40:26Z,SENS-010,Secunderabad Clock Tower,38,19.34,Drizzle
2026-05-01T05:48:29Z,SENS-010,Secunderabad Clock Tower,33,39.12,Clear
2026-05-01T05:48:39Z,SENS-005,Tank Bund Road,74,36.43,Clear
2026-05-01T05:56:39Z,SENS-003,Ameerpet Crossroads,52,38.19,Light Rain
2026-05-01T05:57:13Z,SENS-009,Kukatpally Housing Board,41,32.81,Clear
2026-05-01T05:58:11Z,SENS-008,LB Nagar Crossroads,88,21.11,Clear
2026-05-01T06:04:03Z,SENS-002,Gachibowli Junction,40,15.82,Fog
2026-05-01T06:10:45Z,SENS-003,Ameerpet Crossroads,69,38.68,Clear
2026-05-01T06:17:03Z,SENS-006,Hitech City Signal,81,20.72,Clear
2026-05-01T06:24:11Z,SENS-005,Tank Bund Road,36,56.41,Clear
2026-05-01T06:30:53Z,SENS-010,Secunderabad Clock Tower,84,21.23,Clear
2026-05-01T06:45:44Z,SENS-010,Secunderabad Clock Tower,45,24.73,Heavy Rain
2026-05-01T06:53:11Z,SENS-012,PVNR Expressway Toll,82,28.31,Clear
2026-05-01T07:12:34Z,SENS-001,Jubilee Hills Checkpost,61,20.87,Clear
2026-05-01T07:26:08Z,SENS-002,Gachibowli Junction,64,46.22,Clear
2026-05-01T07:27:23Z,SENS-002,Gachibowli Junction,52,45.71,Cloudy
2026-05-01T07:28:08Z,SENS-004,Madhapur IT Corridor,51,60.07,Cloudy
2026-05-01T07:31:41Z,SENS-005,Tank Bund Road,28,53.88,Light Rain
2026-05-01T07:36:48Z,SENS-012,PVNR Expressway Toll,84,50.85,Clear
2026-05-01T07:36:50Z,SENS-011,Mehdipatnam Bus Stand,77,33.51,Cloudy
2026-05-01T07:37:48Z,SENS-005,Tank Bund Road,68,19.74,Clear
2026-05-01T07:39:43Z,SENS-006,Hitech City Signal,66,48.16,Cloudy
2026-05-01T07:41:25Z,SENS-007,Begumpet Flyover,35,33.61,Heavy Rain
2026-05-01T07:44:02Z,SENS-002,Gachibowli Junction,29,14.21,Fog
2026-05-01T07:48:50Z,SENS-012,PVNR Expressway Toll,38,31.87,Cloudy
2026-05-01T07:50:37Z,SENS-008,LB Nagar Crossroads,40,50.32,Clear
2026-05-01T07:55:30Z,SENS-003,Ameerpet Crossroads,60,56.67,Cloudy
2026-05-01T07:56:35Z,SENS-007,Begumpet Flyover,50,28.97,Cloudy
2026-05-01T08:01:47Z,SENS-008,LB Nagar Crossroads,102,27.45,Clear
2026-05-01T08:08:14Z,SENS-007,Begumpet Flyover,142,9.26,Cloudy
2026-05-01T08:24:07Z,SENS-003,Ameerpet Crossroads,132,12.08,Fog
2026-05-01T08:26:27Z,SENS-006,Hitech City Signal,125,15.01,Cloudy
2026-05-01T08:30:43Z,SENS-001,Jubilee Hills Checkpost,156,6.73,Fog
2026-05-01T08:34:33Z,SENS-004,Madhapur IT Corridor,123,14.19,Clear
2026-05-01T08:39:06Z,SENS-004,Madhapur IT Corridor,116,14.36,Clear
2026-05-01T08:39:49Z,SENS-012,PVNR Expressway Toll,153,13.64,Fog
2026-05-01T08:43:39Z,SENS-010,Secunderabad Clock Tower,173,14.47,Clear
2026-05-01T08:45:21Z,SENS-002,Gachibowli Junction,94,25.27,Clear
2026-05-01T08:57:37Z,SENS-005,Tank Bund Road,103,28.45,Clear
2026-05-01T08:59:06Z,SENS-007,Begumpet Flyover,96,24.23,Clear
2026-05-01T09:02:20Z,SENS-012,PVNR Expressway Toll,99,9.32,Heavy Rain
2026-05-01T09:09:37Z,SENS-008,LB Nagar Crossroads,131,31.32,Light Rain
2026-05-01T09:10:09Z,SENS-005,Tank Bund Road,166,20.35,Cloudy
2026-05-01T09:12:30Z,SENS-004,Madhapur IT Corridor,176,22.44,Cloudy
2026-05-01T09:15:17Z,SENS-012,PVNR Expressway Toll,112,23.4,Cloudy
2026-05-01T09:27:21Z,SENS-004,Madhapur IT Corridor,81,17.58,Light Rain
2026-05-01T09:36:03Z,SENS-006,Hitech City Signal,193,19.64,Cloudy
2026-05-01T09:42:47Z,SENS-007,Begumpet Flyover,141,11.43,Light Rain
2026-05-01T09:45:48Z,SENS-005,Tank Bund Road,77,40.18,Cloudy
2026-05-01T09:52:55Z,SENS-006,Hitech City Signal,148,12.79,Fog
2026-05-01T09:55:56Z,SENS-007,Begumpet Flyover,95,33.21,Clear
2026-05-01T09:56:57Z,SENS-012,PVNR Expressway Toll,124,17.76,Cloudy
2026-05-01T09:57:07Z,SENS-012,PVNR Expressway Toll,95,23.64,Light Rain
2026-05-01T10:09:50Z,SENS-006,Hitech City Signal,102,13.65,Clear
2026-05-01T10:12:26Z,SENS-010,Secunderabad Clock Tower,148,23.24,Clear
2026-05-01T10:21:09Z,SENS-011,Mehdipatnam Bus Stand,130,33.2,Clear
2026-05-01T10:37:00Z,SENS-003,Ameerpet Crossroads,191,11.28,Clear
2026-05-01T10:46:07Z,SENS-012,PVNR Expressway Toll,146,13.14,Cloudy
2026-05-01T10:46:36Z,SENS-011,Mehdipatnam Bus Stand,144,18.05,Light Rain
2026-05-01T10:49:00Z,SENS-010,Secunderabad Clock Tower,91,46.34,Clear
2026-05-01T10:59:12Z,SENS-003,Ameerpet Crossroads,118,22.16,Cloudy
2026-05-01T11:03:04Z,SENS-001,Jubilee Hills Checkpost,57,22.24,Clear
2026-05-01T11:04:31Z,SENS-001,Jubilee Hills Checkpost,72,27.96,Clear
2026-05-01T11:11:25Z,SENS-008,LB Nagar Crossroads,52,33.5,Light Rain
2026-05-01T11:11:51Z,SENS-003,Ameerpet Crossroads,73,26.55,Clear
2026-05-01T11:12:16Z,SENS-003,Ameerpet Crossroads,54,24.45,Light Rain
2026-05-01T11:12:30Z,SENS-003,Ameerpet Crossroads,51,19.92,Cloudy
2026-05-01T11:13:33Z,SENS-005,Tank Bund Road,86,44.14,Clear
2026-05-01T11:13:55Z,SENS-005,Tank Bund Road,52,31.67,Clear
2026-05-01T11:19:30Z,SENS-004,Madhapur IT Corridor,89,26.56,Clear
2026-05-01T11:41:15Z,SENS-011,Mehdipatnam Bus Stand,69,42.22,Light Rain
2026-05-01T11:55:50Z,SENS-008,LB Nagar Crossroads,85,35.69,Cloudy
2026-05-01T11:56:07Z,SENS-002,Gachibowli Junction,60,32.65,Cloudy
2026-05-01T11:59:24Z,SENS-009,Kukatpally Housing Board,68,32.21,Cloudy
2026-05-01T12:12:38Z,SENS-004,Madhapur IT Corridor,36,28.3,Cloudy
2026-05-01T12:19:23Z,SENS-003,Ameerpet Crossroads,35,24.64,Cloudy
2026-05-01T12:19:34Z,SENS-001,Jubilee Hills Checkpost,55,17.38,Clear
2026-05-01T12:23:45Z,SENS-002,Gachibowli Junction,45,44.44,Heavy Rain
2026-05-01T12:24:27Z,SENS-003,Ameerpet Crossroads,43,47.11,Clear
2026-05-01T12:28:54Z,SENS-009,Kukatpally Housing Board,73,33.61,Light Rain
2026-05-01T12:30:21Z,SENS-009,Kukatpally Housing Board,74,53.74,Clear
2026-05-01T12:32:07Z,SENS-007,Begumpet Flyover,82,44.07,Clear
2026-05-01T12:32:08Z,SENS-005,Tank Bund Road,40,55.95,Cloudy
2026-05-01T12:37:52Z,SENS-012,PVNR Expressway Toll,84,43.8,Clear
2026-05-01T12:40:15Z,SENS-003,Ameerpet Crossroads,65,25.81,Light Rain
2026-05-01T12:46:14Z,SENS-004,Madhapur IT Corridor,57,37.21,Heavy Rain
2026-05-01T12:49:08Z,SENS-010,Secunderabad Clock Tower,79,19.26,Drizzle
2026-05-01T12:56:41Z,SENS-002,Gachibowli Junction,37,32.06,Drizzle
2026-05-01T13:01:06Z,SENS-001,Jubilee Hills Checkpost,50,19.09,Heavy Rain
2026-05-01T13:02:01Z,SENS-003,Ameerpet Crossroads,69,53.07,Cloudy
2026-05-01T13:02:16Z,SENS-011,Mehdipatnam Bus Stand,53,12.56,Heavy Rain
2026-05-01T13:04:21Z,SENS-011,Mehdipatnam Bus Stand,62,39.18,Light Rain
2026-05-01T13:06:32Z,SENS-009,Kukatpally Housing Board,43,41.38,Clear
2026-05-01T13:15:15Z,SENS-006,Hitech City Signal,37,40.67,Cloudy
2026-05-01T13:15:33Z,SENS-006,Hitech City Signal,77,24.15,Cloudy
2026-05-01T13:23:26Z,SENS-006,Hitech City Signal,42,38.63,Drizzle
2026-05-01T13:31:45Z,SENS-006,Hitech City Signal,87,50.51,Clear
2026-05-01T13:32:17Z,SENS-006,Hitech City Signal,46,53.54,Clear
2026-05-01T13:33:30Z,SENS-007,Begumpet Flyover,65,16.15,Light Rain
2026-05-01T13:36:37Z,SENS-007,Begumpet Flyover,32,28.42,Cloudy
2026-05-01T13:37:07Z,SENS-007,Begumpet Flyover,85,18.38,Cloudy
2026-05-01T13:40:04Z,SENS-005,Tank Bund Road,51,21.99,Cloudy
2026-05-01T13:49:51Z,SENS-006,Hitech City Signal,52,22.53,Clear
2026-05-01T13:51:34Z,SENS-009,Kukatpally Housing Board,48,23.11,Heavy Rain
2026-05-01T13:52:42Z,SENS-002,Gachibowli Junction,62,31.67,Clear
2026-05-01T13:54:43Z,SENS-002,Gachibowli Junction,31,48.19,Cloudy
2026-05-01T14:06:39Z,SENS-011,Mehdipatnam Bus Stand,34,39.76,Heavy Rain
2026-05-01T14:09:26Z,SENS-010,Secunderabad Clock Tower,46,38.83,Clear
2026-05-01T14:24:29Z,SENS-009,Kukatpally Housing Board,58,38.31,Fog
2026-05-01T14:25:19Z,SENS-002,Gachibowli Junction,59,41.56,Cloudy
2026-05-01T14:29:59Z,SENS-005,Tank Bund Road,28,24.47,Fog
2026-05-01T14:40:12Z,SENS-009,Kukatpally Housing Board,82,38.47,Clear
2026-05-01T14:48:50Z,SENS-005,Tank Bund Road,70,46.31,Clear
2026-05-01T14:49:10Z,SENS-001,Jubilee Hills Checkpost,35,38.52,Clear
2026-05-01T14:49:11Z,SENS-001,Jubilee Hills Checkpost,31,35.6,Clear
2026-05-01T14:50:40Z,SENS-005,Tank Bund Road,73,18.3,Clear
2026-05-01T14:55:17Z,SENS-008,LB Nagar Crossroads,65,37.0,Heavy Rain
2026-05-01T15:00:23Z,SENS-011,Mehdipatnam Bus Stand,46,57.54,Cloudy
2026-05-01T15:04:36Z,SENS-010,Secunderabad Clock Tower,35,23.93,Clear
2026-05-01T15:05:30Z,SENS-010,Secunderabad Clock Tower,71,49.51,Clear
2026-05-01T15:06:16Z,SENS-007,Begumpet Flyover,50,21.18,Heavy Rain
2026-05-01T15:06:23Z,SENS-001,Jubilee Hills Checkpost,40,25.14,Fog
2026-05-01T15:10:19Z,SENS-003,Ameerpet Crossroads,81,51.51,Clear
2026-05-01T15:26:54Z,SENS-012,PVNR Expressway Toll,36,52.46,Light Rain
2026-05-01T15:28:55Z,SENS-008,LB Nagar Crossroads,32,21.82,Clear
2026-05-01T15:31:12Z,SENS-004,Madhapur IT Corridor,76,24.72,Light Rain
2026-05-01T15:31:31Z,SENS-003,Ameerpet Crossroads,76,17.54,Cloudy
2026-05-01T15:32:32Z,SENS-008,LB Nagar Crossroads,78,33.33,Clear
2026-05-01T15:53:07Z,SENS-003,Ameerpet Crossroads,35,33.55,Clear
2026-05-01T15:54:53Z,SENS-007,Begumpet Flyover,38,58.49,Cloudy
2026-05-01T15:55:41Z,SENS-006,Hitech City Signal,48,36.43,Light Rain
2026-05-01T15:55:59Z,SENS-001,Jubilee Hills Checkpost,71,29.07,Clear
2026-05-01T16:02:07Z,SENS-005,Tank Bund Road,49,44.93,Clear
2026-05-01T16:10:12Z,SENS-009,Kukatpally Housing Board,40,26.85,Clear
2026-05-01T16:11:01Z,SENS-010,Secunderabad Clock Tower,56,37.3,Cloudy
2026-05-01T16:11:04Z,SENS-007,Begumpet Flyover,69,47.19,Clear
2026-05-01T16:12:50Z,SENS-009,Kukatpally Housing Board,69,34.81,Clear
2026-05-01T16:15:58Z,SENS-003,Ameerpet Crossroads,31,36.9,Cloudy
2026-05-01T16:17:51Z,SENS-003,Ameerpet Crossroads,30,35.3,Fog
2026-05-01T16:19:46Z,SENS-007,Begumpet Flyover,66,43.48,Clear
2026-05-01T16:19:52Z,SENS-004,Madhapur IT Corridor,72,18.92,Clear
2026-05-01T16:20:14Z,SENS-004,Madhapur IT Corridor,61,41.65,Cloudy
2026-05-01T16:27:51Z,SENS-002,Gachibowli Junction,28,16.51,Fog
2026-05-01T16:34:07Z,SENS-012,PVNR Expressway Toll,49,19.76,Cloudy
2026-05-01T16:34:15Z,SENS-004,Madhapur IT Corridor,31,48.31,Drizzle
2026-05-01T16:37:48Z,SENS-012,PVNR Expressway Toll,31,47.94,Clear
2026-05-01T16:39:25Z,SENS-002,Gachibowli Junction,49,43.34,Clear
2026-05-01T16:50:51Z,SENS-011,Mehdipatnam Bus Stand,49,39.79,Heavy Rain
2026-05-01T16:52:03Z,SENS-008,LB Nagar Crossroads,45,57.44,Clear
2026-05-01T16:53:15Z,SENS-007,Begumpet Flyover,55,27.35,Fog
2026-05-01T16:54:11Z,SENS-009,Kukatpally Housing Board,67,12.95,Fog
2026-05-01T16:54:59Z,SENS-005,Tank Bund Road,34,35.22,Drizzle
2026-05-01T16:55:52Z,SENS-001,Jubilee Hills Checkpost,86,14.06,Cloudy
2026-05-01T16:56:12Z,SENS-004,Madhapur IT Corridor,44,30.33,Light Rain
2026-05-01T16:58:29Z,SENS-010,Secunderabad Clock Tower,52,31.42,Clear
2026-05-01T17:01:37Z,SENS-004,Madhapur IT Corridor,168,24.75,Clear
2026-05-01T17:04:51Z,SENS-010,Secunderabad Clock Tower,84,47.53,Clear
2026-05-01T17:06:36Z,SENS-008,LB Nagar Crossroads,87,49.15,Cloudy
2026-05-01T17:11:22Z,SENS-004,Madhapur IT Corridor,104,44.35,Clear
2026-05-01T17:14:35Z,SENS-009,Kukatpally Housing Board,151,7.65,Cloudy
2026-05-01T17:16:45Z,SENS-002,Gachibowli Junction,113,42.2,Clear
2026-05-01T17:16:48Z,SENS-012,PVNR Expressway Toll,140,33.13,Clear
2026-05-01T17:19:04Z,SENS-008,LB Nagar Crossroads,81,33.08,Light Rain
2026-05-01T17:21:34Z,SENS-009,Kukatpally Housing Board,126,24.39,Cloudy
2026-05-01T17:25:04Z,SENS-003,Ameerpet Crossroads,105,30.25,Clear
2026-05-01T17:30:21Z,SENS-011,Mehdipatnam Bus Stand,177,15.34,Clear
2026-05-01T17:35:57Z,SENS-012,PVNR Expressway Toll,181,20.56,Cloudy
2026-05-01T17:36:05Z,SENS-010,Secunderabad Clock Tower,132,31.88,Clear
2026-05-01T17:37:47Z,SENS-004,Madhapur IT Corridor,166,16.46,Clear
2026-05-01T17:38:12Z,SENS-009,Kukatpally Housing Board,125,30.88,Clear
2026-05-01T17:38:47Z,SENS-008,LB Nagar Crossroads,95,11.99,Heavy Rain
2026-05-01T17:39:41Z,SENS-002,Gachibowli Junction,153,30.84,Clear
2026-05-01T18:01:04Z,SENS-002,Gachibowli Junction,161,8.15,Cloudy
2026-05-01T18:03:30Z,SENS-009,Kukatpally Housing Board,104,15.94,Cloudy
2026-05-01T18:21:32Z,SENS-007,Begumpet Flyover,118,24.84,Heavy Rain
2026-05-01T18:24:05Z,SENS-009,Kukatpally Housing Board,174,19.36,Light Rain
2026-05-01T18:32:04Z,SENS-006,Hitech City Signal,173,9.03,Cloudy
2026-05-01T18:33:08Z,SENS-005,Tank Bund Road,97,32.0,Cloudy
2026-05-01T18:36:14Z,SENS-006,Hitech City Signal,178,18.68,Light Rain
2026-05-01T18:39:06Z,SENS-011,Mehdipatnam Bus Stand,132,22.97,Heavy Rain
2026-05-01T18:41:48Z,SENS-004,Madhapur IT Corridor,79,33.36,Light Rain
2026-05-01T18:42:26Z,SENS-007,Begumpet Flyover,169,18.69,Cloudy
2026-05-01T18:43:55Z,SENS-009,Kukatpally Housing Board,98,15.75,Cloudy
2026-05-01T18:47:55Z,SENS-001,Jubilee Hills Checkpost,93,18.31,Clear
2026-05-01T18:52:01Z,SENS-006,Hitech City Signal,138,32.97,Cloudy
2026-05-01T18:57:46Z,SENS-007,Begumpet Flyover,136,31.82,Clear
2026-05-01T18:58:09Z,SENS-001,Jubilee Hills Checkpost,105,26.1,Light Rain
2026-05-01T19:01:25Z,SENS-009,Kukatpally Housing Board,131,10.36,Light Rain
2026-05-01T19:03:05Z,SENS-008,LB Nagar Crossroads,132,16.32,Fog
2026-05-01T19:11:04Z,SENS-002,Gachibowli Junction,122,22.2,Fog
2026-05-01T19:13:24Z,SENS-012,PVNR Expressway Toll,92,29.49,Light Rain
2026-05-01T19:17:20Z,SENS-012,PVNR Expressway Toll,124,28.65,Cloudy
2026-05-01T19:17:52Z,SENS-003,Ameerpet Crossroads,158,26.19,Cloudy
2026-05-01T19:22:29Z,SENS-001,Jubilee Hills Checkpost,84,22.62,Light Rain
2026-05-01T19:22:47Z,SENS-009,Kukatpally Housing Board,181,23.57,Clear
2026-05-01T19:31:57Z,SENS-011,Mehdipatnam Bus Stand,187,14.65,Clear
2026-05-01T19:33:32Z,SENS-004,Madhapur IT Corridor,89,25.8,Cloudy
2026-05-01T19:36:03Z,SENS-009,Kukatpally Housing Board,88,16.64,Cloudy
2026-05-01T19:44:29Z,SENS-007,Begumpet Flyover,157,23.54,Light Rain
2026-05-01T19:49:53Z,SENS-002,Gachibowli Junction,151,25.2,Light Rain
2026-05-01T19:52:15Z,SENS-012,PVNR Expressway Toll,91,12.27,Heavy Rain
2026-05-01T19:55:51Z,SENS-003,Ameerpet Crossroads,192,14.04,Cloudy
2026-05-01T19:56:43Z,SENS-004,Madhapur IT Corridor,146,18.81,Clear
2026-05-01T20:00:59Z,SENS-012,PVNR Expressway Toll,66,19.93,Light Rain
2026-05-01T20:01:55Z,SENS-010,Secunderabad Clock Tower,27,46.73,Heavy Rain
2026-05-01T20:11:23Z,SENS-003,Ameerpet Crossroads,24,30.04,Heavy Rain
2026-05-01T20:12:25Z,SENS-003,Ameerpet Crossroads,89,48.35,Clear
2026-05-01T20:12:50Z,SENS-009,Kukatpally Housing Board,45,36.77,Clear
2026-05-01T20:16:03Z,SENS-009,Kukatpally Housing Board,74,15.14,Clear
2026-05-01T20:25:38Z,SENS-008,LB Nagar Crossroads,30,67.34,Clear
2026-05-01T20:26:02Z,SENS-002,Gachibowli Junction,72,25.83,Clear
2026-05-01T20:26:13Z,SENS-004,Madhapur IT Corridor,30,49.07,Cloudy
2026-05-01T20:26:34Z,SENS-012,PVNR Expressway Toll,88,28.07,Clear
2026-05-01T20:29:03Z,SENS-010,Secunderabad Clock Tower,76,32.09,Clear
2026-05-01T20:30:20Z,SENS-011,Mehdipatnam Bus Stand,87,49.09,Clear
2026-05-01T20:33:22Z,SENS-002,Gachibowli Junction,49,33.84,Clear
2026-05-01T20:51:16Z,SENS-008,LB Nagar Crossroads,33,60.84,Clear
2026-05-01T20:52:46Z,SENS-004,Madhapur IT Corridor,42,12.83,Heavy Rain
2026-05-01T21:03:23Z,SENS-006,Hitech City Signal,61,42.95,Cloudy
2026-05-01T21:12:35Z,SENS-009,Kukatpally Housing Board,83,40.93,Clear
2026-05-01T21:14:51Z,SENS-001,Jubilee Hills Checkpost,79,27.4,Cloudy
2026-05-01T21:16:53Z,SENS-007,Begumpet Flyover,86,17.98,Cloudy
2026-05-01T21:29:06Z,SENS-002,Gachibowli Junction,29,24.51,Cloudy
2026-05-01T21:31:13Z,SENS-004,Madhapur IT Corridor,77,26.79,Cloudy
2026-05-01T21:34:52Z,SENS-003,Ameerpet Crossroads,61,51.89,Drizzle
2026-05-01T21:35:49Z,SENS-002,Gachibowli Junction,59,25.41,Clear
2026-05-01T21:37:04Z,SENS-004,Madhapur IT Corridor,66,21.06,Cloudy
2026-05-01T21:43:24Z,SENS-007,Begumpet Flyover,54,13.82,Light Rain
2026-05-01T21:46:53Z,SENS-003,Ameerpet Crossroads,56,16.8,Fog
2026-05-01T21:48:58Z,SENS-008,LB Nagar Crossroads,38,29.68,Heavy Rain
2026-05-01T22:11:29Z,SENS-005,Tank Bund Road,8,29.39,Clear
2026-05-01T22:15:46Z,SENS-010,Secunderabad Clock Tower,35,30.43,Drizzle
2026-05-01T22:23:23Z,SENS-004,Madhapur IT Corridor,25,25.64,Drizzle
2026-05-01T22:26:24Z,SENS-012,PVNR Expressway Toll,12,35.52,Clear
2026-05-01T22:28:27Z,SENS-004,Madhapur IT Corridor,38,49.98,Clear
2026-05-01T22:30:23Z,SENS-003,Ameerpet Crossroads,6,18.72,Heavy Rain
2026-05-01T22:31:55Z,SENS-008,LB Nagar Crossroads,28,34.72,Clear
2026-05-01T22:32:28Z,SENS-004,Madhapur IT Corridor,24,65.97,Clear
2026-05-01T22:43:33Z,SENS-011,Mehdipatnam Bus Stand,24,35.92,Clear
2026-05-01T22:48:51Z,SENS-006,Hitech City Signal,30,30.68,Clear
2026-05-01T22:53:45Z,SENS-005,Tank Bund Road,22,47.56,Cloudy
2026-05-01T22:55:11Z,SENS-012,PVNR Expressway Toll,29,50.71,Clear
2026-05-01T22:58:21Z,SENS-010,Secunderabad Clock Tower,29,60.11,Clear
2026-05-01T23:07:49Z,SENS-006,Hitech City Signal,13,42.98,Fog
2026-05-01T23:11:14Z,SENS-011,Mehdipatnam Bus Stand,20,66.82,Clear
2026-05-01T23:15:06Z,SENS-008,LB Nagar Crossroads,21,21.02,Cloudy
2026-05-01T23:21:54Z,SENS-001,Jubilee Hills Checkpost,34,17.54,Cloudy
2026-05-01T23:22:04Z,SENS-011,Mehdipatnam Bus Stand,26,51.36,Light Rain
2026-05-01T23:22:29Z,SENS-007,Begumpet Flyover,28,52.58,Clear
2026-05-01T23:38:22Z,SENS-012,PVNR Expressway Toll,15,37.51,Cloudy
2026-05-01T23:45:47Z,SENS-002,Gachibowli Junction,22,31.55,Cloudy
2026-05-01T23:46:09Z,SENS-004,Madhapur IT Corridor,37,31.1,Cloudy
2026-05-01T23:52:23Z,SENS-008,LB Nagar Crossroads,19,18.53,Light Rain
2026-05-01T23:52:27Z,SENS-006,Hitech City Signal,30,53.43,Clear
2026-05-01T23:53:08Z,SENS-012,PVNR Expressway Toll,18,57.6,Clear
2026-05-01T23:54:53Z,SENS-012,PVNR Expressway Toll,38,61.59,Clear
2026-05-01T23:57:58Z,SENS-002,Gachibowli Junction,30,60.12,Cloudy
2026-05-02T00:07:15Z,SENS-006,Hitech City Signal,35,21.83,Light Rain
2026-05-02T00:08:54Z,SENS-009,Kukatpally Housing Board,34,51.95,Clear
2026-05-02T00:11:03Z,SENS-004,Madhapur IT Corridor,35,16.28,Light Rain
2026-05-02T00:17:15Z,SENS-012,PVNR Expressway Toll,17,21.71,Fog
2026-05-02T00:28:14Z,SENS-007,Begumpet Flyover,4,60.64,Drizzle
2026-05-02T00:32:02Z,SENS-004,Madhapur IT Corridor,20,37.96,Fog
2026-05-02T00:34:37Z,SENS-008,LB Nagar Crossroads,33,38.3,Clear
2026-05-02T00:39:17Z,SENS-012,PVNR Expressway Toll,9,56.05,Clear
2026-05-02T00:39:32Z,SENS-012,PVNR Expressway Toll,31,20.79,Clear
2026-05-02T00:44:07Z,SENS-009,Kukatpally Housing Board,8,59.76,Light Rain
2026-05-02T00:46:23Z,SENS-002,Gachibowli Junction,4,19.97,Heavy Rain
2026-05-02T01:07:13Z,SENS-001,Jubilee Hills Checkpost,39,55.78,Clear
2026-05-02T01:07:51Z,SENS-008,LB Nagar Crossroads,32,22.81,Light Rain
2026-05-02T01:15:13Z,SENS-007,Begumpet Flyover,27,41.43,Cloudy
2026-05-02T01:22:25Z,SENS-005,Tank Bund Road,19,17.72,Heavy Rain
2026-05-02T01:30:14Z,SENS-005,Tank Bund Road,31,50.6,Clear
2026-05-02T01:32:37Z,SENS-012,PVNR Expressway Toll,37,26.0,Cloudy
2026-05-02T01:32:43Z,SENS-002,Gachibowli Junction,22,47.02,Cloudy
2026-05-02T01:32:52Z,SENS-001,Jubilee Hills Checkpost,19,51.37,Clear
2026-05-02T01:45:52Z,SENS-012,PVNR Expressway Toll,13,47.15,Clear
2026-05-02T01:55:53Z,SENS-010,Secunderabad Clock Tower,15,19.59,Fog
2026-05-02T02:02:39Z,SENS-002,Gachibowli Junction,9,19.77,Light Rain
2026-05-02T02:02:43Z,SENS-003,Ameerpet Crossroads,6,31.82,Light Rain
2026-05-02T02:10:34Z,SENS-006,Hitech City Signal,32,25.74,Cloudy
2026-05-02T02:24:46Z,SENS-006,Hitech City Signal,39,51.35,Clear
2026-05-02T02:28:49Z,SENS-010,Secunderabad Clock Tower,16,51.94,Cloudy
2026-05-02T03:01:28Z,SENS-001,Jubilee Hills Checkpost,34,19.75,Light Rain
2026-05-02T03:03:08Z,SENS-003,Ameerpet Crossroads,12,22.24,Heavy Rain
2026-05-02T03:07:06Z,SENS-005,Tank Bund Road,29,32.8,Light Rain
2026-05-02T03:08:44Z,SENS-009,Kukatpally Housing Board,26,33.8,Light Rain
2026-05-02T03:18:20Z,SENS-011,Mehdipatnam Bus Stand,31,64.63,Clear
2026-05-02T03:18:36Z,SENS-007,Begumpet Flyover,17,28.18,Clear
2026-05-02T03:20:59Z,SENS-010,Secunderabad Clock Tower,13,27.66,Cloudy
2026-05-02T03:22:55Z,SENS-004,Madhapur IT Corridor,27,32.98,Fog
2026-05-02T03:28:38Z,SENS-003,Ameerpet Crossroads,17,22.04,Heavy Rain
2026-05-02T03:28:44Z,SENS-007,Begumpet Flyover,34,62.72,Cloudy
2026-05-02T03:33:04Z,SENS-001,Jubilee Hills Checkpost,10,57.87,Clear
2026-05-02T03:34:11Z,SENS-004,Madhapur IT Corridor,30,22.48,Clear
2026-05-02T03:41:36Z,SENS-002,Gachibowli Junction,29,48.46,Light Rain
2026-05-02T03:44:18Z,SENS-012,PVNR Expressway Toll,31,23.88,Clear
2026-05-02T03:44:20Z,SENS-001,Jubilee Hills Checkpost,16,43.04,Clear
2026-05-02T03:45:17Z,SENS-008,LB Nagar Crossroads,37,22.61,Clear
2026-05-02T03:50:08Z,SENS-003,Ameerpet Crossroads,23,35.8,Drizzle
2026-05-02T03:51:40Z,SENS-001,Jubilee Hills Checkpost,12,44.13,Clear
2026-05-02T03:52:06Z,SENS-011,Mehdipatnam Bus Stand,19,66.78,Cloudy
2026-05-02T03:56:26Z,SENS-007,Begumpet Flyover,20,19.11,Fog
2026-05-02T03:58:46Z,SENS-005,Tank Bund Road,20,33.38,Light Rain
2026-05-02T04:00:43Z,SENS-003,Ameerpet Crossroads,16,27.87,Clear
2026-05-02T04:01:42Z,SENS-001,Jubilee Hills Checkpost,7,71.23,Clear
2026-05-02T04:08:17Z,SENS-006,Hitech City Signal,14,47.3,Heavy Rain
2026-05-02T04:13:20Z,SENS-009,Kukatpally Housing Board,22,35.87,Light Rain
2026-05-02T04:17:08Z,SENS-007,Begumpet Flyover,8,57.24,Cloudy
2026-05-02T04:25:28Z,SENS-008,LB Nagar Crossroads,24,36.4,Clear
2026-05-02T04:34:31Z,SENS-011,Mehdipatnam Bus Stand,9,71.67,Cloudy
2026-05-02T04:39:17Z,SENS-004,Madhapur IT Corridor,30,34.08,Clear
2026-05-02T04:43:01Z,SENS-005,Tank Bund Road,14,69.86,Clear
2026-05-02T04:48:15Z,SENS-010,Secunderabad Clock Tower,28,51.11,Drizzle
2026-05-02T04:51:11Z,SENS-004,Madhapur IT Corridor,5,27.6,Cloudy
2026-05-02T04:59:26Z,SENS-001,Jubilee Hills Checkpost,34,15.48,Light Rain
2026-05-02T05:03:08Z,SENS-003,Ameerpet Crossroads,72,50.86,Clear
2026-05-02T05:11:54Z,SENS-004,Madhapur IT Corridor,34,36.88,Fog
2026-05-02T05:15:28Z,SENS-005,Tank Bund Road,70,43.56,Light Rain
2026-05-02T05:20:20Z,SENS-002,Gachibowli Junction,45,14.42,Light Rain
2026-05-02T05:21:13Z,SENS-008,LB Nagar Crossroads,54,34.63,Drizzle
2026-05-02T05:21:50Z,SENS-002,Gachibowli Junction,63,31.75,Fog
2026-05-02T05:22:32Z,SENS-011,Mehdipatnam Bus Stand,85,26.3,Clear
2026-05-02T05:29:34Z,SENS-002,Gachibowli Junction,52,44.02,Light Rain
2026-05-02T05:31:50Z,SENS-011,Mehdipatnam Bus Stand,79,27.69,Clear
2026-05-02T05:32:05Z,SENS-004,Madhapur IT Corridor,63,48.47,Clear
2026-05-02T05:39:27Z,SENS-006,Hitech City Signal,44,35.04,Heavy Rain
2026-05-02T05:41:26Z,SENS-012,PVNR Expressway Toll,85,28.85,Cloudy
2026-05-02T05:45:29Z,SENS-005,Tank Bund Road,70,29.19,Clear
2026-05-02T05:45:42Z,SENS-002,Gachibowli Junction,32,57.4,Light Rain
2026-05-02T05:46:39Z,SENS-005,Tank Bund Road,78,13.15,Cloudy
2026-05-02T05:56:11Z,SENS-008,LB Nagar Crossroads,47,63.36,Clear
2026-05-02T05:59:59Z,SENS-012,PVNR Expressway Toll,23,12.96,Heavy Rain
2026-05-02T06:00:40Z,SENS-012,PVNR Expressway Toll,36,21.48,Heavy Rain
2026-05-02T06:05:20Z,SENS-011,Mehdipatnam Bus Stand,75,43.3,Cloudy
2026-05-02T06:07:31Z,SENS-002,Gachibowli Junction,66,12.87,Light Rain
2026-05-02T06:29:34Z,SENS-004,Madhapur IT Corridor,44,34.58,Fog
2026-05-02T06:41:01Z,SENS-009,Kukatpally Housing Board,42,16.81,Clear
2026-05-02T06:50:49Z,SENS-012,PVNR Expressway Toll,27,12.71,Fog
2026-05-02T06:52:04Z,SENS-012,PVNR Expressway Toll,63,29.0,Light Rain
2026-05-02T06:58:30Z,SENS-011,Mehdipatnam Bus Stand,31,48.93,Light Rain
2026-05-02T06:59:10Z,SENS-004,Madhapur IT Corridor,85,31.67,Cloudy
2026-05-02T07:00:40Z,SENS-010,Secunderabad Clock Tower,46,23.37,Cloudy
2026-05-02T07:01:46Z,SENS-001,Jubilee Hills Checkpost,33,23.51,Clear
2026-05-02T07:01:51Z,SENS-003,Ameerpet Crossroads,66,18.51,Cloudy
2026-05-02T07:02:40Z,SENS-001,Jubilee Hills Checkpost,49,48.63,Light Rain
2026-05-02T07:03:59Z,SENS-011,Mehdipatnam Bus Stand,71,20.29,Clear
2026-05-02T07:07:31Z,SENS-010,Secunderabad Clock Tower,39,27.83,Cloudy
2026-05-02T07:08:33Z,SENS-004,Madhapur IT Corridor,69,14.19,Fog
2026-05-02T07:16:59Z,SENS-006,Hitech City Signal,65,22.57,Light Rain
2026-05-02T07:23:33Z,SENS-010,Secunderabad Clock Tower,82,28.46,Cloudy
2026-05-02T07:25:50Z,SENS-003,Ameerpet Crossroads,24,46.89,Heavy Rain
2026-05-02T07:26:27Z,SENS-010,Secunderabad Clock Tower,46,54.12,Cloudy
2026-05-02T07:28:42Z,SENS-008,LB Nagar Crossroads,53,49.16,Clear
2026-05-02T07:34:42Z,SENS-007,Begumpet Flyover,47,48.36,Light Rain
2026-05-02T07:36:13Z,SENS-012,PVNR Expressway Toll,61,34.51,Cloudy
2026-05-02T07:40:05Z,SENS-009,Kukatpally Housing Board,49,32.23,Clear
2026-05-02T07:43:42Z,SENS-005,Tank Bund Road,58,33.27,Light Rain
2026-05-02T07:44:09Z,SENS-008,LB Nagar Crossroads,83,45.05,Clear
2026-05-02T07:51:45Z,SENS-010,Secunderabad Clock Tower,79,16.39,Clear
2026-05-02T07:55:55Z,SENS-008,LB Nagar Crossroads,30,47.71,Light Rain
2026-05-02T07:56:00Z,SENS-012,PVNR Expressway Toll,84,21.16,Clear
2026-05-02T07:59:49Z,SENS-009,Kukatpally Housing Board,30,30.58,Fog
2026-05-02T08:00:55Z,SENS-011,Mehdipatnam Bus Stand,143,31.2,Clear
2026-05-02T08:01:01Z,SENS-012,PVNR Expressway Toll,126,28.73,Light Rain
2026-05-02T08:03:22Z,SENS-010,Secunderabad Clock Tower,95,30.75,Fog
2026-05-02T08:05:55Z,SENS-001,Jubilee Hills Checkpost,139,11.55,Heavy Rain
2026-05-02T08:06:35Z,SENS-006,Hitech City Signal,120,25.3,Cloudy
2026-05-02T08:08:30Z,SENS-010,Secunderabad Clock Tower,185,16.63,Clear
2026-05-02T08:11:31Z,SENS-011,Mehdipatnam Bus Stand,186,11.37,Cloudy
2026-05-02T08:15:21Z,SENS-012,PVNR Expressway Toll,99,42.96,Cloudy
2026-05-02T08:16:13Z,SENS-009,Kukatpally Housing Board,126,9.64,Cloudy
2026-05-02T08:16:51Z,SENS-004,Madhapur IT Corridor,72,37.03,Light Rain
2026-05-02T08:27:35Z,SENS-004,Madhapur IT Corridor,80,42.66,Clear
2026-05-02T08:28:56Z,SENS-002,Gachibowli Junction,93,34.35,Cloudy
2026-05-02T08:30:23Z,SENS-008,LB Nagar Crossroads,152,30.45,Clear
2026-05-02T08:33:42Z,SENS-008,LB Nagar Crossroads,131,22.04,Clear
2026-05-02T08:40:12Z,SENS-010,Secunderabad Clock Tower,156,8.41,Drizzle
2026-05-02T08:51:34Z,SENS-007,Begumpet Flyover,84,30.3,Light Rain
2026-05-02T08:57:05Z,SENS-010,Secunderabad Clock Tower,109,26.59,Clear
2026-05-02T09:04:45Z,SENS-006,Hitech City Signal,82,35.77,Light Rain
2026-05-02T09:18:57Z,SENS-009,Kukatpally Housing Board,92,38.3,Cloudy
2026-05-02T09:25:24Z,SENS-004,Madhapur IT Corridor,106,33.4,Drizzle
2026-05-02T09:37:36Z,SENS-007,Begumpet Flyover,125,35.08,Clear
2026-05-02T09:37:42Z,SENS-005,Tank Bund Road,173,20.05,Light Rain
2026-05-02T09:38:08Z,SENS-001,Jubilee Hills Checkpost,189,15.66,Clear
2026-05-02T09:44:18Z,SENS-003,Ameerpet Crossroads,78,50.39,Cloudy
2026-05-02T09:44:59Z,SENS-004,Madhapur IT Corridor,176,18.56,Light Rain
2026-05-02T09:48:31Z,SENS-006,Hitech City Signal,108,24.81,Clear
2026-05-02T09:56:39Z,SENS-008,LB Nagar Crossroads,168,20.12,Clear
2026-05-02T09:57:24Z,SENS-006,Hitech City Signal,179,9.03,Cloudy
2026-05-02T10:10:05Z,SENS-008,LB Nagar Crossroads,188,11.55,Clear
2026-05-02T10:10:43Z,SENS-003,Ameerpet Crossroads,103,13.68,Clear
2026-05-02T10:12:49Z,SENS-002,Gachibowli Junction,189,20.29,Clear
2026-05-02T10:17:46Z,SENS-009,Kukatpally Housing Board,131,17.91,Heavy Rain
2026-05-02T10:19:06Z,SENS-012,PVNR Expressway Toll,82,22.94,Cloudy
2026-05-02T10:19:10Z,SENS-003,Ameerpet Crossroads,171,14.21,Light Rain
2026-05-02T10:19:34Z,SENS-011,Mehdipatnam Bus Stand,152,9.72,Light Rain
2026-05-02T10:22:23Z,SENS-009,Kukatpally Housing Board,153,12.15,Clear
2026-05-02T10:36:27Z,SENS-004,Madhapur IT Corridor,100,27.03,Fog
2026-05-02T10:38:53Z,SENS-012,PVNR Expressway Toll,93,34.36,Clear
2026-05-02T10:43:39Z,SENS-005,Tank Bund Road,176,21.1,Clear
2026-05-02T10:54:21Z,SENS-011,Mehdipatnam Bus Stand,128,21.16,Fog
2026-05-02T10:57:38Z,SENS-001,Jubilee Hills Checkpost,97,32.54,Clear
2026-05-02T10:58:09Z,SENS-003,Ameerpet Crossroads,175,14.47,Cloudy
2026-05-02T10:58:28Z,SENS-010,Secunderabad Clock Tower,123,34.46,Light Rain
2026-05-02T11:05:11Z,SENS-001,Jubilee Hills Checkpost,67,14.03,Cloudy
2026-05-02T11:10:45Z,SENS-007,Begumpet Flyover,73,27.82,Clear
2026-05-02T11:12:23Z,SENS-008,LB Nagar Crossroads,31,17.71,Light Rain
2026-05-02T11:14:16Z,SENS-005,Tank Bund Road,35,27.1,Clear
2026-05-02T11:19:02Z,SENS-009,Kukatpally Housing Board,35,43.83,Heavy Rain
2026-05-02T11:19:42Z,SENS-007,Begumpet Flyover,69,14.08,Light Rain
2026-05-02T11:20:42Z,SENS-002,Gachibowli Junction,66,26.26,Heavy Rain
2026-05-02T11:24:22Z,SENS-005,Tank Bund Road,47,31.41,Cloudy
2026-05-02T11:24:39Z,SENS-012,PVNR Expressway Toll,81,37.01,Clear
2026-05-02T11:30:26Z,SENS-002,Gachibowli Junction,59,32.17,Fog
2026-05-02T11:31:14Z,SENS-010,Secunderabad Clock Tower,79,30.06,Clear
2026-05-02T11:31:35Z,SENS-008,LB Nagar Crossroads,71,21.57,Clear
2026-05-02T11:32:35Z,SENS-004,Madhapur IT Corridor,44,45.92,Light Rain
2026-05-02T11:39:35Z,SENS-001,Jubilee Hills Checkpost,37,20.16,Cloudy
2026-05-02T11:40:22Z,SENS-004,Madhapur IT Corridor,32,46.88,Light Rain
2026-05-02T11:41:44Z,SENS-005,Tank Bund Road,80,45.37,Clear
2026-05-02T11:44:41Z,SENS-008,LB Nagar Crossroads,67,44.09,Clear
2026-05-02T11:53:51Z,SENS-012,PVNR Expressway Toll,71,41.71,Clear
2026-05-02T11:57:56Z,SENS-002,Gachibowli Junction,26,18.62,Fog
2026-05-02T11:58:56Z,SENS-008,LB Nagar Crossroads,59,45.93,Drizzle
2026-05-02T11:59:09Z,SENS-010,Secunderabad Clock Tower,63,40.97,Light Rain
2026-05-02T12:02:16Z,SENS-009,Kukatpally Housing Board,31,63.14,Clear
2026-05-02T12:08:16Z,SENS-002,Gachibowli Junction,77,45.91,Cloudy
2026-05-02T12:09:09Z,SENS-007,Begumpet Flyover,50,31.42,Heavy Rain
2026-05-02T12:12:24Z,SENS-007,Begumpet Flyover,55,42.76,Light Rain
2026-05-02T12:12:46Z,SENS-005,Tank Bund Road,48,42.93,Clear
2026-05-02T12:14:03Z,SENS-011,Mehdipatnam Bus Stand,31,37.71,Drizzle
2026-05-02T12:16:08Z,SENS-011,Mehdipatnam Bus Stand,57,34.1,Fog
2026-05-02T12:22:32Z,SENS-011,Mehdipatnam Bus Stand,76,13.63,Cloudy
2026-05-02T12:27:53Z,SENS-009,Kukatpally Housing Board,79,45.07,Cloudy
2026-05-02T12:34:01Z,SENS-004,Madhapur IT Corridor,80,25.47,Light Rain
2026-05-02T12:37:49Z,SENS-003,Ameerpet Crossroads,66,32.11,Heavy Rain
2026-05-02T12:58:07Z,SENS-009,Kukatpally Housing Board,71,49.63,Clear
2026-05-02T13:01:04Z,SENS-006,Hitech City Signal,71,25.98,Cloudy
2026-05-02T13:10:46Z,SENS-003,Ameerpet Crossroads,66,20.15,Cloudy
2026-05-02T13:13:06Z,SENS-005,Tank Bund Road,35,48.63,Cloudy
2026-05-02T13:14:07Z,SENS-006,Hitech City Signal,29,55.19,Cloudy
2026-05-02T13:16:17Z,SENS-008,LB Nagar Crossroads,42,33.97,Light Rain
2026-05-02T13:18:20Z,SENS-011,Mehdipatnam Bus Stand,74,38.18,Drizzle
2026-05-02T13:26:43Z,SENS-005,Tank Bund Road,68,28.56,Light Rain
2026-05-02T13:33:17Z,SENS-003,Ameerpet Crossroads,48,26.53,Heavy Rain
2026-05-02T13:33:28Z,SENS-003,Ameerpet Crossroads,66,39.44,Clear
2026-05-02T13:39:04Z,SENS-010,Secunderabad Clock Tower,56,44.9,Clear
2026-05-02T13:46:47Z,SENS-011,Mehdipatnam Bus Stand,79,50.91,Cloudy
2026-05-02T13:47:18Z,SENS-008,LB Nagar Crossroads,71,46.85,Cloudy
2026-05-02T13:51:04Z,SENS-010,Secunderabad Clock Tower,53,58.55,Clear
2026-05-02T13:57:47Z,SENS-006,Hitech City Signal,62,17.92,Clear
2026-05-02T14:03:43Z,SENS-003,Ameerpet Crossroads,55,13.22,Fog
2026-05-02T14:07:00Z,SENS-011,Mehdipatnam Bus Stand,46,37.23,Light Rain
2026-05-02T14:08:01Z,SENS-012,PVNR Expressway Toll,66,16.45,Light Rain
2026-05-02T14:10:41Z,SENS-001,Jubilee Hills Checkpost,53,61.73,Clear
2026-05-02T14:12:49Z,SENS-004,Madhapur IT Corridor,61,58.87,Clear
2026-05-02T14:18:32Z,SENS-007,Begumpet Flyover,79,21.51,Clear
2026-05-02T14:24:28Z,SENS-005,Tank Bund Road,87,21.54,Clear
2026-05-02T14:25:53Z,SENS-007,Begumpet Flyover,49,52.45,Clear
2026-05-02T14:36:20Z,SENS-011,Mehdipatnam Bus Stand,33,26.12,Cloudy
2026-05-02T14:45:54Z,SENS-006,Hitech City Signal,38,26.49,Fog
2026-05-02T14:53:48Z,SENS-002,Gachibowli Junction,56,44.97,Drizzle
2026-05-02T14:59:02Z,SENS-007,Begumpet Flyover,29,35.78,Cloudy
2026-05-02T14:59:05Z,SENS-007,Begumpet Flyover,32,53.98,Clear
2026-05-02T14:59:50Z,SENS-002,Gachibowli Junction,77,27.06,Clear
2026-05-02T15:04:38Z,SENS-007,Begumpet Flyover,73,22.6,Light Rain
2026-05-02T15:04:39Z,SENS-012,PVNR Expressway Toll,48,43.44,Cloudy
2026-05-02T15:07:28Z,SENS-007,Begumpet Flyover,67,51.07,Drizzle
2026-05-02T15:08:54Z,SENS-002,Gachibowli Junction,33,17.8,Heavy Rain
2026-05-02T15:15:02Z,SENS-004,Madhapur IT Corridor,61,16.97,Clear
2026-05-02T15:15:07Z,SENS-007,Begumpet Flyover,34,46.06,Cloudy
2026-05-02T15:17:10Z,SENS-010,Secunderabad Clock Tower,40,18.59,Clear
2026-05-02T15:22:14Z,SENS-006,Hitech City Signal,28,40.07,Light Rain
2026-05-02T15:22:44Z,SENS-010,Secunderabad Clock Tower,51,53.52,Clear
2026-05-02T15:25:03Z,SENS-010,Secunderabad Clock Tower,57,36.49,Fog
2026-05-02T15:26:26Z,SENS-004,Madhapur IT Corridor,32,21.16,Cloudy
2026-05-02T15:35:40Z,SENS-010,Secunderabad Clock Tower,65,12.03,Heavy Rain
2026-05-02T15:36:22Z,SENS-004,Madhapur IT Corridor,40,61.69,Clear
2026-05-02T15:40:56Z,SENS-004,Madhapur IT Corridor,66,32.18,Clear
2026-05-02T15:43:37Z,SENS-009,Kukatpally Housing Board,62,30.17,Clear
2026-05-02T15:43:57Z,SENS-003,Ameerpet Crossroads,76,23.3,Cloudy
2026-05-02T15:45:28Z,SENS-001,Jubilee Hills Checkpost,52,58.34,Cloudy
2026-05-02T15:48:57Z,SENS-004,Madhapur IT Corridor,60,22.09,Fog
2026-05-02T15:51:33Z,SENS-005,Tank Bund Road,44,41.05,Cloudy
2026-05-02T15:59:57Z,SENS-011,Mehdipatnam Bus Stand,87,42.4,Clear
2026-05-02T16:02:22Z,SENS-007,Begumpet Flyover,31,23.3,Clear
2026-05-02T16:12:40Z,SENS-009,Kukatpally Housing Board,51,20.71,Drizzle
2026-05-02T16:21:20Z,SENS-009,Kukatpally Housing Board,51,14.36,Heavy Rain
2026-05-02T16:21:44Z,SENS-008,LB Nagar Crossroads,55,19.48,Fog
2026-05-02T16:29:43Z,SENS-007,Begumpet Flyover,34,29.39,Heavy Rain
2026-05-02T16:36:42Z,SENS-006,Hitech City Signal,63,43.31,Light Rain
2026-05-02T16:38:05Z,SENS-005,Tank Bund Road,54,45.79,Clear
2026-05-02T16:45:33Z,SENS-009,Kukatpally Housing Board,50,55.68,Cloudy
2026-05-02T16:46:28Z,SENS-006,Hitech City Signal,64,42.75,Cloudy
2026-05-02T16:46:35Z,SENS-001,Jubilee Hills Checkpost,35,57.57,Clear
2026-05-02T16:47:08Z,SENS-012,PVNR Expressway Toll,64,52.66,Clear
2026-05-02T16:48:21Z,SENS-011,Mehdipatnam Bus Stand,44,30.03,Clear
2026-05-02T16:50:10Z,SENS-001,Jubilee Hills Checkpost,52,18.12,Clear
2026-05-02T17:01:40Z,SENS-010,Secunderabad Clock Tower,145,30.01,Cloudy
2026-05-02T17:03:22Z,SENS-007,Begumpet Flyover,98,38.02,Cloudy
2026-05-02T17:07:38Z,SENS-009,Kukatpally Housing Board,150,12.87,Clear
2026-05-02T17:07:40Z,SENS-008,LB Nagar Crossroads,161,17.36,Cloudy
2026-05-02T17:11:14Z,SENS-002,Gachibowli Junction,191,12.09,Cloudy
2026-05-02T17:11:40Z,SENS-011,Mehdipatnam Bus Stand,89,18.16,Clear
2026-05-02T17:12:54Z,SENS-011,Mehdipatnam Bus Stand,132,26.14,Cloudy
2026-05-02T17:24:58Z,SENS-009,Kukatpally Housing Board,75,16.35,Light Rain
2026-05-02T17:33:18Z,SENS-001,Jubilee Hills Checkpost,111,18.21,Cloudy
2026-05-02T17:39:23Z,SENS-012,PVNR Expressway Toll,96,33.7,Cloudy
2026-05-02T17:42:36Z,SENS-004,Madhapur IT Corridor,149,23.99,Cloudy
2026-05-02T17:49:07Z,SENS-003,Ameerpet Crossroads,83,40.5,Light Rain
2026-05-02T18:02:02Z,SENS-009,Kukatpally Housing Board,86,42.97,Clear
2026-05-02T18:09:50Z,SENS-008,LB Nagar Crossroads,82,35.43,Heavy Rain
2026-05-02T18:15:09Z,SENS-003,Ameerpet Crossroads,68,12.84,Heavy Rain
2026-05-02T18:17:32Z,SENS-009,Kukatpally Housing Board,81,33.3,Clear
2026-05-02T18:18:15Z,SENS-010,Secunderabad Clock Tower,126,17.15,Fog
2026-05-02T18:18:35Z,SENS-009,Kukatpally Housing Board,184,18.41,Clear
2026-05-02T18:20:14Z,SENS-010,Secunderabad Clock Tower,102,34.4,Light Rain
2026-05-02T18:21:22Z,SENS-011,Mehdipatnam Bus Stand,180,22.12,Cloudy
2026-05-02T18:29:38Z,SENS-004,Madhapur IT Corridor,180,21.21,Clear
2026-05-02T18:33:18Z,SENS-003,Ameerpet Crossroads,82,36.76,Clear
2026-05-02T18:37:10Z,SENS-008,LB Nagar Crossroads,117,30.96,Cloudy
2026-05-02T18:45:40Z,SENS-005,Tank Bund Road,80,30.45,Fog
2026-05-02T18:48:13Z,SENS-002,Gachibowli Junction,149,12.01,Cloudy
2026-05-02T18:51:16Z,SENS-010,Secunderabad Clock Tower,96,38.07,Clear
2026-05-02T18:51:17Z,SENS-002,Gachibowli Junction,89,40.81,Light Rain
2026-05-02T18:51:39Z,SENS-007,Begumpet Flyover,106,29.0,Clear
2026-05-02T18:54:15Z,SENS-003,Ameerpet Crossroads,182,9.71,Clear
2026-05-02T18:54:37Z,SENS-005,Tank Bund Road,141,9.42,Cloudy
2026-05-02T18:55:26Z,SENS-005,Tank Bund Road,81,13.75,Clear
2026-05-02T19:04:03Z,SENS-004,Madhapur IT Corridor,96,28.98,Clear
2026-05-02T19:06:43Z,SENS-004,Madhapur IT Corridor,143,22.4,Cloudy
2026-05-02T19:14:28Z,SENS-001,Jubilee Hills Checkpost,172,17.56,Light Rain
2026-05-02T19:27:31Z,SENS-006,Hitech City Signal,167,18.77,Light Rain
2026-05-02T19:28:14Z,SENS-006,Hitech City Signal,131,20.62,Fog
2026-05-02T19:31:43Z,SENS-008,LB Nagar Crossroads,176,22.95,Clear
2026-05-02T19:40:00Z,SENS-002,Gachibowli Junction,118,35.91,Cloudy
2026-05-02T19:40:29Z,SENS-001,Jubilee Hills Checkpost,112,36.27,Light Rain
2026-05-02T20:00:44Z,SENS-010,Secunderabad Clock Tower,48,36.69,Cloudy
2026-05-02T20:04:29Z,SENS-005,Tank Bund Road,41,54.26,Clear
2026-05-02T20:04:48Z,SENS-012,PVNR Expressway Toll,49,42.21,Clear
2026-05-02T20:08:36Z,SENS-003,Ameerpet Crossroads,32,19.01,Light Rain
2026-05-02T20:10:41Z,SENS-001,Jubilee Hills Checkpost,60,20.7,Clear
2026-05-02T20:13:05Z,SENS-012,PVNR Expressway Toll,47,48.98,Clear
2026-05-02T20:15:13Z,SENS-003,Ameerpet Crossroads,78,49.27,Clear
2026-05-02T20:15:45Z,SENS-008,LB Nagar Crossroads,50,17.9,Clear
2026-05-02T20:19:51Z,SENS-005,Tank Bund Road,33,22.45,Clear
2026-05-02T20:25:11Z,SENS-011,Mehdipatnam Bus Stand,57,19.04,Cloudy
2026-05-02T20:25:59Z,SENS-012,PVNR Expressway Toll,48,37.1,Drizzle
2026-05-02T20:27:47Z,SENS-012,PVNR Expressway Toll,60,26.8,Light Rain
2026-05-02T20:36:55Z,SENS-001,Jubilee Hills Checkpost,52,26.51,Cloudy
2026-05-02T20:38:54Z,SENS-002,Gachibowli Junction,41,24.09,Heavy Rain
2026-05-02T20:42:34Z,SENS-008,LB Nagar Crossroads,73,30.77,Cloudy
2026-05-02T20:53:00Z,SENS-007,Begumpet Flyover,82,21.39,Cloudy
2026-05-02T20:58:52Z,SENS-007,Begumpet Flyover,70,22.74,Clear
2026-05-02T21:03:06Z,SENS-003,Ameerpet Crossroads,80,20.28,Drizzle
2026-05-02T21:08:27Z,SENS-003,Ameerpet Crossroads,81,30.12,Clear
2026-05-02T21:12:31Z,SENS-010,Secunderabad Clock Tower,51,27.85,Light Rain
2026-05-02T21:31:40Z,SENS-007,Begumpet Flyover,74,25.16,Cloudy
2026-05-02T21:35:11Z,SENS-004,Madhapur IT Corridor,63,43.61,Light Rain
2026-05-02T21:46:35Z,SENS-009,Kukatpally Housing Board,55,52.14,Clear
2026-05-02T21:46:39Z,SENS-009,Kukatpally Housing Board,57,34.76,Clear
2026-05-02T21:51:27Z,SENS-003,Ameerpet Crossroads,57,23.1,Clear
2026-05-02T21:51:32Z,SENS-010,Secunderabad Clock Tower,61,22.26,Light Rain
2026-05-02T21:54:47Z,SENS-010,Secunderabad Clock Tower,67,10.81,Fog
2026-05-02T21:59:47Z,SENS-012,PVNR Expressway Toll,68,17.57,Fog
2026-05-02T22:06:29Z,SENS-003,Ameerpet Crossroads,11,22.43,Cloudy
2026-05-02T22:09:05Z,SENS-011,Mehdipatnam Bus Stand,36,33.73,Cloudy
2026-05-02T22:19:51Z,SENS-006,Hitech City Signal,23,29.27,Cloudy
2026-05-02T22:22:43Z,SENS-009,Kukatpally Housing Board,21,57.74,Cloudy
2026-05-02T22:26:18Z,SENS-011,Mehdipatnam Bus Stand,31,46.98,Drizzle
2026-05-02T22:30:42Z,SENS-008,LB Nagar Crossroads,14,68.57,Clear
2026-05-02T22:32:20Z,SENS-008,LB Nagar Crossroads,28,47.3,Light Rain
2026-05-02T22:36:26Z,SENS-010,Secunderabad Clock Tower,23,51.6,Light Rain
2026-05-02T22:43:47Z,SENS-005,Tank Bund Road,13,43.05,Cloudy
2026-05-02T22:55:30Z,SENS-007,Begumpet Flyover,35,58.11,Light Rain
2026-05-02T22:56:18Z,SENS-011,Mehdipatnam Bus Stand,10,47.96,Cloudy
2026-05-02T22:56:44Z,SENS-006,Hitech City Signal,16,29.37,Light Rain
2026-05-02T23:03:25Z,SENS-008,LB Nagar Crossroads,32,22.04,Cloudy
2026-05-02T23:07:25Z,SENS-003,Ameerpet Crossroads,16,53.03,Drizzle
2026-05-02T23:11:34Z,SENS-005,Tank Bund Road,19,66.21,Cloudy
2026-05-02T23:13:39Z,SENS-004,Madhapur IT Corridor,33,68.51,Clear
2026-05-02T23:18:34Z,SENS-005,Tank Bund Road,31,18.72,Clear
2026-05-02T23:23:02Z,SENS-007,Begumpet Flyover,13,62.1,Clear
2026-05-02T23:25:03Z,SENS-002,Gachibowli Junction,13,58.84,Cloudy
2026-05-02T23:44:29Z,SENS-006,Hitech City Signal,32,47.39,Cloudy
2026-05-02T23:47:39Z,SENS-007,Begumpet Flyover,26,43.36,Cloudy
2026-05-02T23:47:54Z,SENS-008,LB Nagar Crossroads,10,39.41,Light Rain
2026-05-02T23:52:38Z,SENS-006,Hitech City Signal,10,32.95,Clear
2026-05-03T00:04:00Z,SENS-002,Gachibowli Junction,10,23.48,Clear
2026-05-03T00:12:28Z,SENS-003,Ameerpet Crossroads,32,61.78,Clear
2026-05-03T00:13:43Z,SENS-010,Secunderabad Clock Tower,23,62.06,Clear
2026-05-03T00:22:35Z,SENS-010,Secunderabad Clock Tower,24,54.97,Cloudy
2026-05-03T00:25:35Z,SENS-007,Begumpet Flyover,6,44.27,Cloudy
2026-05-03T00:29:38Z,SENS-012,PVNR Expressway Toll,6,34.59,Cloudy
2026-05-03T00:34:44Z,SENS-004,Madhapur IT Corridor,22,30.95,Clear
2026-05-03T00:41:35Z,SENS-009,Kukatpally Housing Board,17,48.59,Heavy Rain
2026-05-03T00:41:47Z,SENS-011,Mehdipatnam Bus Stand,38,61.53,Clear
2026-05-03T00:43:58Z,SENS-008,LB Nagar Crossroads,11,61.48,Clear
2026-05-03T00:48:51Z,SENS-007,Begumpet Flyover,25,35.01,Fog
2026-05-03T00:52:35Z,SENS-005,Tank Bund Road,31,32.39,Clear
2026-05-03T00:52:56Z,SENS-005,Tank Bund Road,5,36.89,Drizzle
2026-05-03T00:56:16Z,SENS-006,Hitech City Signal,17,30.19,Clear
2026-05-03T00:57:55Z,SENS-006,Hitech City Signal,17,40.83,Light Rain
2026-05-03T00:59:59Z,SENS-007,Begumpet Flyover,17,20.1,Heavy Rain
2026-05-03T01:06:30Z,SENS-002,Gachibowli Junction,30,69.24,Clear
2026-05-03T01:09:29Z,SENS-009,Kukatpally Housing Board,32,28.23,Clear
2026-05-03T01:09:43Z,SENS-002,Gachibowli Junction,24,28.54,Heavy Rain
2026-05-03T01:14:01Z,SENS-012,PVNR Expressway Toll,24,51.73,Light Rain
2026-05-03T01:21:36Z,SENS-009,Kukatpally Housing Board,36,35.34,Clear
2026-05-03T01:22:11Z,SENS-009,Kukatpally Housing Board,11,35.9,Clear
2026-05-03T01:24:14Z,SENS-012,PVNR Expressway Toll,13,55.15,Cloudy
2026-05-03T01:27:21Z,SENS-007,Begumpet Flyover,32,56.44,Drizzle
2026-05-03T01:29:38Z,SENS-009,Kukatpally Housing Board,23,69.55,Clear
2026-05-03T01:47:40Z,SENS-011,Mehdipatnam Bus Stand,7,64.11,Clear
2026-05-03T01:50:15Z,SENS-006,Hitech City Signal,9,31.68,Clear
2026-05-03T01:51:02Z,SENS-010,Secunderabad Clock Tower,25,18.12,Heavy Rain
2026-05-03T01:52:54Z,SENS-003,Ameerpet Crossroads,28,25.78,Heavy Rain
2026-05-03T01:54:49Z,SENS-001,Jubilee Hills Checkpost,19,32.46,Cloudy
2026-05-03T01:56:05Z,SENS-010,Secunderabad Clock Tower,31,31.53,Light Rain
2026-05-03T02:34:03Z,SENS-007,Begumpet Flyover,5,63.72,Clear
2026-05-03T02:34:08Z,SENS-011,Mehdipatnam Bus Stand,31,34.74,Clear
2026-05-03T02:36:33Z,SENS-009,Kukatpally Housing Board,36,58.32,Clear
2026-05-03T02:38:34Z,SENS-004,Madhapur IT Corridor,5,66.01,Cloudy
2026-05-03T02:41:11Z,SENS-002,Gachibowli Junction,32,39.56,Drizzle
2026-05-03T02:43:46Z,SENS-001,Jubilee Hills Checkpost,9,67.38,Clear
2026-05-03T02:47:20Z,SENS-002,Gachibowli Junction,17,47.97,Clear
2026-05-03T02:51:58Z,SENS-005,Tank Bund Road,14,66.21,Cloudy
2026-05-03T02:54:45Z,SENS-003,Ameerpet Crossroads,14,39.7,Cloudy
2026-05-03T02:55:17Z,SENS-003,Ameerpet Crossroads,33,65.25,Clear
2026-05-03T02:59:59Z,SENS-010,Secunderabad Clock Tower,18,47.35,Cloudy
2026-05-03T03:03:43Z,SENS-001,Jubilee Hills Checkpost,9,64.55,Clear
2026-05-03T03:04:25Z,SENS-010,Secunderabad Clock Tower,38,34.77,Clear
2026-05-03T03:08:58Z,SENS-005,Tank Bund Road,15,22.68,Cloudy
2026-05-03T03:14:36Z,SENS-003,Ameerpet Crossroads,38,42.99,Clear
2026-05-03T03:16:09Z,SENS-006,Hitech City Signal,6,24.72,Clear
2026-05-03T03:19:04Z,SENS-012,PVNR Expressway Toll,20,43.43,Clear
2026-05-03T03:20:55Z,SENS-008,LB Nagar Crossroads,19,29.78,Cloudy
2026-05-03T03:22:42Z,SENS-010,Secunderabad Clock Tower,29,50.79,Clear
2026-05-03T03:24:38Z,SENS-009,Kukatpally Housing Board,16,51.65,Clear
2026-05-03T03:26:38Z,SENS-007,Begumpet Flyover,18,62.03,Clear
2026-05-03T03:29:49Z,SENS-012,PVNR Expressway Toll,22,39.41,Light Rain
2026-05-03T03:35:11Z,SENS-011,Mehdipatnam Bus Stand,30,18.27,Clear
2026-05-03T03:41:50Z,SENS-008,LB Nagar Crossroads,23,17.3,Cloudy
2026-05-03T03:43:31Z,SENS-001,Jubilee Hills Checkpost,25,22.59,Cloudy
2026-05-03T03:47:59Z,SENS-003,Ameerpet Crossroads,21,38.27,Clear
2026-05-03T03:48:09Z,SENS-012,PVNR Expressway Toll,28,58.19,Clear
2026-05-03T03:48:21Z,SENS-009,Kukatpally Housing Board,33,46.34,Clear
2026-05-03T03:55:27Z,SENS-001,Jubilee Hills Checkpost,24,17.44,Heavy Rain
2026-05-03T04:05:45Z,SENS-003,Ameerpet Crossroads,18,22.34,Light Rain
2026-05-03T04:05:56Z,SENS-011,Mehdipatnam Bus Stand,35,50.92,Cloudy
2026-05-03T04:07:33Z,SENS-007,Begumpet Flyover,6,57.93,Clear
2026-05-03T04:09:22Z,SENS-011,Mehdipatnam Bus Stand,31,45.66,Cloudy
2026-05-03T04:23:05Z,SENS-005,Tank Bund Road,39,58.79,Clear
2026-05-03T04:23:35Z,SENS-004,Madhapur IT Corridor,16,51.54,Heavy Rain
2026-05-03T04:34:43Z,SENS-001,Jubilee Hills Checkpost,19,65.78,Clear
2026-05-03T05:03:24Z,SENS-001,Jubilee Hills Checkpost,50,39.02,Light Rain
2026-05-03T05:07:10Z,SENS-001,Jubilee Hills Checkpost,43,32.56,Clear
2026-05-03T05:07:34Z,SENS-003,Ameerpet Crossroads,31,55.93,Clear
2026-05-03T05:15:49Z,SENS-002,Gachibowli Junction,44,28.05,Heavy Rain
2026-05-03T05:21:11Z,SENS-007,Begumpet Flyover,70,43.24,Light Rain
2026-05-03T05:29:10Z,SENS-011,Mehdipatnam Bus Stand,72,34.03,Clear
2026-05-03T05:42:18Z,SENS-005,Tank Bund Road,62,44.94,Clear
2026-05-03T05:45:08Z,SENS-001,Jubilee Hills Checkpost,58,51.41,Clear
2026-05-03T05:51:47Z,SENS-004,Madhapur IT Corridor,59,18.39,Cloudy
2026-05-03T05:54:18Z,SENS-003,Ameerpet Crossroads,36,37.12,Light Rain
2026-05-03T06:05:54Z,SENS-011,Mehdipatnam Bus Stand,74,29.42,Clear
2026-05-03T06:07:17Z,SENS-011,Mehdipatnam Bus Stand,52,19.44,Clear
2026-05-03T06:12:24Z,SENS-009,Kukatpally Housing Board,37,43.04,Cloudy
2026-05-03T06:18:59Z,SENS-006,Hitech City Signal,42,14.3,Heavy Rain
2026-05-03T06:21:07Z,SENS-011,Mehdipatnam Bus Stand,64,48.37,Cloudy
2026-05-03T06:21:44Z,SENS-007,Begumpet Flyover,73,52.08,Clear
2026-05-03T06:22:40Z,SENS-012,PVNR Expressway Toll,64,26.26,Cloudy
2026-05-03T06:24:55Z,SENS-009,Kukatpally Housing Board,64,25.35,Cloudy
2026-05-03T06:35:59Z,SENS-010,Secunderabad Clock Tower,47,40.11,Light Rain
2026-05-03T06:36:19Z,SENS-011,Mehdipatnam Bus Stand,79,33.45,Cloudy
2026-05-03T06:42:11Z,SENS-004,Madhapur IT Corridor,33,20.84,Fog
2026-05-03T06:43:07Z,SENS-010,Secunderabad Clock Tower,45,10.73,Fog
2026-05-03T06:47:49Z,SENS-010,Secunderabad Clock Tower,52,35.59,Clear
2026-05-03T06:50:22Z,SENS-012,PVNR Expressway Toll,41,26.12,Drizzle
2026-05-03T06:58:52Z,SENS-003,Ameerpet Crossroads,37,32.75,Clear
2026-05-03T07:01:11Z,SENS-002,Gachibowli Junction,68,34.01,Fog
2026-05-03T07:38:43Z,SENS-001,Jubilee Hills Checkpost,42,55.08,Clear
2026-05-03T07:44:32Z,SENS-010,Secunderabad Clock Tower,82,51.01,Cloudy
2026-05-03T07:53:58Z,SENS-003,Ameerpet Crossroads,73,27.39,Clear
2026-05-03T07:54:06Z,SENS-008,LB Nagar Crossroads,65,44.49,Cloudy
2026-05-03T07:54:11Z,SENS-011,Mehdipatnam Bus Stand,57,47.02,Clear
2026-05-03T07:55:06Z,SENS-012,PVNR Expressway Toll,61,17.53,Cloudy
2026-05-03T07:56:03Z,SENS-010,Secunderabad Clock Tower,34,16.76,Drizzle
2026-05-03T07:59:31Z,SENS-002,Gachibowli Junction,71,36.35,Cloudy
2026-05-03T08:00:11Z,SENS-001,Jubilee Hills Checkpost,143,31.21,Clear
2026-05-03T08:01:23Z,SENS-002,Gachibowli Junction,132,10.27,Fog
2026-05-03T08:05:06Z,SENS-011,Mehdipatnam Bus Stand,87,44.87,Cloudy
2026-05-03T08:05:11Z,SENS-001,Jubilee Hills Checkpost,160,20.79,Clear
2026-05-03T08:05:37Z,SENS-007,Begumpet Flyover,96,19.76,Fog
2026-05-03T08:12:23Z,SENS-001,Jubilee Hills Checkpost,166,16.23,Clear
2026-05-03T08:19:39Z,SENS-009,Kukatpally Housing Board,84,19.21,Cloudy
2026-05-03T08:21:48Z,SENS-012,PVNR Expressway Toll,87,13.41,Heavy Rain
2026-05-03T08:22:19Z,SENS-002,Gachibowli Junction,105,36.14,Cloudy
2026-05-03T08:28:48Z,SENS-002,Gachibowli Junction,179,13.44,Clear
2026-05-03T08:29:44Z,SENS-012,PVNR Expressway Toll,173,15.55,Cloudy
2026-05-03T08:44:35Z,SENS-002,Gachibowli Junction,144,14.25,Heavy Rain
2026-05-03T08:45:44Z,SENS-002,Gachibowli Junction,119,7.3,Fog
2026-05-03T08:53:45Z,SENS-003,Ameerpet Crossroads,110,13.76,Heavy Rain
2026-05-03T08:55:45Z,SENS-007,Begumpet Flyover,125,12.52,Cloudy
2026-05-03T09:12:15Z,SENS-007,Begumpet Flyover,171,13.65,Clear
2026-05-03T09:15:27Z,SENS-003,Ameerpet Crossroads,122,30.92,Clear
2026-05-03T09:21:47Z,SENS-003,Ameerpet Crossroads,149,29.23,Cloudy
2026-05-03T09:26:02Z,SENS-008,LB Nagar Crossroads,121,19.97,Clear
2026-05-03T09:32:39Z,SENS-011,Mehdipatnam Bus Stand,98,29.18,Clear
2026-05-03T09:39:01Z,SENS-006,Hitech City Signal,139,27.29,Cloudy
2026-05-03T09:41:22Z,SENS-012,PVNR Expressway Toll,85,32.91,Cloudy
2026-05-03T09:45:30Z,SENS-004,Madhapur IT Corridor,74,19.48,Drizzle
2026-05-03T09:50:14Z,SENS-002,Gachibowli Junction,142,33.76,Clear
2026-05-03T09:57:35Z,SENS-007,Begumpet Flyover,125,21.06,Clear
2026-05-03T10:09:20Z,SENS-008,LB Nagar Crossroads,142,8.46,Fog
2026-05-03T10:15:07Z,SENS-007,Begumpet Flyover,161,17.61,Drizzle
2026-05-03T10:16:31Z,SENS-011,Mehdipatnam Bus Stand,170,8.56,Clear
2026-05-03T10:18:13Z,SENS-001,Jubilee Hills Checkpost,154,9.56,Clear
2026-05-03T10:19:15Z,SENS-010,Secunderabad Clock Tower,126,24.32,Light Rain
2026-05-03T10:19:33Z,SENS-011,Mehdipatnam Bus Stand,88,37.31,Clear
2026-05-03T10:22:03Z,SENS-011,Mehdipatnam Bus Stand,143,19.45,Heavy Rain
2026-05-03T10:22:35Z,SENS-001,Jubilee Hills Checkpost,95,14.29,Cloudy
2026-05-03T10:24:28Z,SENS-012,PVNR Expressway Toll,113,43.37,Clear
2026-05-03T10:34:02Z,SENS-005,Tank Bund Road,84,43.08,Cloudy
2026-05-03T10:34:53Z,SENS-010,Secunderabad Clock Tower,93,36.17,Clear
2026-05-03T10:36:58Z,SENS-002,Gachibowli Junction,147,15.83,Heavy Rain
2026-05-03T10:41:37Z,SENS-007,Begumpet Flyover,175,11.05,Clear
2026-05-03T10:42:29Z,SENS-010,Secunderabad Clock Tower,193,15.3,Clear
2026-05-03T10:43:47Z,SENS-010,Secunderabad Clock Tower,134,12.26,Light Rain
2026-05-03T10:44:53Z,SENS-009,Kukatpally Housing Board,90,18.43,Clear
2026-05-03T10:46:51Z,SENS-007,Begumpet Flyover,147,20.67,Clear
2026-05-03T10:49:11Z,SENS-009,Kukatpally Housing Board,161,23.33,Cloudy
2026-05-03T10:50:53Z,SENS-005,Tank Bund Road,83,46.09,Clear
2026-05-03T10:53:50Z,SENS-012,PVNR Expressway Toll,89,41.56,Cloudy
2026-05-03T10:56:43Z,SENS-004,Madhapur IT Corridor,157,21.47,Light Rain
2026-05-03T11:02:40Z,SENS-012,PVNR Expressway Toll,89,44.55,Clear
2026-05-03T11:05:27Z,SENS-011,Mehdipatnam Bus Stand,66,50.12,Clear
2026-05-03T11:11:41Z,SENS-007,Begumpet Flyover,74,51.9,Clear
2026-05-03T11:23:33Z,SENS-010,Secunderabad Clock Tower,31,55.96,Drizzle
2026-05-03T11:28:04Z,SENS-007,Begumpet Flyover,37,24.65,Drizzle
2026-05-03T11:28:46Z,SENS-006,Hitech City Signal,85,38.11,Clear
2026-05-03T11:35:33Z,SENS-002,Gachibowli Junction,59,26.15,Clear
2026-05-03T11:37:39Z,SENS-001,Jubilee Hills Checkpost,37,37.8,Clear
2026-05-03T11:38:41Z,SENS-012,PVNR Expressway Toll,85,25.86,Clear
2026-05-03T11:38:43Z,SENS-003,Ameerpet Crossroads,35,58.32,Light Rain
2026-05-03T11:40:04Z,SENS-005,Tank Bund Road,84,25.0,Clear
2026-05-03T11:43:54Z,SENS-012,PVNR Expressway Toll,36,16.22,Fog
2026-05-03T11:48:11Z,SENS-003,Ameerpet Crossroads,34,40.27,Fog
2026-05-03T11:49:20Z,SENS-005,Tank Bund Road,40,26.57,Fog
2026-05-03T12:02:02Z,SENS-003,Ameerpet Crossroads,66,18.56,Clear
2026-05-03T12:03:42Z,SENS-006,Hitech City Signal,43,48.11,Cloudy
2026-05-03T12:05:51Z,SENS-010,Secunderabad Clock Tower,45,45.05,Light Rain
2026-05-03T12:06:23Z,SENS-012,PVNR Expressway Toll,66,15.28,Fog
2026-05-03T12:07:34Z,SENS-004,Madhapur IT Corridor,57,18.01,Heavy Rain
2026-05-03T12:12:14Z,SENS-007,Begumpet Flyover,35,41.27,Clear
2026-05-03T12:17:25Z,SENS-011,Mehdipatnam Bus Stand,32,40.15,Heavy Rain
2026-05-03T12:37:46Z,SENS-011,Mehdipatnam Bus Stand,71,15.47,Light Rain
2026-05-03T12:39:07Z,SENS-004,Madhapur IT Corridor,58,40.38,Cloudy
2026-05-03T12:46:13Z,SENS-012,PVNR Expressway Toll,45,13.24,Heavy Rain
2026-05-03T12:48:22Z,SENS-011,Mehdipatnam Bus Stand,45,45.9,Cloudy
2026-05-03T12:51:56Z,SENS-004,Madhapur IT Corridor,71,37.47,Clear
2026-05-03T12:53:38Z,SENS-005,Tank Bund Road,70,24.92,Clear
2026-05-03T12:55:28Z,SENS-004,Madhapur IT Corridor,30,59.24,Clear
2026-05-03T13:07:03Z,SENS-004,Madhapur IT Corridor,65,35.74,Clear
2026-05-03T13:08:32Z,SENS-012,PVNR Expressway Toll,64,24.58,Cloudy
2026-05-03T13:13:58Z,SENS-012,PVNR Expressway Toll,24,16.09,Fog
2026-05-03T13:28:19Z,SENS-004,Madhapur IT Corridor,67,18.39,Cloudy
2026-05-03T13:39:59Z,SENS-010,Secunderabad Clock Tower,32,23.62,Light Rain
2026-05-03T13:42:02Z,SENS-002,Gachibowli Junction,80,12.73,Drizzle
2026-05-03T13:42:28Z,SENS-009,Kukatpally Housing Board,49,49.8,Clear
2026-05-03T13:43:45Z,SENS-001,Jubilee Hills Checkpost,72,45.56,Light Rain
2026-05-03T13:45:36Z,SENS-012,PVNR Expressway Toll,81,40.64,Clear
2026-05-03T13:51:21Z,SENS-010,Secunderabad Clock Tower,49,37.4,Drizzle
2026-05-03T13:54:35Z,SENS-008,LB Nagar Crossroads,48,16.14,Cloudy
2026-05-03T13:54:56Z,SENS-012,PVNR Expressway Toll,32,43.82,Heavy Rain
2026-05-03T14:01:35Z,SENS-010,Secunderabad Clock Tower,58,35.97,Clear
2026-05-03T14:03:13Z,SENS-008,LB Nagar Crossroads,60,25.36,Heavy Rain
2026-05-03T14:03:27Z,SENS-004,Madhapur IT Corridor,88,20.43,Clear
2026-05-03T14:04:40Z,SENS-010,Secunderabad Clock Tower,43,40.3,Cloudy
2026-05-03T14:15:18Z,SENS-006,Hitech City Signal,29,30.8,Light Rain
2026-05-03T14:17:37Z,SENS-005,Tank Bund Road,54,13.35,Light Rain
2026-05-03T14:17:46Z,SENS-002,Gachibowli Junction,31,52.09,Cloudy
2026-05-03T14:17:51Z,SENS-006,Hitech City Signal,87,36.2,Clear
2026-05-03T14:23:19Z,SENS-005,Tank Bund Road,24,17.0,Heavy Rain
2026-05-03T14:31:09Z,SENS-006,Hitech City Signal,77,26.73,Clear
2026-05-03T14:34:40Z,SENS-009,Kukatpally Housing Board,40,64.84,Clear
2026-05-03T14:36:34Z,SENS-007,Begumpet Flyover,79,36.32,Clear
2026-05-03T14:57:19Z,SENS-010,Secunderabad Clock Tower,42,39.63,Light Rain
2026-05-03T15:03:12Z,SENS-011,Mehdipatnam Bus Stand,48,59.84,Clear
2026-05-03T15:06:32Z,SENS-002,Gachibowli Junction,85,38.42,Cloudy
2026-05-03T15:07:09Z,SENS-004,Madhapur IT Corridor,39,63.29,Clear
2026-05-03T15:09:06Z,SENS-005,Tank Bund Road,64,36.72,Cloudy
2026-05-03T15:10:31Z,SENS-004,Madhapur IT Corridor,82,33.77,Clear
2026-05-03T15:10:59Z,SENS-009,Kukatpally Housing Board,61,15.81,Clear
2026-05-03T15:11:16Z,SENS-010,Secunderabad Clock Tower,47,54.75,Clear
2026-05-03T15:20:07Z,SENS-002,Gachibowli Junction,57,56.62,Cloudy
2026-05-03T15:26:17Z,SENS-007,Begumpet Flyover,62,19.64,Light Rain
2026-05-03T15:40:11Z,SENS-002,Gachibowli Junction,48,56.47,Clear
2026-05-03T15:43:09Z,SENS-011,Mehdipatnam Bus Stand,67,37.08,Cloudy
2026-05-03T15:54:23Z,SENS-003,Ameerpet Crossroads,28,30.23,Fog
2026-05-03T16:04:00Z,SENS-008,LB Nagar Crossroads,86,17.6,Cloudy
2026-05-03T16:05:19Z,SENS-001,Jubilee Hills Checkpost,47,37.8,Cloudy
2026-05-03T16:06:13Z,SENS-003,Ameerpet Crossroads,46,58.45,Clear
2026-05-03T16:07:32Z,SENS-002,Gachibowli Junction,53,16.9,Clear
2026-05-03T16:09:05Z,SENS-009,Kukatpally Housing Board,36,19.34,Fog
2026-05-03T16:10:18Z,SENS-011,Mehdipatnam Bus Stand,36,56.12,Light Rain
2026-05-03T16:10:28Z,SENS-007,Begumpet Flyover,75,29.15,Light Rain
2026-05-03T16:17:24Z,SENS-001,Jubilee Hills Checkpost,44,49.91,Clear
2026-05-03T16:20:01Z,SENS-009,Kukatpally Housing Board,34,33.07,Drizzle
2026-05-03T16:29:18Z,SENS-009,Kukatpally Housing Board,43,32.26,Cloudy
2026-05-03T16:30:22Z,SENS-011,Mehdipatnam Bus Stand,49,22.17,Clear
2026-05-03T16:32:23Z,SENS-008,LB Nagar Crossroads,66,19.72,Drizzle
2026-05-03T16:33:17Z,SENS-003,Ameerpet Crossroads,66,42.75,Clear
2026-05-03T16:35:06Z,SENS-005,Tank Bund Road,58,42.78,Clear
2026-05-03T16:35:36Z,SENS-012,PVNR Expressway Toll,67,43.8,Clear
2026-05-03T16:35:41Z,SENS-003,Ameerpet Crossroads,50,11.43,Fog
2026-05-03T16:37:50Z,SENS-003,Ameerpet Crossroads,55,48.41,Clear
2026-05-03T16:37:51Z,SENS-011,Mehdipatnam Bus Stand,32,32.86,Clear
2026-05-03T16:47:49Z,SENS-007,Begumpet Flyover,51,18.72,Clear
2026-05-03T16:53:07Z,SENS-012,PVNR Expressway Toll,25,29.61,Fog
2026-05-03T17:01:17Z,SENS-003,Ameerpet Crossroads,87,35.39,Heavy Rain
2026-05-03T17:08:22Z,SENS-010,Secunderabad Clock Tower,190,11.44,Clear
2026-05-03T17:10:29Z,SENS-011,Mehdipatnam Bus Stand,159,24.09,Clear
2026-05-03T17:14:10Z,SENS-007,Begumpet Flyover,157,9.78,Drizzle
2026-05-03T17:17:30Z,SENS-008,LB Nagar Crossroads,87,18.5,Cloudy
2026-05-03T17:25:47Z,SENS-010,Secunderabad Clock Tower,160,9.38,Clear
2026-05-03T17:28:46Z,SENS-009,Kukatpally Housing Board,168,8.78,Clear
2026-05-03T17:29:58Z,SENS-001,Jubilee Hills Checkpost,85,33.3,Cloudy
2026-05-03T17:35:15Z,SENS-008,LB Nagar Crossroads,97,42.26,Drizzle
2026-05-03T17:35:47Z,SENS-002,Gachibowli Junction,97,16.76,Heavy Rain
2026-05-03T17:39:11Z,SENS-004,Madhapur IT Corridor,129,24.32,Heavy Rain
2026-05-03T17:39:50Z,SENS-001,Jubilee Hills Checkpost,148,20.92,Clear
2026-05-03T17:43:26Z,SENS-004,Madhapur IT Corridor,114,17.2,Fog
2026-05-03T17:44:09Z,SENS-011,Mehdipatnam Bus Stand,173,9.58,Clear
2026-05-03T17:55:08Z,SENS-005,Tank Bund Road,123,33.11,Cloudy
2026-05-03T17:58:42Z,SENS-007,Begumpet Flyover,180,8.84,Cloudy
2026-05-03T18:01:10Z,SENS-001,Jubilee Hills Checkpost,156,23.33,Light Rain
2026-05-03T18:03:00Z,SENS-007,Begumpet Flyover,181,19.56,Clear
2026-05-03T18:09:29Z,SENS-003,Ameerpet Crossroads,191,18.06,Clear
2026-05-03T18:19:47Z,SENS-008,LB Nagar Crossroads,188,8.32,Clear
2026-05-03T18:24:25Z,SENS-008,LB Nagar Crossroads,143,24.3,Cloudy
2026-05-03T18:28:16Z,SENS-002,Gachibowli Junction,78,45.75,Cloudy
2026-05-03T18:38:32Z,SENS-002,Gachibowli Junction,87,30.99,Clear
2026-05-03T18:38:47Z,SENS-005,Tank Bund Road,172,9.56,Clear
2026-05-03T18:39:15Z,SENS-006,Hitech City Signal,130,14.98,Light Rain
2026-05-03T18:42:43Z,SENS-007,Begumpet Flyover,165,17.88,Cloudy
2026-05-03T18:48:00Z,SENS-011,Mehdipatnam Bus Stand,147,24.41,Cloudy
2026-05-03T18:50:43Z,SENS-001,Jubilee Hills Checkpost,149,17.43,Drizzle
2026-05-03T18:54:16Z,SENS-004,Madhapur IT Corridor,93,40.21,Clear
2026-05-03T18:58:40Z,SENS-011,Mehdipatnam Bus Stand,116,31.47,Cloudy
2026-05-03T19:07:27Z,SENS-005,Tank Bund Road,120,10.97,Cloudy
2026-05-03T19:07:49Z,SENS-012,PVNR Expressway Toll,99,20.55,Clear
2026-05-03T19:09:56Z,SENS-009,Kukatpally Housing Board,111,23.29,Heavy Rain
2026-05-03T19:16:38Z,SENS-008,LB Nagar Crossroads,99,18.23,Cloudy
2026-05-03T19:17:31Z,SENS-011,Mehdipatnam Bus Stand,179,11.12,Light Rain
2026-05-03T19:21:18Z,SENS-010,Secunderabad Clock Tower,173,9.77,Light Rain
2026-05-03T19:25:10Z,SENS-003,Ameerpet Crossroads,108,12.01,Cloudy
2026-05-03T19:27:57Z,SENS-008,LB Nagar Crossroads,155,23.86,Clear
2026-05-03T19:30:47Z,SENS-002,Gachibowli Junction,156,10.0,Clear
2026-05-03T19:39:40Z,SENS-005,Tank Bund Road,83,25.06,Clear
2026-05-03T19:46:45Z,SENS-011,Mehdipatnam Bus Stand,159,22.84,Cloudy
2026-05-03T19:53:20Z,SENS-012,PVNR Expressway Toll,114,8.53,Fog
2026-05-03T19:59:38Z,SENS-003,Ameerpet Crossroads,132,29.36,Cloudy
2026-05-03T20:01:01Z,SENS-010,Secunderabad Clock Tower,58,16.21,Fog
2026-05-03T20:01:36Z,SENS-006,Hitech City Signal,33,21.28,Cloudy
2026-05-03T20:03:29Z,SENS-009,Kukatpally Housing Board,44,54.04,Clear
2026-05-03T20:03:32Z,SENS-006,Hitech City Signal,62,27.15,Clear
2026-05-03T20:05:47Z,SENS-002,Gachibowli Junction,45,34.45,Light Rain
2026-05-03T20:08:38Z,SENS-004,Madhapur IT Corridor,28,24.25,Drizzle
2026-05-03T20:11:21Z,SENS-007,Begumpet Flyover,31,56.16,Light Rain
2026-05-03T20:20:34Z,SENS-001,Jubilee Hills Checkpost,60,45.17,Cloudy
2026-05-03T20:20:37Z,SENS-011,Mehdipatnam Bus Stand,79,32.98,Light Rain
2026-05-03T20:23:35Z,SENS-010,Secunderabad Clock Tower,24,14.07,Fog
2026-05-03T20:24:44Z,SENS-007,Begumpet Flyover,86,42.43,Clear
2026-05-03T20:24:55Z,SENS-006,Hitech City Signal,76,36.83,Cloudy
2026-05-03T20:30:08Z,SENS-005,Tank Bund Road,37,66.25,Clear
2026-05-03T20:31:57Z,SENS-010,Secunderabad Clock Tower,61,30.69,Clear
2026-05-03T20:33:46Z,SENS-006,Hitech City Signal,63,37.89,Clear
2026-05-03T20:33:50Z,SENS-008,LB Nagar Crossroads,34,21.11,Clear
2026-05-03T20:35:27Z,SENS-010,Secunderabad Clock Tower,37,46.86,Clear
2026-05-03T20:38:55Z,SENS-002,Gachibowli Junction,80,29.1,Drizzle
2026-05-03T20:38:55Z,SENS-010,Secunderabad Clock Tower,79,26.53,Cloudy
2026-05-03T20:39:16Z,SENS-005,Tank Bund Road,37,57.72,Light Rain
2026-05-03T20:42:09Z,SENS-007,Begumpet Flyover,54,27.17,Light Rain
2026-05-03T20:43:27Z,SENS-008,LB Nagar Crossroads,73,32.03,Clear
2026-05-03T20:48:07Z,SENS-012,PVNR Expressway Toll,49,35.27,Cloudy
2026-05-03T20:48:55Z,SENS-008,LB Nagar Crossroads,49,53.48,Clear
2026-05-03T20:51:56Z,SENS-012,PVNR Expressway Toll,70,22.32,Light Rain
2026-05-03T21:05:25Z,SENS-008,LB Nagar Crossroads,36,46.49,Heavy Rain
2026-05-03T21:07:13Z,SENS-007,Begumpet Flyover,65,24.22,Light Rain
2026-05-03T21:12:56Z,SENS-012,PVNR Expressway Toll,30,29.49,Cloudy
2026-05-03T21:13:09Z,SENS-006,Hitech City Signal,36,62.74,Clear
2026-05-03T21:19:55Z,SENS-012,PVNR Expressway Toll,49,51.96,Clear
2026-05-03T21:24:22Z,SENS-006,Hitech City Signal,79,43.4,Clear
2026-05-03T21:24:57Z,SENS-004,Madhapur IT Corridor,51,44.01,Heavy Rain
2026-05-03T21:34:21Z,SENS-011,Mehdipatnam Bus Stand,48,26.23,Heavy Rain
2026-05-03T21:36:23Z,SENS-003,Ameerpet Crossroads,60,51.55,Clear
2026-05-03T21:38:02Z,SENS-012,PVNR Expressway Toll,30,21.53,Clear
2026-05-03T21:54:07Z,SENS-002,Gachibowli Junction,80,46.18,Light Rain
2026-05-03T22:07:23Z,SENS-005,Tank Bund Road,24,64.1,Cloudy
2026-05-03T22:17:20Z,SENS-009,Kukatpally Housing Board,27,26.47,Cloudy
2026-05-03T22:24:20Z,SENS-011,Mehdipatnam Bus Stand,34,26.99,Cloudy
2026-05-03T22:25:00Z,SENS-001,Jubilee Hills Checkpost,17,63.73,Cloudy
2026-05-03T22:28:12Z,SENS-009,Kukatpally Housing Board,21,69.54,Cloudy
2026-05-03T22:33:24Z,SENS-003,Ameerpet Crossroads,10,63.13,Clear
2026-05-03T22:40:07Z,SENS-012,PVNR Expressway Toll,28,57.56,Cloudy
2026-05-03T22:40:11Z,SENS-008,LB Nagar Crossroads,14,58.69,Clear
2026-05-03T22:42:05Z,SENS-006,Hitech City Signal,29,20.72,Clear
2026-05-03T22:48:50Z,SENS-009,Kukatpally Housing Board,11,35.16,Light Rain
2026-05-03T22:51:21Z,SENS-006,Hitech City Signal,18,21.4,Cloudy
2026-05-03T22:57:54Z,SENS-002,Gachibowli Junction,23,32.11,Fog
2026-05-03T22:59:08Z,SENS-004,Madhapur IT Corridor,36,26.3,Clear
2026-05-03T23:13:49Z,SENS-004,Madhapur IT Corridor,32,30.06,Drizzle
2026-05-03T23:13:53Z,SENS-007,Begumpet Flyover,39,50.93,Clear
2026-05-03T23:27:05Z,SENS-010,Secunderabad Clock Tower,27,51.18,Cloudy
2026-05-03T23:32:32Z,SENS-012,PVNR Expressway Toll,23,25.93,Clear
2026-05-03T23:33:15Z,SENS-007,Begumpet Flyover,28,39.22,Cloudy
2026-05-03T23:34:00Z,SENS-009,Kukatpally Housing Board,7,29.29,Cloudy
2026-05-03T23:34:20Z,SENS-002,Gachibowli Junction,28,66.8,Clear
2026-05-03T23:36:10Z,SENS-003,Ameerpet Crossroads,8,76.61,Clear
2026-05-03T23:37:45Z,SENS-010,Secunderabad Clock Tower,18,46.82,Clear
2026-05-03T23:43:13Z,SENS-012,PVNR Expressway Toll,29,35.47,Cloudy
2026-05-03T23:49:09Z,SENS-006,Hitech City Signal,12,46.12,Clear
2026-05-03T23:50:55Z,SENS-009,Kukatpally Housing Board,28,64.35,Cloudy
2026-05-03T23:52:28Z,SENS-004,Madhapur IT Corridor,34,43.92,Clear
2026-05-03T23:53:41Z,SENS-003,Ameerpet Crossroads,11,51.71,Clear
2026-05-04T00:03:13Z,SENS-004,Madhapur IT Corridor,34,28.22,Drizzle
2026-05-04T00:06:40Z,SENS-005,Tank Bund Road,29,28.11,Clear
2026-05-04T00:07:27Z,SENS-004,Madhapur IT Corridor,16,45.78,Light Rain
2026-05-04T00:17:40Z,SENS-008,LB Nagar Crossroads,35,46.65,Drizzle
2026-05-04T00:24:10Z,SENS-009,Kukatpally Housing Board,27,44.19,Clear
2026-05-04T00:25:11Z,SENS-007,Begumpet Flyover,16,19.56,Clear
2026-05-04T00:26:32Z,SENS-008,LB Nagar Crossroads,6,35.34,Cloudy
2026-05-04T00:28:07Z,SENS-001,Jubilee Hills Checkpost,5,45.2,Cloudy
2026-05-04T00:28:25Z,SENS-001,Jubilee Hills Checkpost,33,36.61,Light Rain
2026-05-04T00:29:12Z,SENS-008,LB Nagar Crossroads,6,23.46,Light Rain
2026-05-04T00:29:13Z,SENS-001,Jubilee Hills Checkpost,26,40.26,Drizzle
2026-05-04T00:30:55Z,SENS-004,Madhapur IT Corridor,30,63.86,Clear
2026-05-04T00:38:03Z,SENS-006,Hitech City Signal,8,48.53,Clear
2026-05-04T00:38:43Z,SENS-009,Kukatpally Housing Board,8,70.09,Clear
2026-05-04T00:45:51Z,SENS-005,Tank Bund Road,8,40.83,Clear
2026-05-04T00:47:52Z,SENS-002,Gachibowli Junction,12,61.75,Cloudy
2026-05-04T00:49:43Z,SENS-001,Jubilee Hills Checkpost,17,54.79,Light Rain
2026-05-04T00:50:58Z,SENS-011,Mehdipatnam Bus Stand,35,40.08,Cloudy
2026-05-04T00:51:35Z,SENS-002,Gachibowli Junction,23,51.45,Clear
2026-05-04T00:52:25Z,SENS-004,Madhapur IT Corridor,14,42.44,Light Rain
2026-05-04T00:53:41Z,SENS-010,Secunderabad Clock Tower,39,57.46,Clear
2026-05-04T00:54:43Z,SENS-007,Begumpet Flyover,32,23.28,Light Rain
2026-05-04T00:58:50Z,SENS-004,Madhapur IT Corridor,12,33.46,Clear
2026-05-04T00:59:57Z,SENS-012,PVNR Expressway Toll,39,41.7,Clear
2026-05-04T01:10:11Z,SENS-003,Ameerpet Crossroads,13,19.87,Clear
2026-05-04T01:14:02Z,SENS-003,Ameerpet Crossroads,32,23.83,Cloudy
2026-05-04T01:19:18Z,SENS-011,Mehdipatnam Bus Stand,30,34.3,Clear
2026-05-04T01:20:13Z,SENS-009,Kukatpally Housing Board,27,49.57,Clear
2026-05-04T01:20:42Z,SENS-005,Tank Bund Road,31,51.71,Light Rain
2026-05-04T01:28:23Z,SENS-009,Kukatpally Housing Board,32,59.07,Cloudy
2026-05-04T01:28:44Z,SENS-010,Secunderabad Clock Tower,25,18.18,Fog
2026-05-04T01:28:51Z,SENS-002,Gachibowli Junction,15,42.68,Clear
2026-05-04T01:29:38Z,SENS-003,Ameerpet Crossroads,27,15.17,Light Rain
2026-05-04T01:31:36Z,SENS-006,Hitech City Signal,38,34.38,Clear
2026-05-04T01:42:02Z,SENS-007,Begumpet Flyover,19,50.16,Light Rain
2026-05-04T01:47:21Z,SENS-010,Secunderabad Clock Tower,16,45.71,Heavy Rain
2026-05-04T01:48:48Z,SENS-004,Madhapur IT Corridor,18,22.03,Light Rain
2026-05-04T01:49:11Z,SENS-002,Gachibowli Junction,32,38.99,Cloudy
2026-05-04T02:01:38Z,SENS-009,Kukatpally Housing Board,8,44.4,Cloudy
2026-05-04T02:02:45Z,SENS-005,Tank Bund Road,14,30.52,Cloudy
2026-05-04T02:03:11Z,SENS-003,Ameerpet Crossroads,22,43.47,Heavy Rain
2026-05-04T02:08:41Z,SENS-007,Begumpet Flyover,31,21.92,Cloudy
2026-05-04T02:08:55Z,SENS-002,Gachibowli Junction,29,24.69,Heavy Rain
2026-05-04T02:10:01Z,SENS-008,LB Nagar Crossroads,14,59.34,Clear
2026-05-04T02:15:52Z,SENS-003,Ameerpet Crossroads,22,32.83,Clear
2026-05-04T02:18:27Z,SENS-007,Begumpet Flyover,18,40.69,Clear
2026-05-04T02:19:56Z,SENS-007,Begumpet Flyover,16,51.47,Clear
2026-05-04T02:26:52Z,SENS-001,Jubilee Hills Checkpost,18,56.6,Clear
2026-05-04T02:27:35Z,SENS-002,Gachibowli Junction,27,55.34,Cloudy
2026-05-04T02:28:18Z,SENS-003,Ameerpet Crossroads,19,39.57,Fog
2026-05-04T02:35:10Z,SENS-004,Madhapur IT Corridor,9,26.04,Heavy Rain
2026-05-04T02:35:24Z,SENS-001,Jubilee Hills Checkpost,9,26.65,Clear
2026-05-04T02:41:36Z,SENS-009,Kukatpally Housing Board,8,41.67,Clear
2026-05-04T02:41:59Z,SENS-003,Ameerpet Crossroads,18,20.03,Clear
2026-05-04T02:42:38Z,SENS-008,LB Nagar Crossroads,30,54.8,Cloudy
2026-05-04T02:43:34Z,SENS-011,Mehdipatnam Bus Stand,32,34.04,Clear
2026-05-04T02:56:49Z,SENS-001,Jubilee Hills Checkpost,30,25.88,Cloudy
2026-05-04T02:59:27Z,SENS-009,Kukatpally Housing Board,9,28.9,Clear
2026-05-04T03:04:58Z,SENS-004,Madhapur IT Corridor,15,23.28,Heavy Rain
2026-05-04T03:05:46Z,SENS-005,Tank Bund Road,25,43.91,Heavy Rain
2026-05-04T03:07:33Z,SENS-012,PVNR Expressway Toll,14,38.18,Cloudy
2026-05-04T03:19:03Z,SENS-006,Hitech City Signal,17,24.68,Light Rain
2026-05-04T03:22:26Z,SENS-007,Begumpet Flyover,11,61.79,Clear
2026-05-04T03:22:59Z,SENS-012,PVNR Expressway Toll,18,21.03,Clear
2026-05-04T03:34:31Z,SENS-011,Mehdipatnam Bus Stand,4,16.5,Fog
2026-05-04T03:35:05Z,SENS-010,Secunderabad Clock Tower,34,36.64,Clear
2026-05-04T03:37:07Z,SENS-002,Gachibowli Junction,35,50.5,Clear
2026-05-04T03:38:29Z,SENS-006,Hitech City Signal,14,25.75,Fog
2026-05-04T03:42:27Z,SENS-012,PVNR Expressway Toll,28,41.99,Fog
2026-05-04T04:01:56Z,SENS-012,PVNR Expressway Toll,27,36.43,Light Rain
2026-05-04T04:02:31Z,SENS-006,Hitech City Signal,39,56.54,Clear
2026-05-04T04:05:00Z,SENS-012,PVNR Expressway Toll,8,41.17,Cloudy
2026-05-04T04:06:03Z,SENS-008,LB Nagar Crossroads,11,16.6,Fog
2026-05-04T04:08:29Z,SENS-010,Secunderabad Clock Tower,23,30.17,Drizzle
2026-05-04T04:16:56Z,SENS-012,PVNR Expressway Toll,8,70.83,Clear
2026-05-04T04:19:10Z,SENS-005,Tank Bund Road,38,49.51,Clear
2026-05-04T04:21:09Z,SENS-006,Hitech City Signal,16,51.58,Cloudy
2026-05-04T04:21:16Z,SENS-003,Ameerpet Crossroads,17,12.15,Fog
2026-05-04T04:26:30Z,SENS-006,Hitech City Signal,7,20.85,Clear
2026-05-04T04:26:40Z,SENS-012,PVNR Expressway Toll,22,68.35,Clear
2026-05-04T04:32:39Z,SENS-001,Jubilee Hills Checkpost,16,39.62,Clear
2026-05-04T04:42:47Z,SENS-008,LB Nagar Crossroads,14,42.82,Clear
2026-05-04T04:43:28Z,SENS-002,Gachibowli Junction,13,19.21,Clear
2026-05-04T04:48:06Z,SENS-003,Ameerpet Crossroads,8,27.08,Cloudy
2026-05-04T04:53:46Z,SENS-009,Kukatpally Housing Board,24,29.25,Clear
2026-05-04T04:54:21Z,SENS-009,Kukatpally Housing Board,8,32.81,Clear
2026-05-04T04:57:23Z,SENS-007,Begumpet Flyover,33,36.18,Light Rain
2026-05-04T05:11:38Z,SENS-003,Ameerpet Crossroads,45,40.69,Drizzle
2026-05-04T05:14:49Z,SENS-012,PVNR Expressway Toll,65,54.42,Clear
2026-05-04T05:15:34Z,SENS-012,PVNR Expressway Toll,78,52.28,Clear
2026-05-04T05:16:20Z,SENS-010,Secunderabad Clock Tower,85,37.22,Cloudy
2026-05-04T05:21:02Z,SENS-011,Mehdipatnam Bus Stand,71,38.47,Clear
2026-05-04T05:24:06Z,SENS-003,Ameerpet Crossroads,37,44.95,Cloudy
2026-05-04T05:27:38Z,SENS-010,Secunderabad Clock Tower,77,28.43,Clear
2026-05-04T05:27:39Z,SENS-009,Kukatpally Housing Board,42,17.2,Heavy Rain
2026-05-04T05:27:59Z,SENS-009,Kukatpally Housing Board,29,31.56,Light Rain
2026-05-04T05:37:19Z,SENS-001,Jubilee Hills Checkpost,52,41.37,Clear
2026-05-04T05:40:35Z,SENS-008,LB Nagar Crossroads,48,40.87,Fog
2026-05-04T05:44:36Z,SENS-012,PVNR Expressway Toll,66,19.85,Heavy Rain
2026-05-04T05:47:37Z,SENS-002,Gachibowli Junction,54,19.49,Light Rain
2026-05-04T05:56:50Z,SENS-004,Madhapur IT Corridor,49,59.16,Cloudy
2026-05-04T06:06:01Z,SENS-006,Hitech City Signal,36,47.54,Cloudy
2026-05-04T06:11:14Z,SENS-003,Ameerpet Crossroads,80,26.78,Cloudy
2026-05-04T06:14:30Z,SENS-001,Jubilee Hills Checkpost,44,42.38,Light Rain
2026-05-04T06:17:55Z,SENS-012,PVNR Expressway Toll,48,18.12,Heavy Rain
2026-05-04T06:20:48Z,SENS-010,Secunderabad Clock Tower,49,41.06,Cloudy
2026-05-04T06:28:28Z,SENS-010,Secunderabad Clock Tower,75,23.81,Cloudy
2026-05-04T06:31:00Z,SENS-011,Mehdipatnam Bus Stand,29,25.51,Cloudy
2026-05-04T06:35:49Z,SENS-004,Madhapur IT Corridor,68,36.16,Clear
2026-05-04T06:40:02Z,SENS-003,Ameerpet Crossroads,57,22.05,Drizzle
2026-05-04T06:51:51Z,SENS-009,Kukatpally Housing Board,44,16.82,Clear
2026-05-04T06:54:46Z,SENS-003,Ameerpet Crossroads,67,47.41,Cloudy
2026-05-04T07:03:18Z,SENS-009,Kukatpally Housing Board,87,30.91,Clear
2026-05-04T07:07:56Z,SENS-010,Secunderabad Clock Tower,71,33.65,Clear
2026-05-04T07:18:50Z,SENS-010,Secunderabad Clock Tower,42,52.91,Clear
2026-05-04T07:20:02Z,SENS-011,Mehdipatnam Bus Stand,81,28.85,Cloudy
2026-05-04T07:24:04Z,SENS-011,Mehdipatnam Bus Stand,31,22.8,Clear
2026-05-04T07:25:35Z,SENS-001,Jubilee Hills Checkpost,31,18.15,Light Rain
2026-05-04T07:40:21Z,SENS-009,Kukatpally Housing Board,46,47.33,Clear
2026-05-04T07:42:16Z,SENS-010,Secunderabad Clock Tower,47,44.01,Light Rain
2026-05-04T07:49:03Z,SENS-010,Secunderabad Clock Tower,88,51.72,Clear
2026-05-04T07:54:42Z,SENS-001,Jubilee Hills Checkpost,33,19.92,Clear
2026-05-04T07:55:06Z,SENS-012,PVNR Expressway Toll,43,44.96,Clear
2026-05-04T08:02:49Z,SENS-003,Ameerpet Crossroads,170,11.16,Cloudy
2026-05-04T08:08:28Z,SENS-002,Gachibowli Junction,108,14.73,Light Rain
2026-05-04T08:10:23Z,SENS-004,Madhapur IT Corridor,97,38.51,Cloudy
2026-05-04T08:12:11Z,SENS-008,LB Nagar Crossroads,156,19.22,Clear
2026-05-04T08:14:13Z,SENS-012,PVNR Expressway Toll,86,10.09,Fog
2026-05-04T08:17:40Z,SENS-001,Jubilee Hills Checkpost,101,18.9,Clear
2026-05-04T08:19:48Z,SENS-008,LB Nagar Crossroads,83,33.6,Clear
2026-05-04T08:26:21Z,SENS-012,PVNR Expressway Toll,146,28.71,Clear
2026-05-04T08:29:12Z,SENS-003,Ameerpet Crossroads,118,32.79,Clear
2026-05-04T08:33:33Z,SENS-007,Begumpet Flyover,111,43.22,Clear
2026-05-04T08:36:12Z,SENS-003,Ameerpet Crossroads,162,6.1,Light Rain
2026-05-04T08:42:56Z,SENS-006,Hitech City Signal,171,9.5,Cloudy
2026-05-04T08:51:57Z,SENS-006,Hitech City Signal,150,17.99,Clear
2026-05-04T09:00:17Z,SENS-005,Tank Bund Road,127,13.17,Heavy Rain
2026-05-04T09:10:16Z,SENS-012,PVNR Expressway Toll,153,17.29,Clear
2026-05-04T09:11:53Z,SENS-011,Mehdipatnam Bus Stand,188,21.96,Cloudy
2026-05-04T09:17:06Z,SENS-001,Jubilee Hills Checkpost,101,34.7,Light Rain
2026-05-04T09:20:09Z,SENS-012,PVNR Expressway Toll,131,29.69,Clear
2026-05-04T09:27:45Z,SENS-003,Ameerpet Crossroads,117,9.41,Light Rain
2026-05-04T09:38:33Z,SENS-001,Jubilee Hills Checkpost,163,19.24,Cloudy
2026-05-04T09:39:57Z,SENS-010,Secunderabad Clock Tower,132,15.43,Drizzle
2026-05-04T09:41:42Z,SENS-008,LB Nagar Crossroads,93,50.16,Clear
2026-05-04T09:42:27Z,SENS-007,Begumpet Flyover,147,9.96,Heavy Rain
2026-05-04T09:44:46Z,SENS-009,Kukatpally Housing Board,116,22.43,Fog
2026-05-04T09:56:31Z,SENS-003,Ameerpet Crossroads,119,19.67,Cloudy
2026-05-04T09:57:11Z,SENS-002,Gachibowli Junction,150,27.67,Clear
2026-05-04T10:05:18Z,SENS-011,Mehdipatnam Bus Stand,94,9.94,Heavy Rain
2026-05-04T10:11:21Z,SENS-002,Gachibowli Junction,68,28.33,Fog
2026-05-04T10:30:57Z,SENS-012,PVNR Expressway Toll,100,22.02,Cloudy
2026-05-04T10:39:52Z,SENS-010,Secunderabad Clock Tower,98,36.66,Clear
2026-05-04T10:49:59Z,SENS-011,Mehdipatnam Bus Stand,85,37.31,Cloudy
2026-05-04T10:51:58Z,SENS-007,Begumpet Flyover,96,24.85,Heavy Rain
2026-05-04T10:53:06Z,SENS-007,Begumpet Flyover,151,14.7,Clear
2026-05-04T11:00:30Z,SENS-004,Madhapur IT Corridor,63,22.86,Heavy Rain
2026-05-04T11:02:00Z,SENS-008,LB Nagar Crossroads,44,29.47,Clear
2026-05-04T11:04:19Z,SENS-011,Mehdipatnam Bus Stand,40,25.2,Light Rain
2026-05-04T11:04:53Z,SENS-007,Begumpet Flyover,54,60.33,Clear
2026-05-04T11:09:03Z,SENS-008,LB Nagar Crossroads,80,16.56,Clear
2026-05-04T11:13:56Z,SENS-010,Secunderabad Clock Tower,54,26.34,Clear
2026-05-04T11:14:18Z,SENS-006,Hitech City Signal,49,17.79,Light Rain
2026-05-04T11:22:33Z,SENS-010,Secunderabad Clock Tower,57,34.12,Clear
2026-05-04T11:23:25Z,SENS-006,Hitech City Signal,68,16.72,Cloudy
2026-05-04T11:37:52Z,SENS-006,Hitech City Signal,61,38.39,Cloudy
2026-05-04T11:43:20Z,SENS-005,Tank Bund Road,61,27.62,Clear
2026-05-04T11:54:18Z,SENS-007,Begumpet Flyover,33,55.56,Drizzle
2026-05-04T11:56:06Z,SENS-012,PVNR Expressway Toll,33,68.39,Clear
2026-05-04T11:57:07Z,SENS-007,Begumpet Flyover,68,21.23,Clear
2026-05-04T12:06:15Z,SENS-011,Mehdipatnam Bus Stand,78,47.43,Clear
2026-05-04T12:12:13Z,SENS-004,Madhapur IT Corridor,29,26.99,Cloudy
2026-05-04T12:12:39Z,SENS-005,Tank Bund Road,89,37.45,Clear
2026-05-04T12:13:16Z,SENS-003,Ameerpet Crossroads,35,19.83,Cloudy
2026-05-04T12:14:42Z,SENS-008,LB Nagar Crossroads,83,28.93,Clear
2026-05-04T12:16:48Z,SENS-011,Mehdipatnam Bus Stand,85,15.07,Cloudy
2026-05-04T12:17:26Z,SENS-001,Jubilee Hills Checkpost,54,32.02,Heavy Rain
2026-05-04T12:25:17Z,SENS-006,Hitech City Signal,45,29.36,Heavy Rain
2026-05-04T12:26:27Z,SENS-006,Hitech City Signal,76,45.8,Clear
2026-05-04T12:27:25Z,SENS-002,Gachibowli Junction,59,46.2,Clear
2026-05-04T12:32:09Z,SENS-008,LB Nagar Crossroads,49,11.66,Fog
2026-05-04T12:38:06Z,SENS-001,Jubilee Hills Checkpost,57,30.46,Drizzle
2026-05-04T12:42:28Z,SENS-011,Mehdipatnam Bus Stand,69,51.63,Clear
2026-05-04T12:43:07Z,SENS-012,PVNR Expressway Toll,58,46.28,Clear
2026-05-04T12:45:19Z,SENS-010,Secunderabad Clock Tower,89,21.0,Clear
2026-05-04T12:47:16Z,SENS-006,Hitech City Signal,77,40.07,Cloudy
2026-05-04T12:48:30Z,SENS-003,Ameerpet Crossroads,24,35.89,Fog
2026-05-04T12:53:39Z,SENS-012,PVNR Expressway Toll,78,51.64,Cloudy
2026-05-04T12:59:04Z,SENS-006,Hitech City Signal,67,36.22,Clear
2026-05-04T13:06:50Z,SENS-010,Secunderabad Clock Tower,69,43.34,Cloudy
2026-05-04T13:09:03Z,SENS-010,Secunderabad Clock Tower,50,31.12,Clear
2026-05-04T13:11:05Z,SENS-010,Secunderabad Clock Tower,64,21.83,Cloudy
2026-05-04T13:14:15Z,SENS-007,Begumpet Flyover,73,29.39,Cloudy
2026-05-04T13:26:16Z,SENS-008,LB Nagar Crossroads,28,55.4,Light Rain
2026-05-04T13:26:38Z,SENS-009,Kukatpally Housing Board,61,16.65,Heavy Rain
2026-05-04T13:28:01Z,SENS-009,Kukatpally Housing Board,45,54.45,Clear
2026-05-04T13:31:32Z,SENS-012,PVNR Expressway Toll,64,10.46,Heavy Rain
2026-05-04T13:37:19Z,SENS-011,Mehdipatnam Bus Stand,51,15.05,Light Rain
2026-05-04T13:38:20Z,SENS-008,LB Nagar Crossroads,87,28.25,Clear
2026-05-04T13:42:19Z,SENS-008,LB Nagar Crossroads,44,20.31,Cloudy
2026-05-04T13:56:02Z,SENS-010,Secunderabad Clock Tower,40,29.77,Clear
2026-05-04T13:57:58Z,SENS-012,PVNR Expressway Toll,71,52.39,Cloudy
2026-05-04T14:01:44Z,SENS-001,Jubilee Hills Checkpost,67,51.52,Cloudy
2026-05-04T14:04:03Z,SENS-004,Madhapur IT Corridor,75,45.01,Clear
2026-05-04T14:06:16Z,SENS-004,Madhapur IT Corridor,30,59.31,Clear
2026-05-04T14:08:29Z,SENS-012,PVNR Expressway Toll,63,14.01,Drizzle
2026-05-04T14:11:47Z,SENS-010,Secunderabad Clock Tower,79,29.77,Clear
2026-05-04T14:12:04Z,SENS-004,Madhapur IT Corridor,70,17.14,Clear
2026-05-04T14:14:33Z,SENS-001,Jubilee Hills Checkpost,62,18.91,Clear
2026-05-04T14:17:49Z,SENS-011,Mehdipatnam Bus Stand,66,42.61,Cloudy
2026-05-04T14:19:09Z,SENS-001,Jubilee Hills Checkpost,39,16.61,Heavy Rain
2026-05-04T14:20:57Z,SENS-012,PVNR Expressway Toll,63,46.79,Light Rain
2026-05-04T14:23:48Z,SENS-007,Begumpet Flyover,34,35.25,Light Rain
2026-05-04T14:23:54Z,SENS-010,Secunderabad Clock Tower,73,52.34,Cloudy
2026-05-04T14:31:19Z,SENS-009,Kukatpally Housing Board,55,52.76,Light Rain
2026-05-04T14:33:28Z,SENS-006,Hitech City Signal,79,34.88,Clear
2026-05-04T14:34:15Z,SENS-007,Begumpet Flyover,66,42.98,Clear
2026-05-04T14:39:25Z,SENS-004,Madhapur IT Corridor,38,37.4,Heavy Rain
2026-05-04T14:43:03Z,SENS-002,Gachibowli Junction,45,21.74,Clear
2026-05-04T14:44:21Z,SENS-011,Mehdipatnam Bus Stand,82,21.7,Cloudy
2026-05-04T14:56:07Z,SENS-009,Kukatpally Housing Board,83,51.83,Clear
2026-05-04T14:58:02Z,SENS-010,Secunderabad Clock Tower,67,24.64,Clear
2026-05-04T15:01:29Z,SENS-009,Kukatpally Housing Board,69,31.95,Cloudy
2026-05-04T15:01:59Z,SENS-009,Kukatpally Housing Board,33,31.39,Cloudy
2026-05-04T15:03:42Z,SENS-003,Ameerpet Crossroads,87,44.86,Clear
2026-05-04T15:04:57Z,SENS-008,LB Nagar Crossroads,86,22.34,Clear
2026-05-04T15:05:07Z,SENS-008,LB Nagar Crossroads,46,18.05,Drizzle
2026-05-04T15:11:58Z,SENS-010,Secunderabad Clock Tower,52,31.16,Light Rain
2026-05-04T15:25:29Z,SENS-001,Jubilee Hills Checkpost,30,56.82,Cloudy
2026-05-04T15:32:18Z,SENS-006,Hitech City Signal,74,42.43,Light Rain
2026-05-04T15:33:54Z,SENS-010,Secunderabad Clock Tower,65,28.62,Fog
2026-05-04T15:36:29Z,SENS-008,LB Nagar Crossroads,53,43.99,Cloudy
2026-05-04T15:42:44Z,SENS-012,PVNR Expressway Toll,66,20.22,Clear
2026-05-04T15:46:18Z,SENS-003,Ameerpet Crossroads,80,25.6,Cloudy
2026-05-04T15:48:35Z,SENS-005,Tank Bund Road,53,34.48,Clear
2026-05-04T15:51:44Z,SENS-009,Kukatpally Housing Board,31,46.23,Clear
2026-05-04T16:00:07Z,SENS-004,Madhapur IT Corridor,54,39.22,Light Rain
2026-05-04T16:00:31Z,SENS-005,Tank Bund Road,54,25.25,Heavy Rain
2026-05-04T16:04:14Z,SENS-002,Gachibowli Junction,83,39.16,Cloudy
2026-05-04T16:06:40Z,SENS-009,Kukatpally Housing Board,59,47.0,Clear
2026-05-04T16:14:59Z,SENS-001,Jubilee Hills Checkpost,66,25.21,Heavy Rain
2026-05-04T16:22:51Z,SENS-008,LB Nagar Crossroads,38,28.17,Heavy Rain
2026-05-04T16:23:30Z,SENS-001,Jubilee Hills Checkpost,61,15.78,Light Rain
2026-05-04T16:24:20Z,SENS-006,Hitech City Signal,77,33.94,Cloudy
2026-05-04T16:25:35Z,SENS-002,Gachibowli Junction,46,49.32,Cloudy
2026-05-04T16:29:20Z,SENS-011,Mehdipatnam Bus Stand,56,51.69,Clear
2026-05-04T16:30:46Z,SENS-009,Kukatpally Housing Board,53,12.34,Heavy Rain
2026-05-04T16:33:23Z,SENS-006,Hitech City Signal,27,39.51,Light Rain
2026-05-04T16:38:17Z,SENS-001,Jubilee Hills Checkpost,77,33.59,Light Rain
2026-05-04T16:56:15Z,SENS-001,Jubilee Hills Checkpost,73,30.22,Cloudy
2026-05-04T17:00:26Z,SENS-009,Kukatpally Housing Board,171,22.56,Clear
2026-05-04T17:03:21Z,SENS-006,Hitech City Signal,124,34.05,Light Rain
2026-05-04T17:05:01Z,SENS-004,Madhapur IT Corridor,148,15.68,Cloudy
2026-05-04T17:09:20Z,SENS-002,Gachibowli Junction,145,16.04,Light Rain
2026-05-04T17:09:42Z,SENS-002,Gachibowli Junction,131,13.64,Clear
2026-05-04T17:16:24Z,SENS-002,Gachibowli Junction,110,17.41,Light Rain
2026-05-04T17:19:41Z,SENS-008,LB Nagar Crossroads,131,11.42,Drizzle
2026-05-04T17:27:49Z,SENS-001,Jubilee Hills Checkpost,97,11.02,Fog
2026-05-04T17:28:10Z,SENS-009,Kukatpally Housing Board,92,13.76,Clear
2026-05-04T17:30:54Z,SENS-003,Ameerpet Crossroads,128,30.69,Clear
2026-05-04T17:32:21Z,SENS-007,Begumpet Flyover,134,12.27,Light Rain
2026-05-04T17:32:22Z,SENS-012,PVNR Expressway Toll,162,11.36,Light Rain
2026-05-04T17:37:43Z,SENS-010,Secunderabad Clock Tower,199,14.52,Clear
2026-05-04T17:39:33Z,SENS-003,Ameerpet Crossroads,148,24.28,Cloudy
2026-05-04T17:40:36Z,SENS-007,Begumpet Flyover,185,17.86,Clear
2026-05-04T17:47:46Z,SENS-008,LB Nagar Crossroads,150,11.84,Clear
2026-05-04T17:52:45Z,SENS-009,Kukatpally Housing Board,69,30.93,Heavy Rain
2026-05-04T17:54:58Z,SENS-003,Ameerpet Crossroads,112,20.15,Cloudy
2026-05-04T18:00:57Z,SENS-010,Secunderabad Clock Tower,192,16.57,Clear
2026-05-04T18:04:02Z,SENS-012,PVNR Expressway Toll,173,8.48,Cloudy
2026-05-04T18:06:49Z,SENS-005,Tank Bund Road,179,6.19,Clear
2026-05-04T18:10:44Z,SENS-008,LB Nagar Crossroads,192,16.28,Clear
2026-05-04T18:11:46Z,SENS-005,Tank Bund Road,142,22.82,Cloudy
2026-05-04T18:13:05Z,SENS-008,LB Nagar Crossroads,131,14.24,Clear
2026-05-04T18:13:36Z,SENS-001,Jubilee Hills Checkpost,86,22.4,Cloudy
2026-05-04T18:18:53Z,SENS-009,Kukatpally Housing Board,106,18.19,Fog
2026-05-04T18:28:40Z,SENS-004,Madhapur IT Corridor,166,6.93,Cloudy
2026-05-04T18:31:43Z,SENS-006,Hitech City Signal,167,25.46,Clear
2026-05-04T18:32:17Z,SENS-003,Ameerpet Crossroads,146,28.16,Cloudy
2026-05-04T18:35:36Z,SENS-012,PVNR Expressway Toll,117,12.83,Heavy Rain
2026-05-04T18:37:10Z,SENS-011,Mehdipatnam Bus Stand,154,29.17,Clear
2026-05-04T18:39:22Z,SENS-005,Tank Bund Road,166,14.41,Cloudy
2026-05-04T18:44:48Z,SENS-003,Ameerpet Crossroads,174,7.22,Clear
2026-05-04T18:45:46Z,SENS-006,Hitech City Signal,140,22.65,Cloudy
2026-05-04T18:46:47Z,SENS-002,Gachibowli Junction,132,33.76,Clear
2026-05-04T18:48:49Z,SENS-012,PVNR Expressway Toll,107,22.76,Cloudy
2026-05-04T18:55:07Z,SENS-010,Secunderabad Clock Tower,157,9.01,Cloudy
2026-05-04T18:55:41Z,SENS-002,Gachibowli Junction,91,29.4,Cloudy
2026-05-04T18:58:56Z,SENS-012,PVNR Expressway Toll,111,40.46,Clear
2026-05-04T19:03:36Z,SENS-009,Kukatpally Housing Board,119,28.99,Drizzle
2026-05-04T19:08:42Z,SENS-006,Hitech City Signal,129,19.53,Clear
2026-05-04T19:18:37Z,SENS-002,Gachibowli Junction,139,19.42,Light Rain
2026-05-04T19:19:35Z,SENS-006,Hitech City Signal,92,13.12,Heavy Rain
2026-05-04T19:21:19Z,SENS-002,Gachibowli Junction,109,35.02,Light Rain
2026-05-04T19:23:57Z,SENS-003,Ameerpet Crossroads,136,14.89,Fog
2026-05-04T19:37:06Z,SENS-007,Begumpet Flyover,174,15.34,Light Rain
2026-05-04T19:40:20Z,SENS-008,LB Nagar Crossroads,172,21.06,Drizzle
2026-05-04T19:50:57Z,SENS-004,Madhapur IT Corridor,115,40.47,Clear
2026-05-04T19:52:21Z,SENS-006,Hitech City Signal,188,13.04,Cloudy
2026-05-04T20:01:53Z,SENS-008,LB Nagar Crossroads,52,33.57,Clear
2026-05-04T20:10:34Z,SENS-012,PVNR Expressway Toll,41,49.73,Cloudy
2026-05-04T20:11:29Z,SENS-007,Begumpet Flyover,82,20.5,Clear
2026-05-04T20:12:06Z,SENS-009,Kukatpally Housing Board,53,36.56,Heavy Rain
2026-05-04T20:15:29Z,SENS-009,Kukatpally Housing Board,66,25.73,Cloudy
2026-05-04T20:24:18Z,SENS-002,Gachibowli Junction,60,31.96,Clear
2026-05-04T20:31:26Z,SENS-012,PVNR Expressway Toll,34,61.79,Clear
2026-05-04T20:34:52Z,SENS-012,PVNR Expressway Toll,54,21.72,Fog
2026-05-04T20:39:11Z,SENS-008,LB Nagar Crossroads,61,21.37,Fog
2026-05-04T20:53:29Z,SENS-005,Tank Bund Road,61,40.84,Clear
2026-05-04T20:53:32Z,SENS-005,Tank Bund Road,72,41.29,Cloudy
2026-05-04T20:54:01Z,SENS-001,Jubilee Hills Checkpost,31,60.64,Drizzle
2026-05-04T20:55:07Z,SENS-004,Madhapur IT Corridor,86,30.99,Clear
2026-05-04T20:56:40Z,SENS-010,Secunderabad Clock Tower,45,39.8,Fog
2026-05-04T20:58:43Z,SENS-002,Gachibowli Junction,72,55.89,Clear
2026-05-04T21:00:30Z,SENS-007,Begumpet Flyover,45,51.62,Clear
2026-05-04T21:07:22Z,SENS-006,Hitech City Signal,48,17.46,Clear
2026-05-04T21:09:04Z,SENS-002,Gachibowli Junction,42,41.97,Heavy Rain
2026-05-04T21:12:42Z,SENS-003,Ameerpet Crossroads,71,27.38,Clear
2026-05-04T21:16:30Z,SENS-005,Tank Bund Road,42,50.33,Clear
2026-05-04T21:19:08Z,SENS-012,PVNR Expressway Toll,53,35.35,Cloudy
2026-05-04T21:22:54Z,SENS-012,PVNR Expressway Toll,33,15.95,Heavy Rain
2026-05-04T21:29:39Z,SENS-004,Madhapur IT Corridor,40,13.72,Fog
2026-05-04T21:38:59Z,SENS-011,Mehdipatnam Bus Stand,47,18.44,Heavy Rain
2026-05-04T21:49:36Z,SENS-004,Madhapur IT Corridor,72,14.58,Light Rain
2026-05-04T21:50:02Z,SENS-005,Tank Bund Road,85,31.44,Clear
2026-05-04T21:55:23Z,SENS-004,Madhapur IT Corridor,71,24.5,Clear
2026-05-04T22:02:20Z,SENS-010,Secunderabad Clock Tower,32,37.34,Cloudy
2026-05-04T22:11:42Z,SENS-009,Kukatpally Housing Board,30,56.88,Clear
2026-05-04T22:12:43Z,SENS-003,Ameerpet Crossroads,4,35.34,Heavy Rain
2026-05-04T22:15:40Z,SENS-009,Kukatpally Housing Board,8,69.59,Clear
2026-05-04T22:17:21Z,SENS-010,Secunderabad Clock Tower,10,29.74,Clear
2026-05-04T22:18:06Z,SENS-001,Jubilee Hills Checkpost,29,53.75,Clear
2026-05-04T22:21:56Z,SENS-003,Ameerpet Crossroads,13,39.95,Cloudy
2026-05-04T22:22:45Z,SENS-003,Ameerpet Crossroads,7,31.82,Light Rain
2026-05-04T22:26:19Z,SENS-004,Madhapur IT Corridor,20,26.35,Heavy Rain
2026-05-04T22:26:23Z,SENS-007,Begumpet Flyover,14,27.28,Clear
2026-05-04T22:26:59Z,SENS-002,Gachibowli Junction,21,24.49,Light Rain
2026-05-04T22:31:40Z,SENS-003,Ameerpet Crossroads,38,20.42,Clear
2026-05-04T22:49:33Z,SENS-004,Madhapur IT Corridor,33,51.84,Clear
2026-05-04T22:51:25Z,SENS-005,Tank Bund Road,19,73.68,Clear
2026-05-04T23:07:10Z,SENS-001,Jubilee Hills Checkpost,10,39.16,Light Rain
2026-05-04T23:13:28Z,SENS-004,Madhapur IT Corridor,19,24.34,Clear
2026-05-04T23:19:50Z,SENS-010,Secunderabad Clock Tower,9,43.26,Drizzle
2026-05-04T23:22:56Z,SENS-012,PVNR Expressway Toll,31,34.36,Clear
2026-05-04T23:27:56Z,SENS-002,Gachibowli Junction,15,70.79,Cloudy
2026-05-04T23:35:42Z,SENS-011,Mehdipatnam Bus Stand,15,20.03,Light Rain
2026-05-04T23:42:44Z,SENS-008,LB Nagar Crossroads,25,34.68,Light Rain
2026-05-04T23:57:48Z,SENS-008,LB Nagar Crossroads,35,62.69,Clear
2026-05-05T00:15:57Z,SENS-003,Ameerpet Crossroads,33,56.9,Clear
2026-05-05T00:16:46Z,SENS-004,Madhapur IT Corridor,31,57.62,Cloudy
2026-05-05T00:19:23Z,SENS-009,Kukatpally Housing Board,20,25.5,Cloudy
2026-05-05T00:20:41Z,SENS-010,Secunderabad Clock Tower,24,21.72,Light Rain
2026-05-05T00:25:34Z,SENS-002,Gachibowli Junction,22,67.58,Cloudy
2026-05-05T00:29:06Z,SENS-010,Secunderabad Clock Tower,11,33.65,Heavy Rain
2026-05-05T00:35:45Z,SENS-004,Madhapur IT Corridor,23,48.47,Clear
2026-05-05T00:40:30Z,SENS-002,Gachibowli Junction,12,26.09,Light Rain
2026-05-05T00:41:45Z,SENS-009,Kukatpally Housing Board,17,49.94,Cloudy
2026-05-05T00:47:08Z,SENS-011,Mehdipatnam Bus Stand,34,20.99,Clear
2026-05-05T00:49:45Z,SENS-007,Begumpet Flyover,29,22.89,Fog
2026-05-05T00:50:21Z,SENS-012,PVNR Expressway Toll,34,33.22,Cloudy
2026-05-05T00:55:24Z,SENS-004,Madhapur IT Corridor,14,51.14,Cloudy
2026-05-05T00:57:42Z,SENS-007,Begumpet Flyover,18,30.97,Cloudy
2026-05-05T01:06:42Z,SENS-007,Begumpet Flyover,36,49.69,Clear
2026-05-05T01:06:48Z,SENS-007,Begumpet Flyover,8,17.41,Fog
2026-05-05T01:13:13Z,SENS-006,Hitech City Signal,39,28.87,Clear
2026-05-05T01:20:16Z,SENS-004,Madhapur IT Corridor,13,26.98,Clear
2026-05-05T01:20:21Z,SENS-007,Begumpet Flyover,11,35.06,Clear
2026-05-05T01:28:19Z,SENS-005,Tank Bund Road,32,67.49,Clear
2026-05-05T01:33:47Z,SENS-009,Kukatpally Housing Board,29,47.06,Clear
2026-05-05T01:37:08Z,SENS-011,Mehdipatnam Bus Stand,9,36.4,Heavy Rain
2026-05-05T01:38:34Z,SENS-001,Jubilee Hills Checkpost,5,43.9,Light Rain
2026-05-05T01:40:22Z,SENS-001,Jubilee Hills Checkpost,29,19.03,Cloudy
2026-05-05T01:44:14Z,SENS-011,Mehdipatnam Bus Stand,26,67.33,Clear
2026-05-05T01:53:51Z,SENS-003,Ameerpet Crossroads,32,27.06,Light Rain
2026-05-05T01:57:53Z,SENS-005,Tank Bund Road,18,64.73,Cloudy
2026-05-05T01:58:09Z,SENS-007,Begumpet Flyover,7,71.15,Clear
2026-05-05T02:01:52Z,SENS-003,Ameerpet Crossroads,16,14.95,Heavy Rain
2026-05-05T02:06:39Z,SENS-009,Kukatpally Housing Board,39,29.52,Clear
2026-05-05T02:17:32Z,SENS-008,LB Nagar Crossroads,20,36.24,Fog
2026-05-05T02:18:46Z,SENS-012,PVNR Expressway Toll,29,51.92,Clear
2026-05-05T02:23:33Z,SENS-012,PVNR Expressway Toll,29,24.46,Light Rain
2026-05-05T02:25:14Z,SENS-011,Mehdipatnam Bus Stand,35,21.62,Light Rain
2026-05-05T02:30:03Z,SENS-007,Begumpet Flyover,29,26.73,Fog
2026-05-05T02:36:55Z,SENS-001,Jubilee Hills Checkpost,17,23.93,Fog
2026-05-05T02:37:30Z,SENS-006,Hitech City Signal,28,54.32,Cloudy
2026-05-05T02:38:58Z,SENS-010,Secunderabad Clock Tower,5,53.71,Cloudy
2026-05-05T02:40:06Z,SENS-005,Tank Bund Road,32,45.38,Clear
2026-05-05T02:42:25Z,SENS-004,Madhapur IT Corridor,7,45.44,Light Rain
2026-05-05T02:59:27Z,SENS-004,Madhapur IT Corridor,9,21.17,Cloudy
2026-05-05T02:59:44Z,SENS-006,Hitech City Signal,22,50.26,Cloudy
2026-05-05T03:02:24Z,SENS-012,PVNR Expressway Toll,29,22.2,Cloudy
2026-05-05T03:15:23Z,SENS-005,Tank Bund Road,13,44.58,Clear
2026-05-05T03:18:18Z,SENS-001,Jubilee Hills Checkpost,5,53.93,Cloudy
2026-05-05T03:22:46Z,SENS-011,Mehdipatnam Bus Stand,33,38.35,Clear
2026-05-05T03:22:59Z,SENS-009,Kukatpally Housing Board,25,53.95,Cloudy
2026-05-05T03:31:53Z,SENS-010,Secunderabad Clock Tower,32,55.05,Cloudy
2026-05-05T03:34:30Z,SENS-011,Mehdipatnam Bus Stand,19,36.15,Cloudy
2026-05-05T03:40:11Z,SENS-002,Gachibowli Junction,25,40.66,Cloudy
2026-05-05T03:40:49Z,SENS-009,Kukatpally Housing Board,30,50.05,Clear
2026-05-05T03:45:04Z,SENS-002,Gachibowli Junction,30,56.28,Clear
2026-05-05T03:49:30Z,SENS-003,Ameerpet Crossroads,25,68.44,Clear
2026-05-05T03:51:48Z,SENS-004,Madhapur IT Corridor,27,64.29,Clear
2026-05-05T03:51:52Z,SENS-006,Hitech City Signal,18,56.47,Cloudy
2026-05-05T03:56:52Z,SENS-002,Gachibowli Junction,15,18.72,Cloudy
2026-05-05T04:06:24Z,SENS-009,Kukatpally Housing Board,9,38.87,Clear
2026-05-05T04:12:11Z,SENS-003,Ameerpet Crossroads,6,13.89,Heavy Rain
2026-05-05T04:30:18Z,SENS-004,Madhapur IT Corridor,12,31.28,Clear
2026-05-05T04:32:37Z,SENS-012,PVNR Expressway Toll,34,23.04,Cloudy
2026-05-05T04:33:38Z,SENS-011,Mehdipatnam Bus Stand,39,54.87,Clear
2026-05-05T04:44:49Z,SENS-002,Gachibowli Junction,29,46.52,Clear
2026-05-05T04:46:34Z,SENS-001,Jubilee Hills Checkpost,20,28.31,Drizzle
2026-05-05T04:49:21Z,SENS-007,Begumpet Flyover,26,28.34,Cloudy
2026-05-05T04:50:04Z,SENS-004,Madhapur IT Corridor,5,52.72,Cloudy
2026-05-05T04:55:07Z,SENS-003,Ameerpet Crossroads,5,67.13,Clear
2026-05-05T05:04:14Z,SENS-008,LB Nagar Crossroads,54,44.3,Light Rain
2026-05-05T05:06:57Z,SENS-007,Begumpet Flyover,39,26.97,Cloudy
2026-05-05T05:07:17Z,SENS-009,Kukatpally Housing Board,82,28.08,Clear
2026-05-05T05:09:15Z,SENS-006,Hitech City Signal,43,28.34,Clear
2026-05-05T05:11:31Z,SENS-003,Ameerpet Crossroads,37,35.74,Cloudy
2026-05-05T05:20:16Z,SENS-007,Begumpet Flyover,55,17.53,Cloudy
2026-05-05T05:20:25Z,SENS-002,Gachibowli Junction,67,17.33,Clear
2026-05-05T05:20:37Z,SENS-004,Madhapur IT Corridor,85,48.19,Cloudy
2026-05-05T05:31:33Z,SENS-008,LB Nagar Crossroads,59,31.13,Cloudy
2026-05-05T05:32:13Z,SENS-012,PVNR Expressway Toll,35,28.56,Cloudy
2026-05-05T05:34:21Z,SENS-008,LB Nagar Crossroads,31,50.51,Clear
2026-05-05T05:50:19Z,SENS-010,Secunderabad Clock Tower,40,25.92,Fog
2026-05-05T05:55:44Z,SENS-012,PVNR Expressway Toll,79,20.42,Cloudy
2026-05-05T06:03:29Z,SENS-001,Jubilee Hills Checkpost,86,14.87,Cloudy
2026-05-05T06:09:05Z,SENS-004,Madhapur IT Corridor,51,24.87,Heavy Rain
2026-05-05T06:10:42Z,SENS-006,Hitech City Signal,74,31.3,Clear
2026-05-05T06:11:25Z,SENS-004,Madhapur IT Corridor,37,55.63,Clear
2026-05-05T06:11:58Z,SENS-011,Mehdipatnam Bus Stand,74,18.09,Light Rain
2026-05-05T06:13:22Z,SENS-010,Secunderabad Clock Tower,46,49.45,Drizzle
2026-05-05T06:19:01Z,SENS-003,Ameerpet Crossroads,78,44.03,Drizzle
2026-05-05T06:21:57Z,SENS-003,Ameerpet Crossroads,69,49.03,Drizzle
2026-05-05T06:24:03Z,SENS-002,Gachibowli Junction,79,51.66,Clear
2026-05-05T06:24:31Z,SENS-006,Hitech City Signal,61,31.49,Fog
2026-05-05T06:25:50Z,SENS-010,Secunderabad Clock Tower,75,52.02,Cloudy
2026-05-05T06:27:58Z,SENS-012,PVNR Expressway Toll,69,41.37,Clear
2026-05-05T06:38:49Z,SENS-001,Jubilee Hills Checkpost,87,41.32,Clear
2026-05-05T06:51:47Z,SENS-012,PVNR Expressway Toll,68,32.95,Clear
2026-05-05T06:51:49Z,SENS-010,Secunderabad Clock Tower,54,47.42,Cloudy
2026-05-05T06:54:19Z,SENS-011,Mehdipatnam Bus Stand,61,34.2,Clear
2026-05-05T06:54:25Z,SENS-012,PVNR Expressway Toll,77,27.04,Clear
2026-05-05T06:58:48Z,SENS-012,PVNR Expressway Toll,71,23.18,Light Rain
2026-05-05T07:00:21Z,SENS-005,Tank Bund Road,47,19.44,Clear
2026-05-05T07:10:17Z,SENS-009,Kukatpally Housing Board,66,37.5,Light Rain
2026-05-05T07:14:55Z,SENS-009,Kukatpally Housing Board,61,22.81,Cloudy
2026-05-05T07:17:35Z,SENS-003,Ameerpet Crossroads,85,50.05,Cloudy
2026-05-05T07:25:06Z,SENS-004,Madhapur IT Corridor,32,43.18,Clear
2026-05-05T07:32:22Z,SENS-012,PVNR Expressway Toll,80,37.54,Clear
2026-05-05T07:44:25Z,SENS-004,Madhapur IT Corridor,51,40.14,Heavy Rain
2026-05-05T08:09:22Z,SENS-007,Begumpet Flyover,105,28.9,Heavy Rain
2026-05-05T08:11:39Z,SENS-009,Kukatpally Housing Board,190,18.86,Clear
2026-05-05T08:13:36Z,SENS-004,Madhapur IT Corridor,159,11.23,Cloudy
2026-05-05T08:15:25Z,SENS-010,Secunderabad Clock Tower,99,20.43,Clear
2026-05-05T08:21:51Z,SENS-005,Tank Bund Road,124,26.7,Clear
2026-05-05T08:23:16Z,SENS-003,Ameerpet Crossroads,163,20.88,Clear
2026-05-05T08:27:26Z,SENS-009,Kukatpally Housing Board,126,29.47,Clear
2026-05-05T08:31:07Z,SENS-009,Kukatpally Housing Board,157,13.02,Light Rain
2026-05-05T08:32:33Z,SENS-002,Gachibowli Junction,79,18.83,Cloudy
2026-05-05T08:36:58Z,SENS-001,Jubilee Hills Checkpost,198,13.43,Clear
2026-05-05T09:02:57Z,SENS-011,Mehdipatnam Bus Stand,87,12.77,Fog
2026-05-05T09:06:25Z,SENS-002,Gachibowli Junction,191,14.71,Cloudy
2026-05-05T09:09:34Z,SENS-010,Secunderabad Clock Tower,100,27.68,Fog
2026-05-05T09:10:13Z,SENS-009,Kukatpally Housing Board,185,11.5,Clear
2026-05-05T09:20:29Z,SENS-012,PVNR Expressway Toll,131,20.0,Cloudy
2026-05-05T09:22:05Z,SENS-008,LB Nagar Crossroads,88,43.6,Cloudy
2026-05-05T09:24:43Z,SENS-002,Gachibowli Junction,120,28.04,Heavy Rain
2026-05-05T09:25:33Z,SENS-003,Ameerpet Crossroads,198,7.07,Clear
2026-05-05T09:30:36Z,SENS-012,PVNR Expressway Toll,110,35.62,Clear
2026-05-05T09:41:09Z,SENS-008,LB Nagar Crossroads,135,15.48,Light Rain
2026-05-05T09:55:52Z,SENS-008,LB Nagar Crossroads,126,13.51,Light Rain
2026-05-05T09:58:37Z,SENS-002,Gachibowli Junction,110,18.53,Cloudy
2026-05-05T10:05:36Z,SENS-002,Gachibowli Junction,144,8.52,Heavy Rain
2026-05-05T10:11:44Z,SENS-005,Tank Bund Road,171,17.03,Clear
2026-05-05T10:17:45Z,SENS-001,Jubilee Hills Checkpost,132,18.61,Heavy Rain
2026-05-05T10:22:27Z,SENS-012,PVNR Expressway Toll,151,24.85,Clear
2026-05-05T10:25:01Z,SENS-003,Ameerpet Crossroads,100,24.35,Clear
2026-05-05T10:42:09Z,SENS-007,Begumpet Flyover,78,40.23,Drizzle
2026-05-05T10:44:28Z,SENS-008,LB Nagar Crossroads,124,31.99,Cloudy
2026-05-05T10:46:49Z,SENS-008,LB Nagar Crossroads,147,7.44,Fog
2026-05-05T10:52:25Z,SENS-004,Madhapur IT Corridor,86,43.02,Cloudy
2026-05-05T11:01:05Z,SENS-002,Gachibowli Junction,81,23.66,Cloudy
2026-05-05T11:04:50Z,SENS-007,Begumpet Flyover,85,22.91,Clear
2026-05-05T11:05:16Z,SENS-006,Hitech City Signal,74,44.96,Clear
2026-05-05T11:14:18Z,SENS-003,Ameerpet Crossroads,64,30.74,Clear
2026-05-05T11:18:33Z,SENS-001,Jubilee Hills Checkpost,69,40.9,Clear
2026-05-05T11:21:36Z,SENS-007,Begumpet Flyover,29,51.98,Drizzle
2026-05-05T11:23:13Z,SENS-007,Begumpet Flyover,67,37.26,Clear
2026-05-05T11:25:55Z,SENS-003,Ameerpet Crossroads,41,26.71,Cloudy
2026-05-05T11:30:42Z,SENS-012,PVNR Expressway Toll,46,26.15,Heavy Rain
2026-05-05T11:31:07Z,SENS-006,Hitech City Signal,52,21.24,Light Rain
2026-05-05T11:35:02Z,SENS-005,Tank Bund Road,65,54.96,Clear
2026-05-05T11:36:15Z,SENS-012,PVNR Expressway Toll,85,17.39,Clear
2026-05-05T11:37:04Z,SENS-008,LB Nagar Crossroads,73,46.95,Cloudy
2026-05-05T11:43:18Z,SENS-005,Tank Bund Road,73,50.78,Cloudy
2026-05-05T11:45:36Z,SENS-012,PVNR Expressway Toll,34,27.23,Cloudy
2026-05-05T11:48:52Z,SENS-010,Secunderabad Clock Tower,60,34.48,Fog
2026-05-05T11:57:27Z,SENS-007,Begumpet Flyover,79,34.83,Clear
2026-05-05T12:03:08Z,SENS-007,Begumpet Flyover,33,52.03,Light Rain
2026-05-05T12:03:20Z,SENS-005,Tank Bund Road,35,61.63,Cloudy
2026-05-05T12:03:45Z,SENS-005,Tank Bund Road,77,25.49,Cloudy
2026-05-05T12:04:14Z,SENS-012,PVNR Expressway Toll,31,62.55,Cloudy
2026-05-05T12:08:14Z,SENS-002,Gachibowli Junction,73,50.45,Clear
2026-05-05T12:11:44Z,SENS-004,Madhapur IT Corridor,46,49.65,Clear
2026-05-05T12:15:26Z,SENS-006,Hitech City Signal,40,34.05,Light Rain
2026-05-05T12:17:34Z,SENS-012,PVNR Expressway Toll,36,39.78,Drizzle
2026-05-05T12:20:18Z,SENS-006,Hitech City Signal,48,49.47,Cloudy
2026-05-05T12:21:42Z,SENS-012,PVNR Expressway Toll,36,25.6,Drizzle
2026-05-05T12:23:10Z,SENS-007,Begumpet Flyover,56,38.66,Light Rain
2026-05-05T12:26:24Z,SENS-010,Secunderabad Clock Tower,71,36.17,Cloudy
2026-05-05T12:27:09Z,SENS-010,Secunderabad Clock Tower,83,14.26,Clear
2026-05-05T12:30:57Z,SENS-003,Ameerpet Crossroads,86,37.73,Clear
2026-05-05T12:40:51Z,SENS-006,Hitech City Signal,76,47.44,Cloudy
2026-05-05T12:55:35Z,SENS-002,Gachibowli Junction,73,19.6,Clear
2026-05-05T12:57:15Z,SENS-006,Hitech City Signal,44,64.12,Clear
2026-05-05T13:03:06Z,SENS-003,Ameerpet Crossroads,48,57.01,Cloudy
2026-05-05T13:06:30Z,SENS-004,Madhapur IT Corridor,62,22.77,Clear
2026-05-05T13:12:57Z,SENS-009,Kukatpally Housing Board,86,18.68,Cloudy
2026-05-05T13:14:00Z,SENS-012,PVNR Expressway Toll,59,49.88,Cloudy
2026-05-05T13:29:12Z,SENS-012,PVNR Expressway Toll,66,23.95,Clear
2026-05-05T13:32:44Z,SENS-009,Kukatpally Housing Board,85,47.76,Cloudy
2026-05-05T13:36:51Z,SENS-007,Begumpet Flyover,45,28.85,Heavy Rain
2026-05-05T13:39:07Z,SENS-003,Ameerpet Crossroads,29,27.89,Fog
2026-05-05T13:39:16Z,SENS-004,Madhapur IT Corridor,75,49.86,Cloudy
2026-05-05T13:40:54Z,SENS-003,Ameerpet Crossroads,89,20.42,Clear
2026-05-05T13:46:50Z,SENS-008,LB Nagar Crossroads,37,42.25,Clear
2026-05-05T13:49:31Z,SENS-012,PVNR Expressway Toll,68,37.45,Fog
2026-05-05T13:51:06Z,SENS-006,Hitech City Signal,23,40.43,Heavy Rain
2026-05-05T13:53:41Z,SENS-010,Secunderabad Clock Tower,64,51.76,Cloudy
2026-05-05T13:53:55Z,SENS-007,Begumpet Flyover,63,15.72,Light Rain
2026-05-05T14:02:21Z,SENS-002,Gachibowli Junction,44,29.93,Clear
2026-05-05T14:10:15Z,SENS-011,Mehdipatnam Bus Stand,72,16.31,Cloudy
2026-05-05T14:11:11Z,SENS-004,Madhapur IT Corridor,78,47.54,Clear
2026-05-05T14:16:30Z,SENS-004,Madhapur IT Corridor,66,49.34,Clear
2026-05-05T14:21:24Z,SENS-007,Begumpet Flyover,43,50.95,Clear
2026-05-05T14:26:56Z,SENS-007,Begumpet Flyover,59,44.58,Light Rain
2026-05-05T14:37:28Z,SENS-005,Tank Bund Road,70,15.75,Cloudy
2026-05-05T14:39:14Z,SENS-010,Secunderabad Clock Tower,49,50.26,Clear
2026-05-05T14:40:28Z,SENS-006,Hitech City Signal,33,36.88,Clear
2026-05-05T14:44:46Z,SENS-010,Secunderabad Clock Tower,32,49.39,Cloudy
2026-05-05T14:47:56Z,SENS-008,LB Nagar Crossroads,85,43.44,Cloudy
2026-05-05T14:48:13Z,SENS-010,Secunderabad Clock Tower,33,57.0,Clear
2026-05-05T14:59:44Z,SENS-003,Ameerpet Crossroads,53,53.73,Clear
2026-05-05T15:08:56Z,SENS-001,Jubilee Hills Checkpost,45,19.31,Clear
2026-05-05T15:13:20Z,SENS-010,Secunderabad Clock Tower,64,15.81,Fog
2026-05-05T15:21:43Z,SENS-002,Gachibowli Junction,74,27.17,Clear
2026-05-05T15:28:20Z,SENS-009,Kukatpally Housing Board,58,24.49,Light Rain
2026-05-05T15:28:21Z,SENS-006,Hitech City Signal,75,15.18,Cloudy
2026-05-05T15:33:03Z,SENS-001,Jubilee Hills Checkpost,61,21.38,Fog
2026-05-05T15:35:07Z,SENS-012,PVNR Expressway Toll,62,47.87,Cloudy
2026-05-05T15:48:07Z,SENS-009,Kukatpally Housing Board,61,53.3,Clear
2026-05-05T15:51:54Z,SENS-003,Ameerpet Crossroads,35,37.19,Cloudy
2026-05-05T15:54:12Z,SENS-005,Tank Bund Road,73,42.41,Clear
2026-05-05T15:57:52Z,SENS-012,PVNR Expressway Toll,39,12.83,Heavy Rain
2026-05-05T16:00:04Z,SENS-003,Ameerpet Crossroads,45,28.21,Light Rain
2026-05-05T16:04:40Z,SENS-007,Begumpet Flyover,35,31.27,Fog
2026-05-05T16:10:29Z,SENS-005,Tank Bund Road,24,39.4,Heavy Rain
2026-05-05T16:15:02Z,SENS-009,Kukatpally Housing Board,84,46.79,Clear
2026-05-05T16:18:07Z,SENS-006,Hitech City Signal,88,19.58,Clear
2026-05-05T16:23:03Z,SENS-005,Tank Bund Road,50,44.34,Clear
2026-05-05T16:23:30Z,SENS-009,Kukatpally Housing Board,34,25.41,Clear
2026-05-05T16:24:42Z,SENS-011,Mehdipatnam Bus Stand,64,26.29,Cloudy
2026-05-05T16:26:34Z,SENS-009,Kukatpally Housing Board,80,26.22,Cloudy
2026-05-05T16:27:48Z,SENS-004,Madhapur IT Corridor,58,50.63,Cloudy
2026-05-05T16:31:45Z,SENS-001,Jubilee Hills Checkpost,52,59.29,Clear
2026-05-05T16:34:30Z,SENS-003,Ameerpet Crossroads,49,20.74,Clear
2026-05-05T16:39:48Z,SENS-003,Ameerpet Crossroads,45,42.59,Cloudy
2026-05-05T16:39:56Z,SENS-011,Mehdipatnam Bus Stand,57,37.52,Light Rain
2026-05-05T16:43:37Z,SENS-003,Ameerpet Crossroads,42,50.06,Clear
2026-05-05T16:44:17Z,SENS-012,PVNR Expressway Toll,65,39.43,Heavy Rain
2026-05-05T16:45:55Z,SENS-001,Jubilee Hills Checkpost,66,19.26,Clear
2026-05-05T16:47:38Z,SENS-005,Tank Bund Road,62,29.3,Fog
2026-05-05T16:59:33Z,SENS-005,Tank Bund Road,60,39.46,Clear
2026-05-05T16:59:47Z,SENS-009,Kukatpally Housing Board,65,31.51,Light Rain
2026-05-05T17:01:55Z,SENS-005,Tank Bund Road,118,25.59,Heavy Rain
2026-05-05T17:12:40Z,SENS-007,Begumpet Flyover,129,32.78,Clear
2026-05-05T17:14:27Z,SENS-003,Ameerpet Crossroads,173,22.16,Clear
2026-05-05T17:31:40Z,SENS-011,Mehdipatnam Bus Stand,117,21.89,Clear
2026-05-05T17:32:07Z,SENS-003,Ameerpet Crossroads,165,24.99,Clear
2026-05-05T17:35:50Z,SENS-004,Madhapur IT Corridor,129,11.21,Light Rain
2026-05-05T17:38:50Z,SENS-007,Begumpet Flyover,121,28.97,Cloudy
2026-05-05T17:40:01Z,SENS-003,Ameerpet Crossroads,120,17.38,Heavy Rain
2026-05-05T17:42:25Z,SENS-004,Madhapur IT Corridor,114,17.14,Cloudy
2026-05-05T17:44:27Z,SENS-002,Gachibowli Junction,87,36.25,Clear
2026-05-05T17:46:37Z,SENS-002,Gachibowli Junction,176,6.54,Cloudy
2026-05-05T17:48:06Z,SENS-010,Secunderabad Clock Tower,81,43.51,Clear
2026-05-05T17:48:27Z,SENS-001,Jubilee Hills Checkpost,121,15.46,Clear
2026-05-05T17:52:44Z,SENS-008,LB Nagar Crossroads,187,16.09,Clear
2026-05-05T17:52:57Z,SENS-006,Hitech City Signal,142,12.8,Light Rain
2026-05-05T17:53:30Z,SENS-006,Hitech City Signal,93,38.75,Clear
2026-05-05T17:53:37Z,SENS-007,Begumpet Flyover,199,6.68,Clear
2026-05-05T18:00:26Z,SENS-001,Jubilee Hills Checkpost,171,14.39,Light Rain
2026-05-05T18:01:13Z,SENS-001,Jubilee Hills Checkpost,132,34.01,Cloudy
2026-05-05T18:05:46Z,SENS-006,Hitech City Signal,183,23.3,Clear
2026-05-05T18:12:18Z,SENS-004,Madhapur IT Corridor,184,22.64,Cloudy
2026-05-05T18:16:53Z,SENS-005,Tank Bund Road,185,15.98,Cloudy
2026-05-05T18:28:20Z,SENS-011,Mehdipatnam Bus Stand,128,32.26,Cloudy
2026-05-05T18:33:56Z,SENS-008,LB Nagar Crossroads,181,17.43,Cloudy
2026-05-05T18:35:58Z,SENS-005,Tank Bund Road,117,24.89,Light Rain
2026-05-05T18:37:46Z,SENS-012,PVNR Expressway Toll,183,16.99,Clear
2026-05-05T18:50:14Z,SENS-004,Madhapur IT Corridor,95,27.17,Light Rain
2026-05-05T18:55:19Z,SENS-008,LB Nagar Crossroads,189,12.12,Cloudy
2026-05-05T18:59:20Z,SENS-003,Ameerpet Crossroads,138,11.73,Heavy Rain
2026-05-05T19:04:53Z,SENS-004,Madhapur IT Corridor,162,7.85,Cloudy
2026-05-05T19:11:13Z,SENS-012,PVNR Expressway Toll,89,14.27,Cloudy
2026-05-05T19:18:42Z,SENS-005,Tank Bund Road,132,20.17,Fog
2026-05-05T19:20:51Z,SENS-008,LB Nagar Crossroads,121,11.73,Cloudy
2026-05-05T19:27:44Z,SENS-006,Hitech City Signal,171,11.07,Clear
2026-05-05T19:37:09Z,SENS-003,Ameerpet Crossroads,99,19.92,Drizzle
2026-05-05T19:39:54Z,SENS-004,Madhapur IT Corridor,151,18.47,Cloudy
2026-05-05T19:50:21Z,SENS-008,LB Nagar Crossroads,156,13.59,Clear
2026-05-05T19:53:09Z,SENS-012,PVNR Expressway Toll,131,25.3,Cloudy
2026-05-05T19:57:11Z,SENS-002,Gachibowli Junction,138,6.46,Heavy Rain
2026-05-05T19:59:09Z,SENS-010,Secunderabad Clock Tower,61,18.2,Heavy Rain
2026-05-05T20:02:09Z,SENS-012,PVNR Expressway Toll,38,19.58,Light Rain
2026-05-05T20:05:14Z,SENS-010,Secunderabad Clock Tower,59,16.69,Heavy Rain
2026-05-05T20:14:03Z,SENS-004,Madhapur IT Corridor,74,33.4,Cloudy
2026-05-05T20:15:51Z,SENS-005,Tank Bund Road,65,23.81,Heavy Rain
2026-05-05T20:19:25Z,SENS-005,Tank Bund Road,75,37.05,Clear
2026-05-05T20:20:13Z,SENS-011,Mehdipatnam Bus Stand,35,38.55,Cloudy
2026-05-05T20:20:36Z,SENS-004,Madhapur IT Corridor,87,13.38,Clear
2026-05-05T20:21:45Z,SENS-007,Begumpet Flyover,45,39.65,Heavy Rain
2026-05-05T20:23:15Z,SENS-006,Hitech City Signal,27,43.61,Drizzle
2026-05-05T20:24:06Z,SENS-011,Mehdipatnam Bus Stand,43,57.29,Clear
2026-05-05T20:33:04Z,SENS-003,Ameerpet Crossroads,60,14.38,Fog
2026-05-05T20:35:21Z,SENS-003,Ameerpet Crossroads,55,55.07,Clear
2026-05-05T20:38:38Z,SENS-008,LB Nagar Crossroads,40,45.35,Clear
2026-05-05T20:39:05Z,SENS-008,LB Nagar Crossroads,73,49.98,Clear
2026-05-05T20:40:31Z,SENS-003,Ameerpet Crossroads,41,37.89,Light Rain
2026-05-05T20:40:51Z,SENS-001,Jubilee Hills Checkpost,52,60.95,Clear
2026-05-05T20:49:42Z,SENS-012,PVNR Expressway Toll,47,44.14,Clear
2026-05-05T20:50:56Z,SENS-009,Kukatpally Housing Board,61,45.64,Cloudy
2026-05-05T20:51:05Z,SENS-007,Begumpet Flyover,44,28.04,Fog
2026-05-05T20:55:26Z,SENS-012,PVNR Expressway Toll,45,26.48,Clear
2026-05-05T20:56:31Z,SENS-008,LB Nagar Crossroads,33,58.72,Cloudy
2026-05-05T20:57:29Z,SENS-005,Tank Bund Road,51,49.84,Cloudy
2026-05-05T20:58:13Z,SENS-005,Tank Bund Road,84,18.97,Cloudy
2026-05-05T20:58:23Z,SENS-002,Gachibowli Junction,88,47.69,Clear
2026-05-05T20:59:50Z,SENS-007,Begumpet Flyover,28,17.82,Drizzle
2026-05-05T21:03:07Z,SENS-006,Hitech City Signal,71,54.05,Clear
2026-05-05T21:06:29Z,SENS-001,Jubilee Hills Checkpost,33,49.83,Cloudy
2026-05-05T21:12:11Z,SENS-002,Gachibowli Junction,35,36.88,Light Rain
2026-05-05T21:14:47Z,SENS-001,Jubilee Hills Checkpost,40,42.79,Fog
2026-05-05T21:15:06Z,SENS-006,Hitech City Signal,79,16.21,Clear
2026-05-05T21:16:27Z,SENS-007,Begumpet Flyover,58,15.39,Clear
2026-05-05T21:16:48Z,SENS-011,Mehdipatnam Bus Stand,68,13.66,Light Rain
2026-05-05T21:23:40Z,SENS-012,PVNR Expressway Toll,77,14.35,Cloudy
2026-05-05T21:30:12Z,SENS-002,Gachibowli Junction,82,30.81,Cloudy
2026-05-05T21:36:04Z,SENS-008,LB Nagar Crossroads,45,26.55,Heavy Rain
2026-05-05T21:39:09Z,SENS-010,Secunderabad Clock Tower,56,46.39,Drizzle
2026-05-05T21:50:09Z,SENS-007,Begumpet Flyover,44,38.95,Light Rain
2026-05-05T21:53:48Z,SENS-010,Secunderabad Clock Tower,34,41.97,Heavy Rain
2026-05-05T21:55:07Z,SENS-005,Tank Bund Road,42,36.86,Heavy Rain
2026-05-05T21:55:58Z,SENS-006,Hitech City Signal,52,21.86,Clear
2026-05-05T21:56:42Z,SENS-002,Gachibowli Junction,75,41.99,Cloudy
2026-05-05T21:58:19Z,SENS-008,LB Nagar Crossroads,56,19.04,Cloudy
2026-05-05T22:00:31Z,SENS-002,Gachibowli Junction,7,29.42,Clear
2026-05-05T22:02:38Z,SENS-007,Begumpet Flyover,13,12.97,Fog
2026-05-05T22:04:44Z,SENS-004,Madhapur IT Corridor,20,27.59,Light Rain
2026-05-05T22:14:32Z,SENS-002,Gachibowli Junction,24,46.31,Cloudy
2026-05-05T22:18:11Z,SENS-001,Jubilee Hills Checkpost,15,53.18,Drizzle
2026-05-05T22:34:44Z,SENS-001,Jubilee Hills Checkpost,18,49.22,Drizzle
2026-05-05T22:38:02Z,SENS-002,Gachibowli Junction,13,29.25,Cloudy
2026-05-05T22:39:24Z,SENS-004,Madhapur IT Corridor,28,39.67,Cloudy
2026-05-05T22:49:59Z,SENS-002,Gachibowli Junction,15,42.34,Clear
2026-05-05T22:51:32Z,SENS-007,Begumpet Flyover,22,61.06,Clear
2026-05-05T22:57:16Z,SENS-011,Mehdipatnam Bus Stand,23,27.21,Drizzle
2026-05-05T23:01:07Z,SENS-004,Madhapur IT Corridor,27,27.88,Cloudy
2026-05-05T23:08:12Z,SENS-009,Kukatpally Housing Board,17,27.51,Cloudy
2026-05-05T23:10:28Z,SENS-008,LB Nagar Crossroads,27,41.61,Cloudy
2026-05-05T23:13:41Z,SENS-005,Tank Bund Road,35,67.16,Clear
2026-05-05T23:19:57Z,SENS-003,Ameerpet Crossroads,9,42.67,Light Rain
2026-05-05T23:27:00Z,SENS-009,Kukatpally Housing Board,34,24.63,Light Rain
2026-05-05T23:27:22Z,SENS-007,Begumpet Flyover,10,50.35,Cloudy
2026-05-05T23:31:00Z,SENS-007,Begumpet Flyover,11,38.52,Cloudy
2026-05-05T23:31:50Z,SENS-011,Mehdipatnam Bus Stand,37,57.21,Clear
2026-05-05T23:33:21Z,SENS-005,Tank Bund Road,21,20.71,Heavy Rain
2026-05-05T23:35:20Z,SENS-006,Hitech City Signal,39,57.34,Clear
2026-05-05T23:42:20Z,SENS-010,Secunderabad Clock Tower,7,69.79,Clear
2026-05-05T23:47:21Z,SENS-012,PVNR Expressway Toll,17,38.25,Cloudy
2026-05-05T23:48:36Z,SENS-005,Tank Bund Road,19,44.31,Clear
2026-05-05T23:50:23Z,SENS-009,Kukatpally Housing Board,32,55.1,Drizzle
2026-05-05T23:54:22Z,SENS-010,Secunderabad Clock Tower,32,54.94,Light Rain
2026-05-05T23:56:34Z,SENS-002,Gachibowli Junction,17,42.27,Clear
2026-05-05T23:56:48Z,SENS-003,Ameerpet Crossroads,21,49.75,Clear
2026-05-06T00:01:33Z,SENS-008,LB Nagar Crossroads,14,28.12,Heavy Rain
2026-05-06T00:05:12Z,SENS-008,LB Nagar Crossroads,32,61.62,Cloudy
2026-05-06T00:11:07Z,SENS-003,Ameerpet Crossroads,7,70.43,Clear
2026-05-06T00:20:03Z,SENS-001,Jubilee Hills Checkpost,22,64.76,Clear
2026-05-06T00:25:02Z,SENS-009,Kukatpally Housing Board,19,24.0,Light Rain
2026-05-06T00:27:41Z,SENS-007,Begumpet Flyover,14,29.65,Cloudy
2026-05-06T00:39:48Z,SENS-009,Kukatpally Housing Board,28,28.48,Clear
2026-05-06T00:42:43Z,SENS-011,Mehdipatnam Bus Stand,35,43.15,Clear
2026-05-06T00:45:09Z,SENS-009,Kukatpally Housing Board,22,29.93,Cloudy
2026-05-06T00:48:11Z,SENS-012,PVNR Expressway Toll,14,48.6,Clear
2026-05-06T00:48:51Z,SENS-012,PVNR Expressway Toll,20,37.66,Clear
2026-05-06T00:50:30Z,SENS-009,Kukatpally Housing Board,21,31.55,Cloudy
2026-05-06T00:56:50Z,SENS-004,Madhapur IT Corridor,24,47.42,Heavy Rain
2026-05-06T01:00:00Z,SENS-012,PVNR Expressway Toll,33,58.8,Clear
2026-05-06T01:02:56Z,SENS-012,PVNR Expressway Toll,15,24.16,Clear
2026-05-06T01:05:36Z,SENS-005,Tank Bund Road,16,16.48,Heavy Rain
2026-05-06T01:06:40Z,SENS-002,Gachibowli Junction,14,29.56,Heavy Rain
2026-05-06T01:16:11Z,SENS-003,Ameerpet Crossroads,30,65.02,Clear
2026-05-06T01:16:52Z,SENS-008,LB Nagar Crossroads,9,31.04,Clear
2026-05-06T01:34:19Z,SENS-006,Hitech City Signal,18,61.81,Cloudy
2026-05-06T01:35:56Z,SENS-003,Ameerpet Crossroads,7,35.43,Clear
2026-05-06T01:38:40Z,SENS-011,Mehdipatnam Bus Stand,8,56.28,Cloudy
2026-05-06T01:42:22Z,SENS-003,Ameerpet Crossroads,23,47.23,Clear
2026-05-06T01:42:23Z,SENS-007,Begumpet Flyover,11,72.94,Clear
2026-05-06T01:44:39Z,SENS-004,Madhapur IT Corridor,28,67.12,Clear
2026-05-06T01:45:52Z,SENS-008,LB Nagar Crossroads,13,67.17,Cloudy
2026-05-06T01:51:36Z,SENS-008,LB Nagar Crossroads,21,34.71,Cloudy
2026-05-06T01:52:06Z,SENS-007,Begumpet Flyover,9,29.79,Clear
2026-05-06T01:52:16Z,SENS-006,Hitech City Signal,10,19.18,Fog
2026-05-06T01:52:59Z,SENS-004,Madhapur IT Corridor,6,20.75,Clear
2026-05-06T01:53:27Z,SENS-006,Hitech City Signal,19,47.32,Heavy Rain
2026-05-06T01:54:31Z,SENS-003,Ameerpet Crossroads,25,65.89,Cloudy
2026-05-06T01:54:32Z,SENS-008,LB Nagar Crossroads,33,50.72,Cloudy
2026-05-06T01:56:06Z,SENS-011,Mehdipatnam Bus Stand,18,40.47,Clear
2026-05-06T02:06:40Z,SENS-009,Kukatpally Housing Board,26,51.8,Cloudy
2026-05-06T02:07:03Z,SENS-006,Hitech City Signal,10,57.71,Clear
2026-05-06T02:09:50Z,SENS-002,Gachibowli Junction,11,36.45,Light Rain
2026-05-06T02:14:32Z,SENS-004,Madhapur IT Corridor,15,66.78,Clear
2026-05-06T02:21:36Z,SENS-001,Jubilee Hills Checkpost,27,20.07,Clear
2026-05-06T02:25:35Z,SENS-001,Jubilee Hills Checkpost,22,19.9,Drizzle
2026-05-06T02:25:45Z,SENS-002,Gachibowli Junction,33,23.0,Clear
2026-05-06T02:26:58Z,SENS-007,Begumpet Flyover,6,46.38,Clear
2026-05-06T02:42:47Z,SENS-003,Ameerpet Crossroads,20,31.3,Fog
2026-05-06T02:45:05Z,SENS-007,Begumpet Flyover,7,28.02,Cloudy
2026-05-06T02:59:18Z,SENS-003,Ameerpet Crossroads,35,16.46,Cloudy
2026-05-06T03:09:47Z,SENS-012,PVNR Expressway Toll,15,31.06,Fog
2026-05-06T03:12:22Z,SENS-004,Madhapur IT Corridor,8,41.86,Drizzle
2026-05-06T03:17:23Z,SENS-007,Begumpet Flyover,13,23.14,Cloudy
2026-05-06T03:17:45Z,SENS-009,Kukatpally Housing Board,12,55.06,Light Rain
2026-05-06T03:19:26Z,SENS-009,Kukatpally Housing Board,24,67.6,Cloudy
2026-05-06T03:19:55Z,SENS-010,Secunderabad Clock Tower,36,56.48,Cloudy
2026-05-06T03:23:41Z,SENS-011,Mehdipatnam Bus Stand,13,28.19,Drizzle
2026-05-06T03:24:30Z,SENS-008,LB Nagar Crossroads,26,29.89,Clear
2026-05-06T03:26:07Z,SENS-006,Hitech City Signal,4,19.3,Heavy Rain
2026-05-06T03:32:47Z,SENS-008,LB Nagar Crossroads,34,21.84,Clear
2026-05-06T03:33:49Z,SENS-012,PVNR Expressway Toll,30,39.42,Clear
2026-05-06T03:34:28Z,SENS-003,Ameerpet Crossroads,33,50.22,Clear
2026-05-06T03:35:26Z,SENS-001,Jubilee Hills Checkpost,17,19.78,Fog
2026-05-06T03:37:09Z,SENS-005,Tank Bund Road,36,23.12,Clear
2026-05-06T03:38:58Z,SENS-003,Ameerpet Crossroads,20,27.55,Light Rain
2026-05-06T03:39:39Z,SENS-006,Hitech City Signal,12,68.77,Clear
2026-05-06T03:43:58Z,SENS-003,Ameerpet Crossroads,11,48.12,Clear
2026-05-06T03:46:44Z,SENS-006,Hitech City Signal,22,26.95,Cloudy
2026-05-06T03:47:52Z,SENS-004,Madhapur IT Corridor,17,24.29,Heavy Rain
2026-05-06T03:48:53Z,SENS-005,Tank Bund Road,5,53.34,Clear
2026-05-06T04:18:19Z,SENS-001,Jubilee Hills Checkpost,10,42.92,Cloudy
2026-05-06T04:19:46Z,SENS-009,Kukatpally Housing Board,17,32.62,Fog
2026-05-06T04:22:11Z,SENS-003,Ameerpet Crossroads,23,18.47,Cloudy
2026-05-06T04:28:15Z,SENS-008,LB Nagar Crossroads,8,39.24,Fog
2026-05-06T04:29:35Z,SENS-005,Tank Bund Road,11,33.91,Heavy Rain
2026-05-06T04:30:28Z,SENS-005,Tank Bund Road,19,20.74,Clear
2026-05-06T04:33:45Z,SENS-002,Gachibowli Junction,8,44.88,Clear
2026-05-06T04:35:10Z,SENS-006,Hitech City Signal,22,17.34,Heavy Rain
2026-05-06T04:36:35Z,SENS-009,Kukatpally Housing Board,22,44.78,Clear
2026-05-06T04:37:38Z,SENS-005,Tank Bund Road,38,50.11,Clear
2026-05-06T04:39:45Z,SENS-009,Kukatpally Housing Board,4,41.88,Cloudy
2026-05-06T04:44:12Z,SENS-003,Ameerpet Crossroads,34,56.94,Clear
2026-05-06T04:44:43Z,SENS-010,Secunderabad Clock Tower,27,57.59,Cloudy
2026-05-06T04:48:03Z,SENS-007,Begumpet Flyover,8,35.02,Clear
2026-05-06T04:55:36Z,SENS-012,PVNR Expressway Toll,38,38.81,Clear
2026-05-06T04:59:01Z,SENS-003,Ameerpet Crossroads,5,77.93,Clear
2026-05-06T05:02:05Z,SENS-005,Tank Bund Road,66,17.22,Cloudy
2026-05-06T05:03:31Z,SENS-002,Gachibowli Junction,84,35.91,Cloudy
2026-05-06T05:07:24Z,SENS-012,PVNR Expressway Toll,72,33.99,Clear
2026-05-06T05:09:03Z,SENS-005,Tank Bund Road,61,26.02,Clear
2026-05-06T05:18:39Z,SENS-009,Kukatpally Housing Board,82,36.47,Cloudy
2026-05-06T05:27:50Z,SENS-010,Secunderabad Clock Tower,55,17.73,Drizzle
2026-05-06T05:35:57Z,SENS-008,LB Nagar Crossroads,82,13.97,Cloudy
2026-05-06T05:38:40Z,SENS-004,Madhapur IT Corridor,78,27.06,Light Rain
2026-05-06T05:38:50Z,SENS-009,Kukatpally Housing Board,50,16.75,Cloudy
2026-05-06T05:40:00Z,SENS-005,Tank Bund Road,55,17.39,Fog
2026-05-06T05:41:06Z,SENS-003,Ameerpet Crossroads,68,44.51,Clear
2026-05-06T05:43:34Z,SENS-003,Ameerpet Crossroads,31,30.25,Light Rain
2026-05-06T05:46:13Z,SENS-008,LB Nagar Crossroads,52,24.09,Cloudy
2026-05-06T05:51:15Z,SENS-007,Begumpet Flyover,34,43.64,Clear
2026-05-06T05:53:05Z,SENS-002,Gachibowli Junction,56,47.2,Cloudy
2026-05-06T05:58:38Z,SENS-012,PVNR Expressway Toll,72,47.57,Light Rain
2026-05-06T06:03:54Z,SENS-002,Gachibowli Junction,58,52.8,Clear
2026-05-06T06:05:23Z,SENS-009,Kukatpally Housing Board,28,41.63,Drizzle
2026-05-06T06:08:35Z,SENS-006,Hitech City Signal,70,37.45,Cloudy
2026-05-06T06:12:45Z,SENS-007,Begumpet Flyover,77,33.62,Clear
2026-05-06T06:20:36Z,SENS-001,Jubilee Hills Checkpost,36,52.54,Light Rain
2026-05-06T06:25:13Z,SENS-002,Gachibowli Junction,37,17.9,Fog
2026-05-06T06:31:03Z,SENS-001,Jubilee Hills Checkpost,48,28.29,Fog
2026-05-06T06:36:39Z,SENS-011,Mehdipatnam Bus Stand,56,49.88,Cloudy
2026-05-06T06:40:20Z,SENS-006,Hitech City Signal,65,17.15,Drizzle
2026-05-06T06:40:46Z,SENS-007,Begumpet Flyover,37,21.51,Clear
2026-05-06T06:49:47Z,SENS-009,Kukatpally Housing Board,28,46.92,Heavy Rain
2026-05-06T06:59:59Z,SENS-003,Ameerpet Crossroads,46,14.95,Drizzle
2026-05-06T07:03:23Z,SENS-006,Hitech City Signal,71,53.1,Clear
2026-05-06T07:08:08Z,SENS-002,Gachibowli Junction,73,15.16,Clear
2026-05-06T07:11:12Z,SENS-007,Begumpet Flyover,71,17.44,Fog
2026-05-06T07:12:59Z,SENS-010,Secunderabad Clock Tower,28,15.61,Fog
2026-05-06T07:27:37Z,SENS-011,Mehdipatnam Bus Stand,85,36.91,Cloudy
2026-05-06T07:40:26Z,SENS-002,Gachibowli Junction,45,24.46,Cloudy
2026-05-06T07:41:33Z,SENS-012,PVNR Expressway Toll,64,43.82,Cloudy
2026-05-06T07:44:26Z,SENS-007,Begumpet Flyover,44,36.89,Drizzle
2026-05-06T07:47:17Z,SENS-004,Madhapur IT Corridor,54,52.03,Clear
2026-05-06T07:49:53Z,SENS-008,LB Nagar Crossroads,70,53.16,Clear
2026-05-06T08:00:30Z,SENS-001,Jubilee Hills Checkpost,158,7.08,Cloudy
2026-05-06T08:03:37Z,SENS-006,Hitech City Signal,103,25.41,Light Rain
2026-05-06T08:17:25Z,SENS-009,Kukatpally Housing Board,156,9.88,Light Rain
2026-05-06T08:17:27Z,SENS-011,Mehdipatnam Bus Stand,93,19.23,Clear
2026-05-06T08:25:52Z,SENS-002,Gachibowli Junction,133,24.2,Light Rain
2026-05-06T08:36:19Z,SENS-004,Madhapur IT Corridor,156,11.04,Fog
2026-05-06T08:42:34Z,SENS-009,Kukatpally Housing Board,82,43.1,Cloudy
2026-05-06T08:45:37Z,SENS-006,Hitech City Signal,150,11.68,Cloudy
2026-05-06T08:47:35Z,SENS-008,LB Nagar Crossroads,147,13.63,Clear
2026-05-06T08:50:38Z,SENS-010,Secunderabad Clock Tower,159,11.07,Fog
2026-05-06T08:51:09Z,SENS-012,PVNR Expressway Toll,112,22.08,Heavy Rain
2026-05-06T08:57:26Z,SENS-005,Tank Bund Road,125,9.29,Heavy Rain
2026-05-06T09:01:46Z,SENS-004,Madhapur IT Corridor,148,27.12,Clear
2026-05-06T09:02:53Z,SENS-006,Hitech City Signal,100,31.61,Light Rain
2026-05-06T09:12:06Z,SENS-005,Tank Bund Road,89,40.32,Clear
2026-05-06T09:15:20Z,SENS-004,Madhapur IT Corridor,117,21.15,Clear
2026-05-06T09:19:19Z,SENS-008,LB Nagar Crossroads,85,36.34,Cloudy
2026-05-06T09:22:36Z,SENS-003,Ameerpet Crossroads,73,30.12,Light Rain
2026-05-06T09:37:40Z,SENS-010,Secunderabad Clock Tower,125,13.47,Fog
2026-05-06T09:40:19Z,SENS-003,Ameerpet Crossroads,138,14.34,Clear
2026-05-06T09:47:31Z,SENS-004,Madhapur IT Corridor,88,26.05,Cloudy
2026-05-06T09:50:22Z,SENS-007,Begumpet Flyover,166,7.39,Clear
2026-05-06T09:50:52Z,SENS-004,Madhapur IT Corridor,111,22.16,Clear
2026-05-06T10:00:08Z,SENS-012,PVNR Expressway Toll,169,24.83,Clear
2026-05-06T10:14:18Z,SENS-005,Tank Bund Road,159,26.94,Clear
2026-05-06T10:23:14Z,SENS-002,Gachibowli Junction,191,12.47,Clear
2026-05-06T10:23:50Z,SENS-010,Secunderabad Clock Tower,139,28.45,Light Rain
2026-05-06T10:34:09Z,SENS-004,Madhapur IT Corridor,158,16.26,Cloudy
2026-05-06T10:47:45Z,SENS-004,Madhapur IT Corridor,141,16.8,Clear
2026-05-06T10:48:49Z,SENS-007,Begumpet Flyover,171,5.63,Light Rain
2026-05-06T10:48:50Z,SENS-009,Kukatpally Housing Board,198,11.09,Clear
2026-05-06T11:01:36Z,SENS-012,PVNR Expressway Toll,27,26.72,Heavy Rain
2026-05-06T11:03:44Z,SENS-010,Secunderabad Clock Tower,76,48.21,Clear
2026-05-06T11:05:20Z,SENS-005,Tank Bund Road,72,39.73,Clear
2026-05-06T11:09:47Z,SENS-010,Secunderabad Clock Tower,64,49.04,Clear
2026-05-06T11:10:54Z,SENS-007,Begumpet Flyover,63,45.59,Light Rain
2026-05-06T11:16:05Z,SENS-003,Ameerpet Crossroads,56,36.82,Heavy Rain
2026-05-06T11:20:50Z,SENS-010,Secunderabad Clock Tower,45,20.35,Cloudy
2026-05-06T11:21:38Z,SENS-007,Begumpet Flyover,60,29.66,Cloudy
2026-05-06T11:23:29Z,SENS-004,Madhapur IT Corridor,35,28.1,Cloudy
2026-05-06T11:27:51Z,SENS-011,Mehdipatnam Bus Stand,80,24.05,Drizzle
2026-05-06T11:34:13Z,SENS-010,Secunderabad Clock Tower,60,47.7,Clear
2026-05-06T11:35:04Z,SENS-007,Begumpet Flyover,77,22.08,Light Rain
2026-05-06T11:36:04Z,SENS-003,Ameerpet Crossroads,63,29.99,Light Rain
2026-05-06T11:44:30Z,SENS-004,Madhapur IT Corridor,84,44.92,Clear
2026-05-06T11:51:00Z,SENS-011,Mehdipatnam Bus Stand,32,20.64,Cloudy
2026-05-06T11:52:58Z,SENS-011,Mehdipatnam Bus Stand,86,27.68,Clear
2026-05-06T11:54:06Z,SENS-009,Kukatpally Housing Board,47,28.27,Clear
2026-05-06T11:59:53Z,SENS-008,LB Nagar Crossroads,34,39.9,Clear
2026-05-06T12:04:41Z,SENS-007,Begumpet Flyover,67,13.97,Drizzle
2026-05-06T12:05:30Z,SENS-008,LB Nagar Crossroads,53,36.99,Cloudy
2026-05-06T12:11:13Z,SENS-012,PVNR Expressway Toll,41,64.99,Clear
2026-05-06T12:17:42Z,SENS-006,Hitech City Signal,30,28.72,Cloudy
2026-05-06T12:18:19Z,SENS-012,PVNR Expressway Toll,38,32.21,Clear
2026-05-06T12:19:11Z,SENS-002,Gachibowli Junction,53,19.42,Drizzle
2026-05-06T12:20:48Z,SENS-004,Madhapur IT Corridor,85,15.85,Cloudy
2026-05-06T12:26:17Z,SENS-006,Hitech City Signal,69,39.14,Cloudy
2026-05-06T12:43:48Z,SENS-006,Hitech City Signal,56,51.83,Clear
2026-05-06T12:52:13Z,SENS-005,Tank Bund Road,64,35.15,Drizzle
2026-05-06T12:52:46Z,SENS-005,Tank Bund Road,67,23.75,Light Rain
2026-05-06T13:00:02Z,SENS-002,Gachibowli Junction,29,61.82,Cloudy
2026-05-06T13:07:24Z,SENS-010,Secunderabad Clock Tower,47,39.86,Cloudy
2026-05-06T13:08:35Z,SENS-010,Secunderabad Clock Tower,42,17.75,Clear
2026-05-06T13:12:39Z,SENS-001,Jubilee Hills Checkpost,63,27.63,Cloudy
2026-05-06T13:15:30Z,SENS-007,Begumpet Flyover,70,37.73,Clear
2026-05-06T13:15:37Z,SENS-001,Jubilee Hills Checkpost,43,22.03,Light Rain
2026-05-06T13:23:41Z,SENS-007,Begumpet Flyover,66,17.22,Cloudy
2026-05-06T13:27:27Z,SENS-002,Gachibowli Junction,39,18.8,Clear
2026-05-06T13:29:02Z,SENS-012,PVNR Expressway Toll,38,60.95,Clear
2026-05-06T13:31:03Z,SENS-003,Ameerpet Crossroads,38,36.58,Clear
2026-05-06T13:36:30Z,SENS-008,LB Nagar Crossroads,45,35.42,Clear
2026-05-06T13:40:33Z,SENS-003,Ameerpet Crossroads,53,45.99,Clear
2026-05-06T13:42:28Z,SENS-002,Gachibowli Junction,58,52.03,Light Rain
2026-05-06T13:45:47Z,SENS-005,Tank Bund Road,57,48.84,Drizzle
2026-05-06T13:46:10Z,SENS-011,Mehdipatnam Bus Stand,57,50.24,Clear
2026-05-06T13:46:41Z,SENS-012,PVNR Expressway Toll,53,23.39,Light Rain
2026-05-06T13:51:23Z,SENS-002,Gachibowli Junction,57,49.9,Clear
2026-05-06T13:52:49Z,SENS-008,LB Nagar Crossroads,76,20.2,Clear
2026-05-06T14:01:13Z,SENS-004,Madhapur IT Corridor,42,18.41,Cloudy
2026-05-06T14:08:18Z,SENS-004,Madhapur IT Corridor,75,50.97,Cloudy
2026-05-06T14:12:52Z,SENS-006,Hitech City Signal,66,20.27,Light Rain
2026-05-06T14:28:38Z,SENS-004,Madhapur IT Corridor,37,28.96,Cloudy
2026-05-06T14:30:59Z,SENS-008,LB Nagar Crossroads,74,55.91,Clear
2026-05-06T14:31:44Z,SENS-002,Gachibowli Junction,85,17.1,Cloudy
2026-05-06T14:31:47Z,SENS-009,Kukatpally Housing Board,61,30.35,Clear
2026-05-06T14:36:06Z,SENS-003,Ameerpet Crossroads,53,35.05,Cloudy
2026-05-06T14:40:30Z,SENS-003,Ameerpet Crossroads,38,31.64,Clear
2026-05-06T14:44:49Z,SENS-011,Mehdipatnam Bus Stand,41,49.67,Cloudy
2026-05-06T14:49:50Z,SENS-011,Mehdipatnam Bus Stand,32,42.19,Light Rain
2026-05-06T14:57:19Z,SENS-002,Gachibowli Junction,32,31.06,Cloudy
2026-05-06T14:58:30Z,SENS-004,Madhapur IT Corridor,45,25.78,Clear
2026-05-06T14:58:41Z,SENS-004,Madhapur IT Corridor,42,39.55,Clear
2026-05-06T15:08:48Z,SENS-009,Kukatpally Housing Board,63,20.36,Drizzle
2026-05-06T15:09:36Z,SENS-005,Tank Bund Road,49,38.54,Light Rain
2026-05-06T15:10:27Z,SENS-005,Tank Bund Road,44,42.81,Clear
2026-05-06T15:11:36Z,SENS-009,Kukatpally Housing Board,58,48.45,Clear
2026-05-06T15:12:47Z,SENS-011,Mehdipatnam Bus Stand,29,56.1,Cloudy
2026-05-06T15:16:50Z,SENS-007,Begumpet Flyover,81,23.1,Clear
2026-05-06T15:22:50Z,SENS-006,Hitech City Signal,85,43.51,Clear
2026-05-06T15:24:36Z,SENS-010,Secunderabad Clock Tower,45,18.09,Clear
2026-05-06T15:28:43Z,SENS-008,LB Nagar Crossroads,56,48.33,Drizzle
2026-05-06T15:29:22Z,SENS-003,Ameerpet Crossroads,73,34.86,Light Rain
2026-05-06T15:31:34Z,SENS-011,Mehdipatnam Bus Stand,48,26.49,Clear
2026-05-06T15:35:52Z,SENS-005,Tank Bund Road,49,39.22,Cloudy
2026-05-06T15:39:41Z,SENS-009,Kukatpally Housing Board,52,20.57,Clear
2026-05-06T15:43:31Z,SENS-012,PVNR Expressway Toll,42,46.67,Cloudy
2026-05-06T15:44:56Z,SENS-002,Gachibowli Junction,54,35.84,Fog
2026-05-06T15:59:25Z,SENS-004,Madhapur IT Corridor,82,47.01,Clear
2026-05-06T16:06:08Z,SENS-002,Gachibowli Junction,42,17.86,Drizzle
2026-05-06T16:09:52Z,SENS-005,Tank Bund Road,39,19.5,Cloudy
2026-05-06T16:13:02Z,SENS-004,Madhapur IT Corridor,77,16.57,Cloudy
2026-05-06T16:16:31Z,SENS-001,Jubilee Hills Checkpost,55,18.38,Clear
2026-05-06T16:23:19Z,SENS-001,Jubilee Hills Checkpost,32,19.04,Clear
2026-05-06T16:23:43Z,SENS-007,Begumpet Flyover,57,60.46,Clear
2026-05-06T16:25:47Z,SENS-006,Hitech City Signal,71,26.06,Clear
2026-05-06T16:26:34Z,SENS-002,Gachibowli Junction,39,33.82,Clear
2026-05-06T16:27:20Z,SENS-008,LB Nagar Crossroads,43,16.32,Cloudy
2026-05-06T16:30:13Z,SENS-005,Tank Bund Road,34,59.12,Clear
2026-05-06T16:31:36Z,SENS-002,Gachibowli Junction,75,46.07,Light Rain
2026-05-06T16:31:53Z,SENS-005,Tank Bund Road,82,43.18,Cloudy
2026-05-06T16:43:30Z,SENS-004,Madhapur IT Corridor,54,24.37,Heavy Rain
2026-05-06T16:51:49Z,SENS-003,Ameerpet Crossroads,39,56.22,Cloudy
2026-05-06T16:55:00Z,SENS-011,Mehdipatnam Bus Stand,37,58.59,Clear
2026-05-06T17:04:29Z,SENS-005,Tank Bund Road,190,18.55,Clear
2026-05-06T17:13:16Z,SENS-001,Jubilee Hills Checkpost,135,34.32,Cloudy
2026-05-06T17:21:58Z,SENS-010,Secunderabad Clock Tower,84,25.45,Cloudy
2026-05-06T17:22:31Z,SENS-004,Madhapur IT Corridor,181,8.18,Drizzle
2026-05-06T17:27:57Z,SENS-011,Mehdipatnam Bus Stand,67,36.13,Heavy Rain
2026-05-06T17:28:25Z,SENS-004,Madhapur IT Corridor,141,12.35,Drizzle
2026-05-06T17:30:37Z,SENS-008,LB Nagar Crossroads,126,10.06,Heavy Rain
2026-05-06T17:46:12Z,SENS-006,Hitech City Signal,193,20.61,Cloudy
2026-05-06T17:54:05Z,SENS-002,Gachibowli Junction,153,19.04,Light Rain
2026-05-06T18:00:34Z,SENS-006,Hitech City Signal,132,36.17,Clear
2026-05-06T18:01:23Z,SENS-011,Mehdipatnam Bus Stand,140,19.1,Light Rain
2026-05-06T18:02:04Z,SENS-005,Tank Bund Road,144,16.87,Cloudy
2026-05-06T18:10:05Z,SENS-010,Secunderabad Clock Tower,188,16.96,Clear
2026-05-06T18:20:37Z,SENS-010,Secunderabad Clock Tower,128,9.03,Fog
2026-05-06T18:22:27Z,SENS-006,Hitech City Signal,109,18.27,Light Rain
2026-05-06T18:23:35Z,SENS-005,Tank Bund Road,186,20.84,Clear
2026-05-06T18:25:45Z,SENS-004,Madhapur IT Corridor,119,36.38,Cloudy
2026-05-06T18:27:34Z,SENS-004,Madhapur IT Corridor,81,40.09,Light Rain
2026-05-06T18:29:49Z,SENS-012,PVNR Expressway Toll,89,25.34,Heavy Rain
2026-05-06T18:30:06Z,SENS-012,PVNR Expressway Toll,123,35.37,Clear
2026-05-06T18:32:10Z,SENS-010,Secunderabad Clock Tower,114,16.2,Heavy Rain
2026-05-06T18:38:34Z,SENS-010,Secunderabad Clock Tower,135,26.13,Light Rain
2026-05-06T18:39:46Z,SENS-011,Mehdipatnam Bus Stand,177,19.19,Clear
2026-05-06T18:41:01Z,SENS-011,Mehdipatnam Bus Stand,82,10.6,Fog
2026-05-06T18:43:33Z,SENS-003,Ameerpet Crossroads,93,24.6,Clear
2026-05-06T18:44:29Z,SENS-008,LB Nagar Crossroads,159,27.35,Cloudy
2026-05-06T18:45:57Z,SENS-006,Hitech City Signal,98,16.88,Clear
2026-05-06T18:52:41Z,SENS-007,Begumpet Flyover,105,38.02,Light Rain
2026-05-06T19:01:26Z,SENS-001,Jubilee Hills Checkpost,100,24.17,Clear
2026-05-06T19:03:14Z,SENS-010,Secunderabad Clock Tower,111,34.08,Clear
2026-05-06T19:04:22Z,SENS-004,Madhapur IT Corridor,127,22.23,Light Rain
2026-05-06T19:06:23Z,SENS-007,Begumpet Flyover,193,21.33,Clear
2026-05-06T19:08:09Z,SENS-004,Madhapur IT Corridor,164,12.87,Cloudy
2026-05-06T19:18:23Z,SENS-001,Jubilee Hills Checkpost,175,21.68,Cloudy
2026-05-06T19:32:05Z,SENS-010,Secunderabad Clock Tower,186,15.71,Clear
2026-05-06T19:32:40Z,SENS-001,Jubilee Hills Checkpost,94,34.37,Cloudy
2026-05-06T19:33:46Z,SENS-008,LB Nagar Crossroads,140,19.35,Cloudy
2026-05-06T19:38:19Z,SENS-006,Hitech City Signal,60,15.11,Heavy Rain
2026-05-06T19:38:44Z,SENS-006,Hitech City Signal,85,34.88,Drizzle
2026-05-06T19:45:12Z,SENS-008,LB Nagar Crossroads,95,15.49,Clear
2026-05-06T19:45:50Z,SENS-001,Jubilee Hills Checkpost,81,37.47,Heavy Rain
2026-05-06T19:57:09Z,SENS-002,Gachibowli Junction,126,17.84,Cloudy
2026-05-06T20:01:58Z,SENS-004,Madhapur IT Corridor,64,18.17,Clear
2026-05-06T20:14:07Z,SENS-009,Kukatpally Housing Board,31,64.16,Clear
2026-05-06T20:15:53Z,SENS-003,Ameerpet Crossroads,59,41.52,Heavy Rain
2026-05-06T20:21:22Z,SENS-006,Hitech City Signal,72,48.35,Light Rain
2026-05-06T20:21:33Z,SENS-005,Tank Bund Road,72,45.98,Light Rain
2026-05-06T20:26:16Z,SENS-009,Kukatpally Housing Board,27,20.79,Drizzle
2026-05-06T20:30:43Z,SENS-004,Madhapur IT Corridor,56,46.51,Light Rain
2026-05-06T20:32:50Z,SENS-005,Tank Bund Road,44,25.77,Clear
2026-05-06T20:41:34Z,SENS-007,Begumpet Flyover,43,56.83,Cloudy
2026-05-06T20:42:05Z,SENS-009,Kukatpally Housing Board,36,18.74,Light Rain
2026-05-06T20:42:06Z,SENS-003,Ameerpet Crossroads,40,42.95,Clear
2026-05-06T20:43:03Z,SENS-011,Mehdipatnam Bus Stand,43,48.29,Clear
2026-05-06T20:54:04Z,SENS-011,Mehdipatnam Bus Stand,57,11.81,Fog
2026-05-06T20:57:47Z,SENS-004,Madhapur IT Corridor,45,54.34,Light Rain
2026-05-06T20:58:53Z,SENS-006,Hitech City Signal,58,48.51,Light Rain
2026-05-06T21:10:21Z,SENS-002,Gachibowli Junction,34,66.57,Clear
2026-05-06T21:19:02Z,SENS-004,Madhapur IT Corridor,66,27.62,Heavy Rain
2026-05-06T21:30:39Z,SENS-011,Mehdipatnam Bus Stand,64,51.06,Clear
2026-05-06T21:31:50Z,SENS-012,PVNR Expressway Toll,68,22.1,Clear
2026-05-06T21:32:59Z,SENS-010,Secunderabad Clock Tower,80,21.25,Cloudy
2026-05-06T21:37:57Z,SENS-004,Madhapur IT Corridor,47,47.79,Cloudy
2026-05-06T21:38:56Z,SENS-012,PVNR Expressway Toll,67,31.25,Clear
2026-05-06T21:41:21Z,SENS-004,Madhapur IT Corridor,65,36.72,Heavy Rain
2026-05-06T21:50:58Z,SENS-003,Ameerpet Crossroads,47,25.42,Fog
2026-05-06T21:56:13Z,SENS-003,Ameerpet Crossroads,64,15.39,Cloudy
2026-05-06T21:56:38Z,SENS-005,Tank Bund Road,70,26.81,Clear
2026-05-06T22:09:44Z,SENS-005,Tank Bund Road,26,57.22,Clear
2026-05-06T22:10:06Z,SENS-004,Madhapur IT Corridor,6,22.08,Cloudy
2026-05-06T22:18:32Z,SENS-008,LB Nagar Crossroads,10,22.71,Clear
2026-05-06T22:23:18Z,SENS-009,Kukatpally Housing Board,28,16.26,Light Rain
2026-05-06T22:23:53Z,SENS-010,Secunderabad Clock Tower,5,37.97,Light Rain
2026-05-06T22:26:55Z,SENS-011,Mehdipatnam Bus Stand,34,47.7,Cloudy
2026-05-06T22:27:33Z,SENS-004,Madhapur IT Corridor,23,38.02,Clear
2026-05-06T22:27:39Z,SENS-002,Gachibowli Junction,26,49.99,Clear
2026-05-06T22:27:57Z,SENS-011,Mehdipatnam Bus Stand,9,23.26,Heavy Rain
2026-05-06T22:34:20Z,SENS-007,Begumpet Flyover,26,27.92,Cloudy
2026-05-06T22:41:25Z,SENS-005,Tank Bund Road,23,32.62,Heavy Rain
2026-05-06T22:45:41Z,SENS-009,Kukatpally Housing Board,34,51.0,Drizzle
2026-05-06T22:45:56Z,SENS-005,Tank Bund Road,28,18.34,Clear
2026-05-06T22:51:41Z,SENS-004,Madhapur IT Corridor,37,38.16,Clear
2026-05-06T22:54:01Z,SENS-001,Jubilee Hills Checkpost,24,40.87,Heavy Rain
2026-05-06T22:58:05Z,SENS-001,Jubilee Hills Checkpost,8,50.91,Clear
2026-05-06T23:04:24Z,SENS-012,PVNR Expressway Toll,4,19.87,Cloudy
2026-05-06T23:05:16Z,SENS-001,Jubilee Hills Checkpost,21,15.86,Light Rain
2026-05-06T23:19:19Z,SENS-004,Madhapur IT Corridor,5,59.66,Light Rain
2026-05-06T23:19:19Z,SENS-008,LB Nagar Crossroads,5,41.57,Clear
2026-05-06T23:20:54Z,SENS-008,LB Nagar Crossroads,30,56.99,Light Rain
2026-05-06T23:26:06Z,SENS-002,Gachibowli Junction,26,24.9,Clear
2026-05-06T23:29:12Z,SENS-002,Gachibowli Junction,13,68.7,Cloudy
2026-05-06T23:29:18Z,SENS-005,Tank Bund Road,23,31.4,Clear
2026-05-06T23:34:05Z,SENS-006,Hitech City Signal,14,47.17,Clear
2026-05-06T23:44:14Z,SENS-005,Tank Bund Road,16,47.78,Heavy Rain
2026-05-06T23:55:14Z,SENS-006,Hitech City Signal,12,55.11,Clear
2026-05-06T23:58:53Z,SENS-011,Mehdipatnam Bus Stand,24,25.4,Cloudy
2026-05-07T00:02:53Z,SENS-011,Mehdipatnam Bus Stand,34,57.17,Cloudy
2026-05-07T00:11:54Z,SENS-008,LB Nagar Crossroads,9,42.54,Light Rain
2026-05-07T00:13:37Z,SENS-001,Jubilee Hills Checkpost,19,34.8,Clear
2026-05-07T00:20:50Z,SENS-006,Hitech City Signal,4,33.73,Heavy Rain
2026-05-07T00:36:34Z,SENS-011,Mehdipatnam Bus Stand,27,25.53,Clear
2026-05-07T00:39:52Z,SENS-012,PVNR Expressway Toll,21,20.26,Clear
2026-05-07T00:42:03Z,SENS-001,Jubilee Hills Checkpost,32,51.6,Light Rain
2026-05-07T00:43:05Z,SENS-009,Kukatpally Housing Board,33,16.17,Light Rain
2026-05-07T00:56:35Z,SENS-005,Tank Bund Road,39,51.35,Clear
2026-05-07T00:59:16Z,SENS-011,Mehdipatnam Bus Stand,18,15.13,Heavy Rain
2026-05-07T01:01:27Z,SENS-011,Mehdipatnam Bus Stand,23,22.53,Clear
2026-05-07T01:04:10Z,SENS-006,Hitech City Signal,12,63.12,Clear
2026-05-07T01:06:28Z,SENS-010,Secunderabad Clock Tower,29,50.33,Clear
2026-05-07T01:23:38Z,SENS-002,Gachibowli Junction,25,35.41,Light Rain
2026-05-07T01:24:56Z,SENS-001,Jubilee Hills Checkpost,22,68.18,Clear
2026-05-07T01:41:55Z,SENS-002,Gachibowli Junction,17,50.28,Cloudy
2026-05-07T01:48:10Z,SENS-012,PVNR Expressway Toll,34,45.28,Cloudy
2026-05-07T01:58:18Z,SENS-002,Gachibowli Junction,17,52.49,Light Rain
2026-05-07T01:58:34Z,SENS-009,Kukatpally Housing Board,27,24.23,Cloudy
2026-05-07T01:59:46Z,SENS-010,Secunderabad Clock Tower,9,63.33,Light Rain
2026-05-07T02:07:49Z,SENS-007,Begumpet Flyover,13,48.88,Clear
2026-05-07T02:11:47Z,SENS-011,Mehdipatnam Bus Stand,6,40.94,Cloudy
2026-05-07T02:13:12Z,SENS-009,Kukatpally Housing Board,32,56.95,Light Rain
2026-05-07T02:16:35Z,SENS-008,LB Nagar Crossroads,33,26.92,Light Rain
2026-05-07T02:17:50Z,SENS-003,Ameerpet Crossroads,20,28.65,Cloudy
2026-05-07T02:19:04Z,SENS-003,Ameerpet Crossroads,18,56.06,Clear
2026-05-07T02:19:39Z,SENS-011,Mehdipatnam Bus Stand,14,33.43,Light Rain
2026-05-07T02:27:42Z,SENS-012,PVNR Expressway Toll,8,29.24,Clear
2026-05-07T02:34:54Z,SENS-011,Mehdipatnam Bus Stand,12,33.06,Light Rain
2026-05-07T02:38:06Z,SENS-009,Kukatpally Housing Board,18,52.33,Drizzle
2026-05-07T02:40:04Z,SENS-007,Begumpet Flyover,21,37.37,Clear
2026-05-07T02:47:05Z,SENS-012,PVNR Expressway Toll,29,56.25,Light Rain
2026-05-07T02:52:39Z,SENS-004,Madhapur IT Corridor,13,24.22,Fog
2026-05-07T02:53:09Z,SENS-006,Hitech City Signal,5,73.09,Cloudy
2026-05-07T02:56:58Z,SENS-008,LB Nagar Crossroads,8,25.34,Cloudy
2026-05-07T02:57:21Z,SENS-012,PVNR Expressway Toll,19,20.07,Fog
2026-05-07T03:10:13Z,SENS-002,Gachibowli Junction,5,54.65,Cloudy
2026-05-07T03:15:44Z,SENS-004,Madhapur IT Corridor,33,44.95,Light Rain
2026-05-07T03:18:12Z,SENS-007,Begumpet Flyover,5,65.99,Clear
2026-05-07T03:24:42Z,SENS-006,Hitech City Signal,14,41.41,Light Rain
2026-05-07T03:25:17Z,SENS-003,Ameerpet Crossroads,10,30.98,Light Rain
2026-05-07T03:27:51Z,SENS-005,Tank Bund Road,15,36.62,Cloudy
2026-05-07T03:28:34Z,SENS-001,Jubilee Hills Checkpost,28,28.08,Fog
2026-05-07T03:28:49Z,SENS-002,Gachibowli Junction,6,26.56,Heavy Rain
2026-05-07T03:29:58Z,SENS-007,Begumpet Flyover,13,43.31,Clear
2026-05-07T03:35:00Z,SENS-008,LB Nagar Crossroads,28,43.02,Light Rain
2026-05-07T03:39:18Z,SENS-011,Mehdipatnam Bus Stand,22,13.61,Fog
2026-05-07T03:41:44Z,SENS-008,LB Nagar Crossroads,30,63.94,Cloudy
2026-05-07T03:59:29Z,SENS-004,Madhapur IT Corridor,30,45.6,Clear
2026-05-07T04:03:59Z,SENS-003,Ameerpet Crossroads,36,25.63,Clear
2026-05-07T04:05:11Z,SENS-010,Secunderabad Clock Tower,5,23.34,Clear
2026-05-07T04:05:23Z,SENS-009,Kukatpally Housing Board,39,21.03,Clear
2026-05-07T04:07:46Z,SENS-011,Mehdipatnam Bus Stand,24,47.53,Light Rain
2026-05-07T04:09:21Z,SENS-010,Secunderabad Clock Tower,11,68.91,Cloudy
2026-05-07T04:11:14Z,SENS-007,Begumpet Flyover,27,16.05,Fog
2026-05-07T04:11:24Z,SENS-001,Jubilee Hills Checkpost,24,48.24,Cloudy
2026-05-07T04:15:44Z,SENS-005,Tank Bund Road,9,37.94,Light Rain
2026-05-07T04:20:42Z,SENS-005,Tank Bund Road,25,61.11,Clear
2026-05-07T04:24:15Z,SENS-009,Kukatpally Housing Board,21,20.19,Clear
2026-05-07T04:30:56Z,SENS-009,Kukatpally Housing Board,17,68.66,Clear
2026-05-07T04:34:23Z,SENS-006,Hitech City Signal,29,48.52,Clear
2026-05-07T04:39:36Z,SENS-007,Begumpet Flyover,19,55.44,Light Rain
2026-05-07T04:40:43Z,SENS-003,Ameerpet Crossroads,4,21.24,Cloudy
2026-05-07T04:53:05Z,SENS-007,Begumpet Flyover,12,48.68,Light Rain
2026-05-07T04:54:02Z,SENS-002,Gachibowli Junction,10,25.84,Cloudy
2026-05-07T04:59:50Z,SENS-007,Begumpet Flyover,14,23.25,Light Rain
2026-05-07T05:00:16Z,SENS-002,Gachibowli Junction,81,42.83,Clear
2026-05-07T05:02:23Z,SENS-004,Madhapur IT Corridor,59,26.66,Fog
2026-05-07T05:04:16Z,SENS-007,Begumpet Flyover,63,23.24,Heavy Rain
2026-05-07T05:11:10Z,SENS-007,Begumpet Flyover,84,31.02,Clear
2026-05-07T05:13:36Z,SENS-008,LB Nagar Crossroads,54,52.3,Light Rain
2026-05-07T05:14:37Z,SENS-003,Ameerpet Crossroads,41,58.21,Clear
2026-05-07T05:15:08Z,SENS-007,Begumpet Flyover,64,32.58,Light Rain
2026-05-07T05:16:45Z,SENS-006,Hitech City Signal,61,40.01,Cloudy
2026-05-07T05:17:15Z,SENS-007,Begumpet Flyover,57,18.13,Heavy Rain
2026-05-07T05:27:02Z,SENS-012,PVNR Expressway Toll,73,39.72,Cloudy
2026-05-07T05:27:34Z,SENS-010,Secunderabad Clock Tower,44,52.04,Clear
2026-05-07T05:49:53Z,SENS-001,Jubilee Hills Checkpost,85,37.85,Clear
2026-05-07T05:50:33Z,SENS-003,Ameerpet Crossroads,77,49.53,Clear
2026-05-07T05:57:27Z,SENS-004,Madhapur IT Corridor,59,20.57,Clear
2026-05-07T05:57:34Z,SENS-007,Begumpet Flyover,58,33.74,Light Rain
2026-05-07T05:58:01Z,SENS-004,Madhapur IT Corridor,37,32.93,Heavy Rain
2026-05-07T05:59:46Z,SENS-010,Secunderabad Clock Tower,43,57.9,Clear
2026-05-07T06:04:38Z,SENS-001,Jubilee Hills Checkpost,33,31.98,Clear
2026-05-07T06:08:43Z,SENS-002,Gachibowli Junction,75,26.25,Light Rain
2026-05-07T06:14:04Z,SENS-001,Jubilee Hills Checkpost,63,25.71,Cloudy
2026-05-07T06:17:44Z,SENS-003,Ameerpet Crossroads,48,60.33,Clear
2026-05-07T06:22:32Z,SENS-011,Mehdipatnam Bus Stand,64,22.5,Drizzle
2026-05-07T06:22:33Z,SENS-007,Begumpet Flyover,40,21.26,Fog
2026-05-07T06:33:46Z,SENS-001,Jubilee Hills Checkpost,35,52.2,Light Rain
2026-05-07T06:40:21Z,SENS-011,Mehdipatnam Bus Stand,50,27.78,Cloudy
2026-05-07T06:44:31Z,SENS-009,Kukatpally Housing Board,49,51.75,Cloudy
2026-05-07T06:46:42Z,SENS-001,Jubilee Hills Checkpost,65,43.78,Cloudy
2026-05-07T06:46:56Z,SENS-007,Begumpet Flyover,85,31.14,Clear
2026-05-07T06:47:33Z,SENS-002,Gachibowli Junction,69,15.32,Fog
2026-05-07T07:09:34Z,SENS-012,PVNR Expressway Toll,73,26.27,Clear
2026-05-07T07:23:25Z,SENS-004,Madhapur IT Corridor,65,25.55,Clear
2026-05-07T07:24:20Z,SENS-001,Jubilee Hills Checkpost,50,35.73,Light Rain
2026-05-07T07:26:16Z,SENS-004,Madhapur IT Corridor,84,24.8,Clear
2026-05-07T07:31:14Z,SENS-008,LB Nagar Crossroads,43,37.17,Clear
2026-05-07T07:33:27Z,SENS-004,Madhapur IT Corridor,64,44.07,Cloudy
2026-05-07T07:34:48Z,SENS-010,Secunderabad Clock Tower,85,23.37,Clear
2026-05-07T07:37:59Z,SENS-012,PVNR Expressway Toll,33,35.16,Cloudy
2026-05-07T07:41:11Z,SENS-003,Ameerpet Crossroads,35,23.39,Heavy Rain
2026-05-07T07:52:18Z,SENS-007,Begumpet Flyover,57,57.31,Clear
2026-05-07T07:55:54Z,SENS-005,Tank Bund Road,32,50.4,Cloudy
2026-05-07T08:01:33Z,SENS-006,Hitech City Signal,126,26.05,Clear
2026-05-07T08:02:39Z,SENS-012,PVNR Expressway Toll,105,32.07,Heavy Rain
2026-05-07T08:04:09Z,SENS-004,Madhapur IT Corridor,81,30.57,Fog
2026-05-07T08:10:52Z,SENS-010,Secunderabad Clock Tower,156,8.26,Clear
2026-05-07T08:14:48Z,SENS-009,Kukatpally Housing Board,117,16.45,Heavy Rain
2026-05-07T08:26:46Z,SENS-005,Tank Bund Road,168,15.8,Cloudy
2026-05-07T08:28:51Z,SENS-008,LB Nagar Crossroads,78,23.05,Heavy Rain
2026-05-07T08:33:26Z,SENS-002,Gachibowli Junction,119,26.79,Fog
2026-05-07T08:43:12Z,SENS-001,Jubilee Hills Checkpost,163,10.83,Clear
2026-05-07T08:46:06Z,SENS-010,Secunderabad Clock Tower,85,25.83,Clear
2026-05-07T08:50:42Z,SENS-006,Hitech City Signal,101,29.06,Light Rain
2026-05-07T08:58:55Z,SENS-003,Ameerpet Crossroads,128,28.77,Clear
2026-05-07T09:01:05Z,SENS-001,Jubilee Hills Checkpost,123,16.56,Drizzle
2026-05-07T09:01:25Z,SENS-012,PVNR Expressway Toll,97,42.14,Cloudy
2026-05-07T09:02:05Z,SENS-003,Ameerpet Crossroads,194,11.84,Clear
2026-05-07T09:03:29Z,SENS-002,Gachibowli Junction,121,18.26,Cloudy
2026-05-07T09:25:13Z,SENS-007,Begumpet Flyover,112,37.93,Drizzle
2026-05-07T09:25:20Z,SENS-012,PVNR Expressway Toll,81,28.22,Light Rain
2026-05-07T09:32:19Z,SENS-010,Secunderabad Clock Tower,74,25.89,Light Rain
2026-05-07T09:35:59Z,SENS-001,Jubilee Hills Checkpost,165,14.9,Cloudy
2026-05-07T09:36:44Z,SENS-006,Hitech City Signal,91,32.01,Heavy Rain
2026-05-07T09:42:44Z,SENS-007,Begumpet Flyover,67,25.02,Heavy Rain
2026-05-07T09:43:58Z,SENS-005,Tank Bund Road,153,8.74,Cloudy
2026-05-07T09:48:11Z,SENS-001,Jubilee Hills Checkpost,101,25.0,Clear
2026-05-07T09:48:49Z,SENS-003,Ameerpet Crossroads,131,13.96,Cloudy
2026-05-07T09:52:06Z,SENS-002,Gachibowli Junction,158,11.95,Light Rain
2026-05-07T09:54:47Z,SENS-009,Kukatpally Housing Board,175,6.26,Clear
2026-05-07T10:15:10Z,SENS-012,PVNR Expressway Toll,165,12.11,Cloudy
2026-05-07T10:16:36Z,SENS-002,Gachibowli Junction,139,20.16,Clear
2026-05-07T10:17:48Z,SENS-010,Secunderabad Clock Tower,124,12.05,Clear
2026-05-07T10:18:12Z,SENS-002,Gachibowli Junction,157,20.62,Cloudy
2026-05-07T10:20:36Z,SENS-006,Hitech City Signal,121,31.03,Clear
2026-05-07T10:32:59Z,SENS-009,Kukatpally Housing Board,116,13.53,Fog
2026-05-07T10:36:58Z,SENS-004,Madhapur IT Corridor,113,25.08,Clear
2026-05-07T10:39:17Z,SENS-010,Secunderabad Clock Tower,159,25.53,Clear
2026-05-07T10:41:16Z,SENS-007,Begumpet Flyover,140,33.96,Clear
2026-05-07T10:51:00Z,SENS-012,PVNR Expressway Toll,176,18.91,Light Rain
2026-05-07T10:52:32Z,SENS-003,Ameerpet Crossroads,173,13.67,Cloudy
2026-05-07T10:58:17Z,SENS-010,Secunderabad Clock Tower,192,12.42,Clear
2026-05-07T10:58:39Z,SENS-005,Tank Bund Road,127,28.25,Cloudy
2026-05-07T11:05:45Z,SENS-010,Secunderabad Clock Tower,61,27.04,Cloudy
2026-05-07T11:07:44Z,SENS-007,Begumpet Flyover,25,21.7,Heavy Rain
2026-05-07T11:11:37Z,SENS-001,Jubilee Hills Checkpost,32,36.92,Clear
2026-05-07T11:18:28Z,SENS-001,Jubilee Hills Checkpost,34,21.13,Clear
2026-05-07T11:27:50Z,SENS-006,Hitech City Signal,66,44.98,Cloudy
2026-05-07T11:30:38Z,SENS-004,Madhapur IT Corridor,78,25.61,Light Rain
2026-05-07T11:33:35Z,SENS-010,Secunderabad Clock Tower,39,42.14,Cloudy
2026-05-07T11:39:09Z,SENS-005,Tank Bund Road,84,29.44,Clear
2026-05-07T11:39:33Z,SENS-003,Ameerpet Crossroads,54,40.29,Cloudy
2026-05-07T11:46:24Z,SENS-004,Madhapur IT Corridor,49,25.78,Light Rain
2026-05-07T12:09:13Z,SENS-009,Kukatpally Housing Board,46,21.83,Light Rain
2026-05-07T12:09:23Z,SENS-008,LB Nagar Crossroads,52,54.79,Drizzle
2026-05-07T12:14:27Z,SENS-012,PVNR Expressway Toll,34,21.58,Drizzle
2026-05-07T12:20:18Z,SENS-006,Hitech City Signal,32,34.12,Cloudy
2026-05-07T12:34:37Z,SENS-006,Hitech City Signal,88,39.18,Clear
2026-05-07T12:46:23Z,SENS-008,LB Nagar Crossroads,69,24.76,Cloudy
2026-05-07T12:48:44Z,SENS-008,LB Nagar Crossroads,79,19.5,Cloudy
2026-05-07T12:49:22Z,SENS-005,Tank Bund Road,58,30.23,Clear
2026-05-07T12:49:36Z,SENS-003,Ameerpet Crossroads,30,15.0,Fog
2026-05-07T12:55:33Z,SENS-009,Kukatpally Housing Board,27,24.73,Heavy Rain
2026-05-07T12:56:53Z,SENS-002,Gachibowli Junction,45,34.25,Clear
2026-05-07T12:58:48Z,SENS-011,Mehdipatnam Bus Stand,75,34.69,Clear
2026-05-07T13:01:33Z,SENS-001,Jubilee Hills Checkpost,46,17.11,Cloudy
2026-05-07T13:03:43Z,SENS-011,Mehdipatnam Bus Stand,43,50.65,Clear
2026-05-07T13:04:16Z,SENS-001,Jubilee Hills Checkpost,36,33.92,Light Rain
2026-05-07T13:08:22Z,SENS-011,Mehdipatnam Bus Stand,25,17.46,Fog
2026-05-07T13:19:41Z,SENS-006,Hitech City Signal,63,45.87,Cloudy
2026-05-07T13:25:38Z,SENS-008,LB Nagar Crossroads,63,33.54,Fog
2026-05-07T13:27:26Z,SENS-003,Ameerpet Crossroads,72,40.56,Clear
2026-05-07T13:33:23Z,SENS-002,Gachibowli Junction,30,58.35,Cloudy
2026-05-07T13:39:34Z,SENS-004,Madhapur IT Corridor,55,39.29,Clear
2026-05-07T13:45:06Z,SENS-001,Jubilee Hills Checkpost,44,51.18,Drizzle
2026-05-07T13:45:26Z,SENS-006,Hitech City Signal,73,27.38,Clear
2026-05-07T13:49:20Z,SENS-007,Begumpet Flyover,85,39.35,Clear
2026-05-07T14:00:20Z,SENS-007,Begumpet Flyover,37,41.54,Light Rain
2026-05-07T14:00:37Z,SENS-006,Hitech City Signal,51,58.94,Cloudy
2026-05-07T14:03:15Z,SENS-008,LB Nagar Crossroads,53,19.89,Fog
2026-05-07T14:11:12Z,SENS-002,Gachibowli Junction,31,36.11,Fog
2026-05-07T14:11:22Z,SENS-005,Tank Bund Road,60,40.64,Heavy Rain
2026-05-07T14:15:31Z,SENS-004,Madhapur IT Corridor,32,56.71,Light Rain
2026-05-07T14:19:38Z,SENS-010,Secunderabad Clock Tower,67,54.55,Clear
2026-05-07T14:22:22Z,SENS-007,Begumpet Flyover,75,15.54,Clear
2026-05-07T14:25:17Z,SENS-011,Mehdipatnam Bus Stand,68,33.74,Clear
2026-05-07T14:29:23Z,SENS-009,Kukatpally Housing Board,77,31.9,Cloudy
2026-05-07T14:32:18Z,SENS-006,Hitech City Signal,79,35.7,Clear
2026-05-07T14:40:26Z,SENS-004,Madhapur IT Corridor,69,26.16,Drizzle
2026-05-07T15:10:23Z,SENS-011,Mehdipatnam Bus Stand,86,25.15,Clear
2026-05-07T15:18:13Z,SENS-002,Gachibowli Junction,89,42.22,Clear
2026-05-07T15:23:38Z,SENS-001,Jubilee Hills Checkpost,72,23.25,Clear
2026-05-07T15:31:22Z,SENS-006,Hitech City Signal,48,35.47,Clear
2026-05-07T15:41:59Z,SENS-011,Mehdipatnam Bus Stand,89,23.97,Clear
2026-05-07T15:44:08Z,SENS-005,Tank Bund Road,83,24.51,Cloudy
2026-05-07T15:44:34Z,SENS-009,Kukatpally Housing Board,35,20.48,Light Rain
2026-05-07T15:45:51Z,SENS-010,Secunderabad Clock Tower,43,51.57,Clear
2026-05-07T15:45:56Z,SENS-002,Gachibowli Junction,85,37.59,Cloudy
2026-05-07T15:49:44Z,SENS-002,Gachibowli Junction,71,27.77,Clear
2026-05-07T15:51:28Z,SENS-003,Ameerpet Crossroads,81,49.47,Cloudy
2026-05-07T15:55:01Z,SENS-004,Madhapur IT Corridor,37,32.01,Clear
2026-05-07T16:01:04Z,SENS-010,Secunderabad Clock Tower,68,34.18,Light Rain
2026-05-07T16:04:49Z,SENS-012,PVNR Expressway Toll,80,39.87,Clear
2026-05-07T16:05:21Z,SENS-011,Mehdipatnam Bus Stand,86,17.52,Cloudy
2026-05-07T16:12:25Z,SENS-008,LB Nagar Crossroads,44,41.37,Clear
2026-05-07T16:13:19Z,SENS-009,Kukatpally Housing Board,60,10.52,Fog
2026-05-07T16:14:36Z,SENS-003,Ameerpet Crossroads,30,49.97,Clear
2026-05-07T16:20:26Z,SENS-006,Hitech City Signal,60,31.02,Clear
2026-05-07T16:29:41Z,SENS-010,Secunderabad Clock Tower,50,30.02,Fog
2026-05-07T16:30:15Z,SENS-011,Mehdipatnam Bus Stand,81,48.56,Cloudy
2026-05-07T16:34:03Z,SENS-001,Jubilee Hills Checkpost,34,61.7,Clear
2026-05-07T16:36:10Z,SENS-011,Mehdipatnam Bus Stand,79,22.13,Drizzle
2026-05-07T16:36:45Z,SENS-012,PVNR Expressway Toll,64,14.63,Fog
2026-05-07T16:40:47Z,SENS-002,Gachibowli Junction,47,11.78,Heavy Rain
2026-05-07T16:52:34Z,SENS-010,Secunderabad Clock Tower,61,42.04,Clear
2026-05-07T16:56:27Z,SENS-002,Gachibowli Junction,57,27.03,Fog
2026-05-07T16:58:25Z,SENS-007,Begumpet Flyover,78,24.91,Cloudy
2026-05-07T17:01:49Z,SENS-008,LB Nagar Crossroads,154,20.7,Cloudy
2026-05-07T17:05:35Z,SENS-011,Mehdipatnam Bus Stand,102,15.29,Heavy Rain
2026-05-07T17:07:16Z,SENS-006,Hitech City Signal,180,8.62,Clear
2026-05-07T17:14:51Z,SENS-002,Gachibowli Junction,152,24.62,Drizzle
2026-05-07T17:20:57Z,SENS-007,Begumpet Flyover,153,19.03,Drizzle
2026-05-07T17:31:12Z,SENS-010,Secunderabad Clock Tower,166,6.76,Clear
2026-05-07T17:36:22Z,SENS-012,PVNR Expressway Toll,129,23.65,Drizzle
2026-05-07T17:38:54Z,SENS-012,PVNR Expressway Toll,88,30.56,Cloudy
2026-05-07T17:39:10Z,SENS-007,Begumpet Flyover,108,16.63,Clear
2026-05-07T17:43:27Z,SENS-004,Madhapur IT Corridor,137,19.6,Clear
2026-05-07T17:43:38Z,SENS-008,LB Nagar Crossroads,104,36.33,Cloudy
2026-05-07T17:44:03Z,SENS-005,Tank Bund Road,99,21.26,Fog
2026-05-07T17:45:30Z,SENS-004,Madhapur IT Corridor,129,26.32,Cloudy
2026-05-07T17:52:16Z,SENS-006,Hitech City Signal,138,32.11,Cloudy
2026-05-07T17:53:36Z,SENS-001,Jubilee Hills Checkpost,92,31.49,Light Rain
2026-05-07T17:55:11Z,SENS-010,Secunderabad Clock Tower,104,22.17,Fog
2026-05-07T17:57:46Z,SENS-011,Mehdipatnam Bus Stand,100,35.59,Drizzle
2026-05-07T18:00:19Z,SENS-008,LB Nagar Crossroads,154,24.12,Clear
2026-05-07T18:01:14Z,SENS-011,Mehdipatnam Bus Stand,146,28.53,Cloudy
2026-05-07T18:09:37Z,SENS-010,Secunderabad Clock Tower,118,33.88,Light Rain
2026-05-07T18:10:57Z,SENS-004,Madhapur IT Corridor,148,12.47,Clear
2026-05-07T18:13:18Z,SENS-005,Tank Bund Road,158,26.89,Cloudy
2026-05-07T18:14:14Z,SENS-011,Mehdipatnam Bus Stand,86,23.46,Clear
2026-05-07T18:16:23Z,SENS-012,PVNR Expressway Toll,84,34.31,Clear
2026-05-07T18:18:06Z,SENS-006,Hitech City Signal,92,17.25,Cloudy
2026-05-07T18:23:37Z,SENS-007,Begumpet Flyover,150,19.78,Light Rain
2026-05-07T18:50:27Z,SENS-001,Jubilee Hills Checkpost,128,25.48,Cloudy
2026-05-07T18:58:13Z,SENS-012,PVNR Expressway Toll,185,15.68,Cloudy
2026-05-07T18:59:38Z,SENS-001,Jubilee Hills Checkpost,142,33.67,Clear
2026-05-07T19:01:07Z,SENS-004,Madhapur IT Corridor,138,7.63,Light Rain
2026-05-07T19:08:42Z,SENS-010,Secunderabad Clock Tower,162,8.35,Cloudy
2026-05-07T19:10:58Z,SENS-012,PVNR Expressway Toll,95,11.53,Drizzle
2026-05-07T19:15:54Z,SENS-006,Hitech City Signal,103,21.46,Cloudy
2026-05-07T19:18:46Z,SENS-005,Tank Bund Road,120,16.17,Clear
2026-05-07T19:22:33Z,SENS-002,Gachibowli Junction,85,25.73,Clear
2026-05-07T19:24:40Z,SENS-007,Begumpet Flyover,192,16.74,Cloudy
2026-05-07T19:41:59Z,SENS-001,Jubilee Hills Checkpost,129,14.35,Clear
2026-05-07T19:43:03Z,SENS-005,Tank Bund Road,96,26.95,Cloudy
2026-05-07T19:43:19Z,SENS-002,Gachibowli Junction,99,30.43,Clear
2026-05-07T19:53:44Z,SENS-005,Tank Bund Road,174,17.57,Light Rain
2026-05-07T20:00:30Z,SENS-004,Madhapur IT Corridor,41,33.92,Light Rain
2026-05-07T20:03:02Z,SENS-006,Hitech City Signal,70,36.09,Clear
2026-05-07T20:04:11Z,SENS-002,Gachibowli Junction,72,45.66,Cloudy
2026-05-07T20:05:06Z,SENS-009,Kukatpally Housing Board,75,39.38,Drizzle
2026-05-07T20:05:24Z,SENS-008,LB Nagar Crossroads,65,30.67,Fog
2026-05-07T20:08:36Z,SENS-011,Mehdipatnam Bus Stand,58,25.13,Light Rain
2026-05-07T20:15:21Z,SENS-008,LB Nagar Crossroads,87,48.56,Clear
2026-05-07T20:15:47Z,SENS-005,Tank Bund Road,85,17.73,Cloudy
2026-05-07T20:15:52Z,SENS-002,Gachibowli Junction,68,44.45,Clear
2026-05-07T20:16:28Z,SENS-010,Secunderabad Clock Tower,75,41.05,Clear
2026-05-07T20:17:46Z,SENS-012,PVNR Expressway Toll,34,52.7,Cloudy
2026-05-07T20:20:06Z,SENS-011,Mehdipatnam Bus Stand,39,25.83,Clear
2026-05-07T20:34:40Z,SENS-007,Begumpet Flyover,34,43.93,Heavy Rain
2026-05-07T20:37:19Z,SENS-004,Madhapur IT Corridor,70,35.74,Cloudy
2026-05-07T20:37:54Z,SENS-001,Jubilee Hills Checkpost,41,62.01,Cloudy
2026-05-07T20:44:52Z,SENS-012,PVNR Expressway Toll,71,29.57,Cloudy
2026-05-07T20:45:03Z,SENS-007,Begumpet Flyover,53,43.52,Drizzle
2026-05-07T20:56:21Z,SENS-010,Secunderabad Clock Tower,27,44.83,Light Rain
2026-05-07T20:56:55Z,SENS-003,Ameerpet Crossroads,38,26.02,Fog
2026-05-07T20:59:43Z,SENS-001,Jubilee Hills Checkpost,75,53.05,Clear
2026-05-07T21:00:25Z,SENS-004,Madhapur IT Corridor,37,18.96,Clear
2026-05-07T21:01:41Z,SENS-002,Gachibowli Junction,60,11.71,Fog
2026-05-07T21:05:40Z,SENS-005,Tank Bund Road,46,42.68,Clear
2026-05-07T21:13:17Z,SENS-010,Secunderabad Clock Tower,75,34.75,Light Rain
2026-05-07T21:21:27Z,SENS-003,Ameerpet Crossroads,49,52.19,Clear
2026-05-07T21:22:25Z,SENS-002,Gachibowli Junction,34,68.79,Clear
2026-05-07T21:25:13Z,SENS-003,Ameerpet Crossroads,41,27.4,Cloudy
2026-05-07T21:29:42Z,SENS-004,Madhapur IT Corridor,84,52.86,Clear
2026-05-07T21:55:12Z,SENS-005,Tank Bund Road,44,38.83,Fog
2026-05-07T21:56:40Z,SENS-003,Ameerpet Crossroads,53,36.71,Clear
2026-05-07T21:58:17Z,SENS-006,Hitech City Signal,49,25.7,Drizzle
2026-05-07T22:01:22Z,SENS-011,Mehdipatnam Bus Stand,10,48.03,Clear
2026-05-07T22:05:58Z,SENS-010,Secunderabad Clock Tower,9,35.73,Cloudy
2026-05-07T22:35:14Z,SENS-010,Secunderabad Clock Tower,12,49.17,Fog
2026-05-07T22:37:37Z,SENS-011,Mehdipatnam Bus Stand,26,56.93,Cloudy
2026-05-07T22:39:22Z,SENS-006,Hitech City Signal,4,58.15,Cloudy
2026-05-07T22:39:54Z,SENS-008,LB Nagar Crossroads,26,69.5,Clear
2026-05-07T22:40:15Z,SENS-009,Kukatpally Housing Board,25,25.76,Light Rain
2026-05-07T22:45:56Z,SENS-003,Ameerpet Crossroads,28,32.04,Clear
2026-05-07T22:49:19Z,SENS-006,Hitech City Signal,37,26.22,Clear
2026-05-07T22:56:50Z,SENS-011,Mehdipatnam Bus Stand,31,58.01,Clear
2026-05-07T22:57:24Z,SENS-009,Kukatpally Housing Board,17,44.45,Light Rain
2026-05-07T23:00:16Z,SENS-010,Secunderabad Clock Tower,15,44.18,Heavy Rain
2026-05-07T23:00:47Z,SENS-007,Begumpet Flyover,5,74.28,Clear
2026-05-07T23:00:54Z,SENS-009,Kukatpally Housing Board,4,35.34,Cloudy
2026-05-07T23:01:17Z,SENS-006,Hitech City Signal,38,32.15,Clear
2026-05-07T23:02:56Z,SENS-005,Tank Bund Road,9,61.73,Clear
2026-05-07T23:04:58Z,SENS-005,Tank Bund Road,13,58.18,Clear
2026-05-07T23:20:20Z,SENS-005,Tank Bund Road,11,30.85,Clear
2026-05-07T23:22:10Z,SENS-007,Begumpet Flyover,23,66.69,Clear
2026-05-07T23:28:41Z,SENS-009,Kukatpally Housing Board,10,56.67,Cloudy
2026-05-07T23:29:12Z,SENS-010,Secunderabad Clock Tower,27,53.28,Clear
2026-05-07T23:30:12Z,SENS-010,Secunderabad Clock Tower,21,53.78,Cloudy
2026-05-07T23:42:06Z,SENS-008,LB Nagar Crossroads,4,15.32,Heavy Rain
2026-05-07T23:42:18Z,SENS-006,Hitech City Signal,11,25.61,Clear
2026-05-07T23:44:57Z,SENS-010,Secunderabad Clock Tower,12,32.35,Light Rain
2026-05-07T23:45:03Z,SENS-011,Mehdipatnam Bus Stand,31,53.85,Light Rain
2026-05-07T23:46:56Z,SENS-009,Kukatpally Housing Board,32,43.28,Clear
2026-05-07T23:50:25Z,SENS-011,Mehdipatnam Bus Stand,39,36.3,Clear
2026-05-07T23:54:44Z,SENS-012,PVNR Expressway Toll,25,57.39,Clear
2026-05-07T23:54:56Z,SENS-011,Mehdipatnam Bus Stand,25,30.61,Light Rain
2026-05-08T00:03:12Z,SENS-006,Hitech City Signal,25,40.8,Light Rain
2026-05-08T00:04:19Z,SENS-011,Mehdipatnam Bus Stand,5,66.98,Clear
2026-05-08T00:14:25Z,SENS-001,Jubilee Hills Checkpost,20,20.5,Drizzle
2026-05-08T00:21:55Z,SENS-011,Mehdipatnam Bus Stand,28,17.88,Fog
2026-05-08T00:44:19Z,SENS-010,Secunderabad Clock Tower,18,20.55,Heavy Rain
2026-05-08T00:45:24Z,SENS-004,Madhapur IT Corridor,19,51.96,Clear
2026-05-08T00:48:49Z,SENS-004,Madhapur IT Corridor,25,34.11,Clear
2026-05-08T00:51:40Z,SENS-002,Gachibowli Junction,19,49.38,Cloudy
2026-05-08T00:58:34Z,SENS-006,Hitech City Signal,24,63.01,Clear
2026-05-08T01:01:31Z,SENS-006,Hitech City Signal,21,28.11,Light Rain
2026-05-08T01:02:18Z,SENS-001,Jubilee Hills Checkpost,19,28.31,Cloudy
2026-05-08T01:06:23Z,SENS-004,Madhapur IT Corridor,16,30.67,Fog
2026-05-08T01:11:48Z,SENS-001,Jubilee Hills Checkpost,12,29.54,Clear
2026-05-08T01:13:14Z,SENS-004,Madhapur IT Corridor,21,58.01,Cloudy
2026-05-08T01:18:21Z,SENS-005,Tank Bund Road,32,20.95,Light Rain
2026-05-08T01:22:12Z,SENS-003,Ameerpet Crossroads,18,60.63,Cloudy
2026-05-08T01:24:20Z,SENS-009,Kukatpally Housing Board,28,25.84,Clear
2026-05-08T01:25:06Z,SENS-012,PVNR Expressway Toll,37,41.86,Clear
2026-05-08T01:25:19Z,SENS-011,Mehdipatnam Bus Stand,7,43.35,Fog
2026-05-08T01:26:00Z,SENS-001,Jubilee Hills Checkpost,12,17.82,Heavy Rain
2026-05-08T01:27:08Z,SENS-005,Tank Bund Road,22,30.64,Drizzle
2026-05-08T01:31:32Z,SENS-003,Ameerpet Crossroads,7,71.12,Clear
2026-05-08T01:34:02Z,SENS-003,Ameerpet Crossroads,24,35.76,Fog
2026-05-08T01:34:56Z,SENS-007,Begumpet Flyover,14,57.71,Cloudy
2026-05-08T01:37:26Z,SENS-003,Ameerpet Crossroads,28,29.73,Fog
2026-05-08T01:49:23Z,SENS-008,LB Nagar Crossroads,35,28.86,Cloudy
2026-05-08T01:51:07Z,SENS-004,Madhapur IT Corridor,29,47.3,Light Rain
2026-05-08T01:51:28Z,SENS-007,Begumpet Flyover,34,51.52,Cloudy
2026-05-08T01:58:44Z,SENS-012,PVNR Expressway Toll,34,21.99,Clear
2026-05-08T02:00:25Z,SENS-005,Tank Bund Road,4,50.2,Heavy Rain
2026-05-08T02:03:07Z,SENS-009,Kukatpally Housing Board,10,14.32,Heavy Rain
2026-05-08T02:06:44Z,SENS-012,PVNR Expressway Toll,11,67.14,Cloudy
2026-05-08T02:20:07Z,SENS-001,Jubilee Hills Checkpost,34,29.21,Clear
2026-05-08T02:26:25Z,SENS-011,Mehdipatnam Bus Stand,32,19.94,Light Rain
2026-05-08T02:29:28Z,SENS-001,Jubilee Hills Checkpost,25,21.2,Cloudy
2026-05-08T02:30:15Z,SENS-007,Begumpet Flyover,21,36.16,Heavy Rain
2026-05-08T02:34:39Z,SENS-008,LB Nagar Crossroads,11,44.31,Light Rain
2026-05-08T02:34:55Z,SENS-011,Mehdipatnam Bus Stand,24,44.67,Cloudy
2026-05-08T02:37:54Z,SENS-008,LB Nagar Crossroads,32,52.28,Clear
2026-05-08T02:38:31Z,SENS-001,Jubilee Hills Checkpost,11,29.85,Clear
2026-05-08T02:44:53Z,SENS-010,Secunderabad Clock Tower,8,48.58,Clear
2026-05-08T02:45:39Z,SENS-002,Gachibowli Junction,14,59.6,Cloudy
2026-05-08T02:47:33Z,SENS-001,Jubilee Hills Checkpost,30,49.58,Cloudy
2026-05-08T03:01:02Z,SENS-010,Secunderabad Clock Tower,38,42.41,Clear
2026-05-08T03:12:04Z,SENS-003,Ameerpet Crossroads,22,50.83,Light Rain
2026-05-08T03:17:15Z,SENS-011,Mehdipatnam Bus Stand,28,42.1,Fog
2026-05-08T03:19:41Z,SENS-007,Begumpet Flyover,17,40.09,Clear
2026-05-08T03:21:39Z,SENS-007,Begumpet Flyover,35,50.53,Clear
2026-05-08T03:25:41Z,SENS-011,Mehdipatnam Bus Stand,36,50.91,Clear
2026-05-08T03:29:04Z,SENS-006,Hitech City Signal,12,32.46,Heavy Rain
2026-05-08T03:31:24Z,SENS-009,Kukatpally Housing Board,14,45.85,Light Rain
2026-05-08T03:35:04Z,SENS-011,Mehdipatnam Bus Stand,19,39.51,Light Rain
2026-05-08T03:37:52Z,SENS-004,Madhapur IT Corridor,13,41.36,Cloudy
2026-05-08T03:46:02Z,SENS-005,Tank Bund Road,24,28.76,Heavy Rain
2026-05-08T03:46:46Z,SENS-005,Tank Bund Road,14,58.04,Clear
2026-05-08T03:47:32Z,SENS-012,PVNR Expressway Toll,27,66.17,Clear
2026-05-08T03:48:38Z,SENS-001,Jubilee Hills Checkpost,18,25.6,Drizzle
2026-05-08T03:52:14Z,SENS-001,Jubilee Hills Checkpost,29,36.71,Clear
2026-05-08T03:54:48Z,SENS-001,Jubilee Hills Checkpost,12,30.05,Fog
2026-05-08T03:56:11Z,SENS-007,Begumpet Flyover,22,21.65,Clear
2026-05-08T03:56:31Z,SENS-003,Ameerpet Crossroads,16,39.59,Cloudy
2026-05-08T03:57:20Z,SENS-011,Mehdipatnam Bus Stand,17,20.34,Light Rain
2026-05-08T04:04:28Z,SENS-004,Madhapur IT Corridor,14,39.86,Cloudy
2026-05-08T04:12:28Z,SENS-002,Gachibowli Junction,31,48.2,Clear
2026-05-08T04:36:49Z,SENS-006,Hitech City Signal,29,24.04,Light Rain
2026-05-08T04:47:01Z,SENS-008,LB Nagar Crossroads,34,38.05,Clear
2026-05-08T04:48:37Z,SENS-010,Secunderabad Clock Tower,5,32.66,Clear
2026-05-08T04:56:07Z,SENS-008,LB Nagar Crossroads,5,29.46,Clear
2026-05-08T05:15:51Z,SENS-001,Jubilee Hills Checkpost,72,39.26,Light Rain
2026-05-08T05:16:46Z,SENS-003,Ameerpet Crossroads,29,36.29,Fog
2026-05-08T05:25:05Z,SENS-004,Madhapur IT Corridor,34,26.48,Drizzle
2026-05-08T05:27:54Z,SENS-006,Hitech City Signal,66,53.33,Clear
2026-05-08T05:31:31Z,SENS-009,Kukatpally Housing Board,83,36.35,Clear
2026-05-08T05:33:49Z,SENS-005,Tank Bund Road,64,35.23,Cloudy
2026-05-08T05:41:40Z,SENS-009,Kukatpally Housing Board,69,28.09,Fog
2026-05-08T05:49:11Z,SENS-010,Secunderabad Clock Tower,42,15.66,Light Rain
2026-05-08T05:49:39Z,SENS-004,Madhapur IT Corridor,75,28.16,Light Rain
2026-05-08T05:56:05Z,SENS-010,Secunderabad Clock Tower,71,31.85,Cloudy
2026-05-08T05:56:50Z,SENS-005,Tank Bund Road,63,26.64,Clear
2026-05-08T06:03:51Z,SENS-010,Secunderabad Clock Tower,46,31.11,Light Rain
2026-05-08T06:05:57Z,SENS-009,Kukatpally Housing Board,47,32.29,Light Rain
2026-05-08T06:08:09Z,SENS-001,Jubilee Hills Checkpost,77,34.21,Clear
2026-05-08T06:14:31Z,SENS-005,Tank Bund Road,51,13.1,Fog
2026-05-08T06:16:04Z,SENS-005,Tank Bund Road,45,27.93,Light Rain
2026-05-08T06:17:54Z,SENS-004,Madhapur IT Corridor,37,47.15,Light Rain
2026-05-08T06:19:24Z,SENS-012,PVNR Expressway Toll,58,34.86,Light Rain
2026-05-08T06:22:24Z,SENS-006,Hitech City Signal,40,27.47,Drizzle
2026-05-08T06:25:31Z,SENS-001,Jubilee Hills Checkpost,72,38.5,Light Rain
2026-05-08T06:26:48Z,SENS-012,PVNR Expressway Toll,47,60.31,Cloudy
2026-05-08T06:28:11Z,SENS-008,LB Nagar Crossroads,46,41.73,Clear
2026-05-08T06:29:11Z,SENS-005,Tank Bund Road,47,54.05,Clear
2026-05-08T06:31:02Z,SENS-012,PVNR Expressway Toll,28,19.53,Light Rain
2026-05-08T06:34:29Z,SENS-005,Tank Bund Road,67,53.59,Clear
2026-05-08T06:39:40Z,SENS-007,Begumpet Flyover,64,45.68,Drizzle
2026-05-08T06:41:34Z,SENS-012,PVNR Expressway Toll,40,51.63,Cloudy
2026-05-08T06:42:17Z,SENS-010,Secunderabad Clock Tower,43,28.44,Clear
2026-05-08T06:42:29Z,SENS-008,LB Nagar Crossroads,59,54.67,Cloudy
2026-05-08T06:43:20Z,SENS-009,Kukatpally Housing Board,39,56.29,Clear
2026-05-08T06:50:54Z,SENS-012,PVNR Expressway Toll,39,36.71,Heavy Rain
2026-05-08T06:53:08Z,SENS-010,Secunderabad Clock Tower,41,18.63,Cloudy
2026-05-08T06:57:24Z,SENS-008,LB Nagar Crossroads,43,24.4,Fog
2026-05-08T07:04:27Z,SENS-009,Kukatpally Housing Board,40,63.23,Cloudy
2026-05-08T07:11:24Z,SENS-011,Mehdipatnam Bus Stand,61,15.55,Fog
2026-05-08T07:12:19Z,SENS-010,Secunderabad Clock Tower,76,20.16,Clear
2026-05-08T07:17:00Z,SENS-006,Hitech City Signal,64,16.98,Cloudy
2026-05-08T07:17:53Z,SENS-004,Madhapur IT Corridor,54,30.9,Light Rain
2026-05-08T07:27:45Z,SENS-008,LB Nagar Crossroads,51,30.08,Heavy Rain
2026-05-08T07:28:40Z,SENS-008,LB Nagar Crossroads,51,19.45,Cloudy
2026-05-08T07:43:37Z,SENS-001,Jubilee Hills Checkpost,29,63.0,Cloudy
2026-05-08T07:49:20Z,SENS-003,Ameerpet Crossroads,69,26.04,Clear
2026-05-08T07:50:20Z,SENS-008,LB Nagar Crossroads,32,38.92,Cloudy
2026-05-08T07:56:15Z,SENS-004,Madhapur IT Corridor,50,27.22,Clear
2026-05-08T08:01:08Z,SENS-002,Gachibowli Junction,145,12.39,Fog
2026-05-08T08:10:30Z,SENS-012,PVNR Expressway Toll,188,18.28,Cloudy
2026-05-08T08:17:17Z,SENS-009,Kukatpally Housing Board,137,13.8,Clear
2026-05-08T08:18:09Z,SENS-001,Jubilee Hills Checkpost,156,13.13,Fog
2026-05-08T08:24:28Z,SENS-004,Madhapur IT Corridor,163,23.22,Clear
2026-05-08T08:27:51Z,SENS-001,Jubilee Hills Checkpost,104,8.26,Fog
2026-05-08T08:32:05Z,SENS-004,Madhapur IT Corridor,147,10.01,Light Rain
2026-05-08T08:34:42Z,SENS-003,Ameerpet Crossroads,142,7.84,Heavy Rain
2026-05-08T08:34:53Z,SENS-009,Kukatpally Housing Board,163,9.77,Cloudy
2026-05-08T08:53:02Z,SENS-012,PVNR Expressway Toll,74,27.38,Drizzle
2026-05-08T08:53:03Z,SENS-005,Tank Bund Road,134,21.81,Cloudy
2026-05-08T08:58:42Z,SENS-011,Mehdipatnam Bus Stand,161,22.15,Cloudy
2026-05-08T09:00:37Z,SENS-008,LB Nagar Crossroads,117,21.49,Cloudy
2026-05-08T09:04:27Z,SENS-003,Ameerpet Crossroads,93,33.97,Clear
2026-05-08T09:05:20Z,SENS-005,Tank Bund Road,169,21.89,Clear
2026-05-08T09:06:11Z,SENS-011,Mehdipatnam Bus Stand,137,16.86,Fog
2026-05-08T09:06:39Z,SENS-008,LB Nagar Crossroads,108,34.5,Clear
2026-05-08T09:06:52Z,SENS-003,Ameerpet Crossroads,76,35.89,Heavy Rain
2026-05-08T09:06:53Z,SENS-003,Ameerpet Crossroads,135,25.96,Light Rain
2026-05-08T09:07:34Z,SENS-011,Mehdipatnam Bus Stand,85,28.48,Light Rain
2026-05-08T09:08:20Z,SENS-008,LB Nagar Crossroads,137,22.46,Clear
2026-05-08T09:11:45Z,SENS-008,LB Nagar Crossroads,98,46.77,Clear
2026-05-08T09:16:14Z,SENS-007,Begumpet Flyover,132,22.36,Heavy Rain
2026-05-08T09:16:42Z,SENS-007,Begumpet Flyover,106,43.3,Clear
2026-05-08T09:18:41Z,SENS-007,Begumpet Flyover,152,20.04,Light Rain
2026-05-08T09:20:47Z,SENS-010,Secunderabad Clock Tower,88,31.31,Clear
2026-05-08T09:34:47Z,SENS-012,PVNR Expressway Toll,164,9.5,Clear
2026-05-08T09:36:12Z,SENS-012,PVNR Expressway Toll,168,18.31,Clear
2026-05-08T09:36:42Z,SENS-006,Hitech City Signal,103,42.88,Clear
2026-05-08T09:42:40Z,SENS-001,Jubilee Hills Checkpost,102,37.54,Clear
2026-05-08T09:45:27Z,SENS-008,LB Nagar Crossroads,164,15.12,Light Rain
2026-05-08T09:47:00Z,SENS-006,Hitech City Signal,182,13.97,Clear
2026-05-08T09:59:34Z,SENS-005,Tank Bund Road,170,13.07,Cloudy
2026-05-08T09:59:54Z,SENS-009,Kukatpally Housing Board,137,16.5,Clear
2026-05-08T10:00:15Z,SENS-003,Ameerpet Crossroads,114,9.92,Heavy Rain
2026-05-08T10:08:22Z,SENS-002,Gachibowli Junction,102,18.1,Cloudy
2026-05-08T10:24:01Z,SENS-002,Gachibowli Junction,96,34.47,Clear
2026-05-08T10:24:53Z,SENS-006,Hitech City Signal,98,17.43,Fog
2026-05-08T10:33:42Z,SENS-001,Jubilee Hills Checkpost,169,13.81,Cloudy
2026-05-08T10:43:05Z,SENS-007,Begumpet Flyover,131,13.04,Clear
2026-05-08T10:46:21Z,SENS-012,PVNR Expressway Toll,114,31.21,Light Rain
2026-05-08T10:58:58Z,SENS-001,Jubilee Hills Checkpost,153,22.98,Clear
2026-05-08T11:05:44Z,SENS-010,Secunderabad Clock Tower,70,48.86,Clear
2026-05-08T11:07:52Z,SENS-006,Hitech City Signal,45,18.17,Light Rain
2026-05-08T11:09:13Z,SENS-009,Kukatpally Housing Board,76,30.22,Clear
2026-05-08T11:14:39Z,SENS-011,Mehdipatnam Bus Stand,73,32.08,Clear
2026-05-08T11:19:54Z,SENS-009,Kukatpally Housing Board,58,21.02,Heavy Rain
2026-05-08T11:28:28Z,SENS-009,Kukatpally Housing Board,53,19.35,Fog
2026-05-08T11:31:58Z,SENS-006,Hitech City Signal,52,21.12,Fog
2026-05-08T11:32:35Z,SENS-010,Secunderabad Clock Tower,67,13.9,Light Rain
2026-05-08T11:32:49Z,SENS-011,Mehdipatnam Bus Stand,70,26.25,Light Rain
2026-05-08T11:33:04Z,SENS-010,Secunderabad Clock Tower,86,48.32,Clear
2026-05-08T11:35:42Z,SENS-010,Secunderabad Clock Tower,80,13.54,Light Rain
2026-05-08T11:38:20Z,SENS-007,Begumpet Flyover,45,55.47,Clear
2026-05-08T11:39:33Z,SENS-005,Tank Bund Road,24,45.21,Fog
2026-05-08T11:40:14Z,SENS-009,Kukatpally Housing Board,57,46.1,Clear
2026-05-08T11:40:58Z,SENS-008,LB Nagar Crossroads,59,41.88,Light Rain
2026-05-08T11:45:24Z,SENS-003,Ameerpet Crossroads,31,42.73,Clear
2026-05-08T11:49:30Z,SENS-001,Jubilee Hills Checkpost,50,33.04,Light Rain
2026-05-08T11:51:12Z,SENS-002,Gachibowli Junction,66,17.53,Clear
2026-05-08T11:53:34Z,SENS-007,Begumpet Flyover,63,32.22,Clear
2026-05-08T11:57:39Z,SENS-004,Madhapur IT Corridor,42,19.34,Clear
2026-05-08T11:58:10Z,SENS-002,Gachibowli Junction,66,38.63,Cloudy
2026-05-08T12:06:13Z,SENS-005,Tank Bund Road,70,14.75,Clear
2026-05-08T12:11:19Z,SENS-011,Mehdipatnam Bus Stand,77,42.33,Clear
2026-05-08T12:25:36Z,SENS-003,Ameerpet Crossroads,80,48.13,Clear
2026-05-08T12:27:07Z,SENS-011,Mehdipatnam Bus Stand,48,37.88,Clear
2026-05-08T12:34:37Z,SENS-003,Ameerpet Crossroads,74,32.16,Cloudy
2026-05-08T12:42:56Z,SENS-009,Kukatpally Housing Board,66,26.19,Fog
2026-05-08T12:43:12Z,SENS-006,Hitech City Signal,36,58.79,Cloudy
2026-05-08T12:50:55Z,SENS-001,Jubilee Hills Checkpost,31,40.71,Clear
2026-05-08T13:03:22Z,SENS-002,Gachibowli Junction,85,27.5,Cloudy
2026-05-08T13:11:46Z,SENS-006,Hitech City Signal,79,35.94,Drizzle
2026-05-08T13:14:00Z,SENS-003,Ameerpet Crossroads,46,23.9,Cloudy
2026-05-08T13:24:42Z,SENS-007,Begumpet Flyover,36,52.5,Clear
2026-05-08T13:30:26Z,SENS-006,Hitech City Signal,42,42.14,Drizzle
2026-05-08T13:36:34Z,SENS-004,Madhapur IT Corridor,47,33.08,Clear
2026-05-08T13:48:53Z,SENS-005,Tank Bund Road,34,42.48,Clear
2026-05-08T13:51:29Z,SENS-004,Madhapur IT Corridor,69,39.43,Drizzle
2026-05-08T13:54:14Z,SENS-009,Kukatpally Housing Board,79,44.08,Cloudy
2026-05-08T13:55:53Z,SENS-007,Begumpet Flyover,57,34.47,Fog
2026-05-08T14:08:01Z,SENS-012,PVNR Expressway Toll,68,21.96,Fog
2026-05-08T14:11:24Z,SENS-001,Jubilee Hills Checkpost,62,31.76,Fog
2026-05-08T14:12:27Z,SENS-011,Mehdipatnam Bus Stand,42,64.84,Clear
2026-05-08T14:23:05Z,SENS-007,Begumpet Flyover,59,53.42,Clear
2026-05-08T14:23:16Z,SENS-002,Gachibowli Junction,63,22.93,Cloudy
2026-05-08T14:31:04Z,SENS-008,LB Nagar Crossroads,31,29.51,Clear
2026-05-08T14:32:30Z,SENS-004,Madhapur IT Corridor,83,41.36,Cloudy
2026-05-08T14:32:47Z,SENS-005,Tank Bund Road,32,41.58,Cloudy
2026-05-08T14:34:40Z,SENS-007,Begumpet Flyover,35,33.58,Cloudy
2026-05-08T14:36:03Z,SENS-001,Jubilee Hills Checkpost,31,14.15,Heavy Rain
2026-05-08T14:37:55Z,SENS-002,Gachibowli Junction,62,29.05,Heavy Rain
2026-05-08T14:40:39Z,SENS-012,PVNR Expressway Toll,86,49.39,Clear
2026-05-08T14:43:14Z,SENS-008,LB Nagar Crossroads,32,56.74,Cloudy
2026-05-08T14:43:50Z,SENS-007,Begumpet Flyover,58,14.36,Fog
2026-05-08T14:44:13Z,SENS-006,Hitech City Signal,64,13.68,Heavy Rain
2026-05-08T14:44:30Z,SENS-007,Begumpet Flyover,58,58.5,Clear
2026-05-08T15:02:36Z,SENS-010,Secunderabad Clock Tower,80,46.85,Cloudy
2026-05-08T15:13:14Z,SENS-002,Gachibowli Junction,38,52.81,Cloudy
2026-05-08T15:19:25Z,SENS-001,Jubilee Hills Checkpost,75,45.77,Clear
2026-05-08T15:30:28Z,SENS-004,Madhapur IT Corridor,65,24.86,Clear
2026-05-08T15:37:11Z,SENS-010,Secunderabad Clock Tower,51,45.49,Drizzle
2026-05-08T15:50:34Z,SENS-006,Hitech City Signal,61,49.16,Drizzle
2026-05-08T15:51:01Z,SENS-010,Secunderabad Clock Tower,49,27.62,Clear
2026-05-08T15:57:15Z,SENS-005,Tank Bund Road,67,20.74,Clear
2026-05-08T15:58:31Z,SENS-010,Secunderabad Clock Tower,81,14.47,Drizzle
2026-05-08T16:07:02Z,SENS-009,Kukatpally Housing Board,36,17.25,Fog
2026-05-08T16:09:25Z,SENS-003,Ameerpet Crossroads,72,20.39,Light Rain
2026-05-08T16:20:10Z,SENS-005,Tank Bund Road,75,27.84,Light Rain
2026-05-08T16:26:20Z,SENS-005,Tank Bund Road,39,46.93,Clear
2026-05-08T16:29:03Z,SENS-010,Secunderabad Clock Tower,73,20.49,Cloudy
2026-05-08T16:31:20Z,SENS-010,Secunderabad Clock Tower,73,25.91,Clear
2026-05-08T16:37:41Z,SENS-012,PVNR Expressway Toll,88,17.34,Clear
2026-05-08T16:37:48Z,SENS-005,Tank Bund Road,45,23.82,Light Rain
2026-05-08T16:39:15Z,SENS-003,Ameerpet Crossroads,34,48.1,Cloudy
2026-05-08T16:40:06Z,SENS-004,Madhapur IT Corridor,52,32.51,Heavy Rain
2026-05-08T16:41:48Z,SENS-008,LB Nagar Crossroads,37,51.45,Clear
2026-05-08T16:42:13Z,SENS-003,Ameerpet Crossroads,63,22.42,Light Rain
2026-05-08T16:47:24Z,SENS-011,Mehdipatnam Bus Stand,76,34.12,Light Rain
2026-05-08T16:50:12Z,SENS-001,Jubilee Hills Checkpost,66,32.59,Clear
2026-05-08T16:59:29Z,SENS-004,Madhapur IT Corridor,71,37.62,Clear
2026-05-08T17:08:28Z,SENS-006,Hitech City Signal,121,31.54,Light Rain
2026-05-08T17:10:30Z,SENS-012,PVNR Expressway Toll,184,16.84,Clear
2026-05-08T17:10:36Z,SENS-005,Tank Bund Road,92,32.12,Fog
2026-05-08T17:11:10Z,SENS-004,Madhapur IT Corridor,176,15.3,Clear
2026-05-08T17:11:15Z,SENS-012,PVNR Expressway Toll,117,30.51,Light Rain
2026-05-08T17:22:06Z,SENS-008,LB Nagar Crossroads,148,9.73,Clear
2026-05-08T17:22:29Z,SENS-009,Kukatpally Housing Board,132,18.71,Heavy Rain
2026-05-08T17:27:11Z,SENS-012,PVNR Expressway Toll,126,9.68,Heavy Rain
2026-05-08T17:28:03Z,SENS-012,PVNR Expressway Toll,131,24.85,Clear
2026-05-08T17:28:13Z,SENS-011,Mehdipatnam Bus Stand,155,9.28,Clear
2026-05-08T17:42:35Z,SENS-004,Madhapur IT Corridor,153,23.69,Clear
2026-05-08T17:44:55Z,SENS-007,Begumpet Flyover,167,6.83,Clear
2026-05-08T17:48:12Z,SENS-001,Jubilee Hills Checkpost,132,16.45,Heavy Rain
2026-05-08T18:00:13Z,SENS-004,Madhapur IT Corridor,167,15.62,Light Rain
2026-05-08T18:02:32Z,SENS-011,Mehdipatnam Bus Stand,128,15.46,Drizzle
2026-05-08T18:08:35Z,SENS-011,Mehdipatnam Bus Stand,97,33.05,Clear
2026-05-08T18:10:56Z,SENS-005,Tank Bund Road,96,20.22,Light Rain
2026-05-08T18:12:31Z,SENS-008,LB Nagar Crossroads,94,46.77,Cloudy
2026-05-08T18:17:31Z,SENS-007,Begumpet Flyover,108,39.73,Clear
2026-05-08T18:18:17Z,SENS-005,Tank Bund Road,170,23.3,Cloudy
2026-05-08T18:19:25Z,SENS-010,Secunderabad Clock Tower,134,9.23,Light Rain
2026-05-08T18:23:29Z,SENS-002,Gachibowli Junction,129,9.72,Light Rain
2026-05-08T18:26:41Z,SENS-007,Begumpet Flyover,199,10.18,Clear
2026-05-08T18:32:25Z,SENS-011,Mehdipatnam Bus Stand,108,16.76,Heavy Rain
2026-05-08T18:34:47Z,SENS-004,Madhapur IT Corridor,80,15.32,Clear
2026-05-08T18:37:02Z,SENS-001,Jubilee Hills Checkpost,98,29.03,Heavy Rain
2026-05-08T18:46:57Z,SENS-009,Kukatpally Housing Board,80,26.1,Heavy Rain
2026-05-08T18:47:45Z,SENS-012,PVNR Expressway Toll,180,11.9,Clear
2026-05-08T18:49:51Z,SENS-005,Tank Bund Road,95,25.18,Drizzle
2026-05-08T18:54:40Z,SENS-012,PVNR Expressway Toll,144,19.7,Clear
2026-05-08T19:00:20Z,SENS-004,Madhapur IT Corridor,103,25.36,Cloudy
2026-05-08T19:07:30Z,SENS-008,LB Nagar Crossroads,120,38.44,Clear
2026-05-08T19:08:19Z,SENS-012,PVNR Expressway Toll,99,44.37,Clear
2026-05-08T19:13:32Z,SENS-004,Madhapur IT Corridor,149,17.15,Clear
2026-05-08T19:18:06Z,SENS-011,Mehdipatnam Bus Stand,190,23.15,Clear
2026-05-08T19:27:00Z,SENS-001,Jubilee Hills Checkpost,144,23.99,Clear
2026-05-08T19:32:06Z,SENS-010,Secunderabad Clock Tower,84,43.3,Cloudy
2026-05-08T19:38:48Z,SENS-006,Hitech City Signal,124,23.17,Clear
2026-05-08T19:39:26Z,SENS-005,Tank Bund Road,180,14.47,Cloudy
2026-05-08T19:40:09Z,SENS-011,Mehdipatnam Bus Stand,145,14.29,Clear
2026-05-08T19:40:30Z,SENS-008,LB Nagar Crossroads,177,8.92,Clear
2026-05-08T19:53:04Z,SENS-008,LB Nagar Crossroads,100,14.01,Clear
2026-05-08T19:55:18Z,SENS-004,Madhapur IT Corridor,115,38.24,Cloudy
2026-05-08T19:56:49Z,SENS-012,PVNR Expressway Toll,134,10.94,Clear
2026-05-08T19:57:17Z,SENS-003,Ameerpet Crossroads,84,32.54,Fog
2026-05-08T19:58:29Z,SENS-011,Mehdipatnam Bus Stand,72,12.62,Light Rain
2026-05-08T20:02:31Z,SENS-011,Mehdipatnam Bus Stand,81,49.26,Clear
2026-05-08T20:06:08Z,SENS-012,PVNR Expressway Toll,80,21.12,Cloudy
2026-05-08T20:09:34Z,SENS-011,Mehdipatnam Bus Stand,64,15.59,Clear
2026-05-08T20:17:08Z,SENS-007,Begumpet Flyover,54,17.95,Heavy Rain
2026-05-08T20:17:46Z,SENS-010,Secunderabad Clock Tower,88,51.17,Clear
2026-05-08T20:18:47Z,SENS-012,PVNR Expressway Toll,41,49.88,Cloudy
2026-05-08T20:25:41Z,SENS-010,Secunderabad Clock Tower,36,28.15,Cloudy
2026-05-08T20:26:53Z,SENS-003,Ameerpet Crossroads,86,45.38,Clear
2026-05-08T20:33:04Z,SENS-005,Tank Bund Road,48,29.37,Fog
2026-05-08T20:40:17Z,SENS-004,Madhapur IT Corridor,24,34.59,Fog
2026-05-08T20:41:38Z,SENS-002,Gachibowli Junction,76,19.41,Light Rain
2026-05-08T20:50:48Z,SENS-007,Begumpet Flyover,56,16.58,Fog
2026-05-08T20:55:47Z,SENS-002,Gachibowli Junction,56,29.6,Clear
2026-05-08T20:57:36Z,SENS-001,Jubilee Hills Checkpost,36,56.43,Clear
2026-05-08T20:57:50Z,SENS-007,Begumpet Flyover,61,29.71,Light Rain
2026-05-08T21:02:20Z,SENS-009,Kukatpally Housing Board,85,45.98,Cloudy
2026-05-08T21:03:02Z,SENS-004,Madhapur IT Corridor,73,42.09,Cloudy
2026-05-08T21:03:17Z,SENS-001,Jubilee Hills Checkpost,67,39.07,Clear
2026-05-08T21:04:45Z,SENS-005,Tank Bund Road,34,66.39,Clear
2026-05-08T21:08:46Z,SENS-002,Gachibowli Junction,62,55.29,Clear
2026-05-08T21:08:56Z,SENS-005,Tank Bund Road,72,54.92,Clear
2026-05-08T21:09:47Z,SENS-012,PVNR Expressway Toll,71,25.84,Light Rain
2026-05-08T21:11:09Z,SENS-007,Begumpet Flyover,48,51.49,Light Rain
2026-05-08T21:14:32Z,SENS-010,Secunderabad Clock Tower,70,39.54,Light Rain
2026-05-08T21:17:50Z,SENS-005,Tank Bund Road,55,59.85,Clear
2026-05-08T21:20:30Z,SENS-005,Tank Bund Road,77,42.69,Clear
2026-05-08T21:22:35Z,SENS-006,Hitech City Signal,48,23.79,Clear
2026-05-08T21:33:19Z,SENS-006,Hitech City Signal,80,28.27,Cloudy
2026-05-08T21:46:23Z,SENS-012,PVNR Expressway Toll,37,43.07,Fog
2026-05-08T21:50:32Z,SENS-009,Kukatpally Housing Board,84,40.46,Clear
2026-05-08T21:51:02Z,SENS-012,PVNR Expressway Toll,67,48.88,Clear
2026-05-08T22:02:42Z,SENS-011,Mehdipatnam Bus Stand,19,37.88,Light Rain
2026-05-08T22:04:11Z,SENS-011,Mehdipatnam Bus Stand,19,39.65,Cloudy
2026-05-08T22:07:12Z,SENS-006,Hitech City Signal,24,35.53,Clear
2026-05-08T22:13:22Z,SENS-005,Tank Bund Road,30,46.59,Cloudy
2026-05-08T22:23:18Z,SENS-008,LB Nagar Crossroads,34,66.82,Clear
2026-05-08T22:39:12Z,SENS-010,Secunderabad Clock Tower,16,54.39,Clear
2026-05-08T22:40:42Z,SENS-007,Begumpet Flyover,21,19.57,Cloudy
2026-05-08T22:41:37Z,SENS-007,Begumpet Flyover,27,39.12,Clear
2026-05-08T22:44:04Z,SENS-001,Jubilee Hills Checkpost,5,38.38,Light Rain
2026-05-08T22:45:39Z,SENS-011,Mehdipatnam Bus Stand,34,16.95,Drizzle
2026-05-08T22:46:41Z,SENS-008,LB Nagar Crossroads,17,60.08,Clear
2026-05-08T22:47:41Z,SENS-003,Ameerpet Crossroads,8,20.2,Clear
2026-05-08T22:48:33Z,SENS-006,Hitech City Signal,6,62.49,Cloudy
2026-05-08T22:48:39Z,SENS-006,Hitech City Signal,13,68.43,Clear
2026-05-08T22:53:05Z,SENS-009,Kukatpally Housing Board,37,30.87,Clear
2026-05-08T23:00:20Z,SENS-008,LB Nagar Crossroads,7,33.88,Cloudy
2026-05-08T23:02:15Z,SENS-010,Secunderabad Clock Tower,35,20.27,Light Rain
2026-05-08T23:07:51Z,SENS-009,Kukatpally Housing Board,38,30.61,Clear
2026-05-08T23:12:39Z,SENS-001,Jubilee Hills Checkpost,9,65.62,Cloudy
2026-05-08T23:14:46Z,SENS-012,PVNR Expressway Toll,14,54.85,Light Rain
2026-05-08T23:15:04Z,SENS-005,Tank Bund Road,8,64.02,Cloudy
2026-05-08T23:15:54Z,SENS-010,Secunderabad Clock Tower,30,64.68,Cloudy
2026-05-08T23:20:56Z,SENS-004,Madhapur IT Corridor,9,31.92,Light Rain
2026-05-08T23:23:27Z,SENS-010,Secunderabad Clock Tower,33,25.87,Clear
2026-05-08T23:26:37Z,SENS-007,Begumpet Flyover,9,58.64,Cloudy
2026-05-08T23:29:12Z,SENS-007,Begumpet Flyover,29,49.96,Clear
2026-05-08T23:36:16Z,SENS-011,Mehdipatnam Bus Stand,23,24.11,Cloudy
2026-05-08T23:39:47Z,SENS-007,Begumpet Flyover,32,47.15,Cloudy
2026-05-08T23:42:44Z,SENS-012,PVNR Expressway Toll,19,30.18,Light Rain
2026-05-08T23:47:09Z,SENS-001,Jubilee Hills Checkpost,32,56.66,Cloudy
2026-05-08T23:48:53Z,SENS-012,PVNR Expressway Toll,29,31.51,Cloudy
2026-05-08T23:52:47Z,SENS-003,Ameerpet Crossroads,20,43.4,Clear
2026-05-08T23:57:27Z,SENS-002,Gachibowli Junction,22,27.47,Heavy Rain
2026-05-08T23:59:38Z,SENS-006,Hitech City Signal,27,34.23,Clear
2026-05-09T00:11:47Z,SENS-009,Kukatpally Housing Board,6,62.37,Clear
2026-05-09T00:12:40Z,SENS-012,PVNR Expressway Toll,9,72.77,Clear
2026-05-09T00:13:54Z,SENS-004,Madhapur IT Corridor,34,25.92,Light Rain
2026-05-09T00:14:35Z,SENS-006,Hitech City Signal,20,22.48,Heavy Rain
2026-05-09T00:16:08Z,SENS-003,Ameerpet Crossroads,21,72.11,Clear
2026-05-09T00:19:28Z,SENS-007,Begumpet Flyover,32,20.92,Drizzle
2026-05-09T00:20:25Z,SENS-001,Jubilee Hills Checkpost,14,24.89,Clear
2026-05-09T00:25:04Z,SENS-008,LB Nagar Crossroads,19,39.3,Clear
2026-05-09T00:32:28Z,SENS-009,Kukatpally Housing Board,26,43.46,Light Rain
2026-05-09T00:42:03Z,SENS-003,Ameerpet Crossroads,23,19.68,Clear
2026-05-09T00:43:43Z,SENS-010,Secunderabad Clock Tower,35,29.91,Cloudy
2026-05-09T00:47:16Z,SENS-005,Tank Bund Road,36,53.7,Clear
2026-05-09T00:47:56Z,SENS-011,Mehdipatnam Bus Stand,19,42.4,Clear
2026-05-09T00:50:40Z,SENS-005,Tank Bund Road,19,61.19,Cloudy
2026-05-09T00:52:20Z,SENS-010,Secunderabad Clock Tower,14,40.9,Heavy Rain
2026-05-09T00:54:10Z,SENS-002,Gachibowli Junction,38,67.29,Clear
2026-05-09T00:54:39Z,SENS-010,Secunderabad Clock Tower,31,67.91,Clear
2026-05-09T00:57:38Z,SENS-010,Secunderabad Clock Tower,6,58.07,Light Rain
2026-05-09T01:00:46Z,SENS-002,Gachibowli Junction,4,41.62,Fog
2026-05-09T01:07:03Z,SENS-012,PVNR Expressway Toll,7,45.31,Cloudy
2026-05-09T01:12:21Z,SENS-003,Ameerpet Crossroads,24,48.85,Cloudy
2026-05-09T01:17:22Z,SENS-005,Tank Bund Road,28,54.36,Clear
2026-05-09T01:28:51Z,SENS-005,Tank Bund Road,9,33.75,Heavy Rain
2026-05-09T01:30:51Z,SENS-010,Secunderabad Clock Tower,29,68.19,Clear
2026-05-09T01:55:21Z,SENS-004,Madhapur IT Corridor,38,36.15,Clear
2026-05-09T02:04:10Z,SENS-005,Tank Bund Road,16,49.84,Clear
2026-05-09T02:05:29Z,SENS-004,Madhapur IT Corridor,30,28.65,Light Rain
2026-05-09T02:08:29Z,SENS-011,Mehdipatnam Bus Stand,18,60.67,Clear
2026-05-09T02:11:08Z,SENS-009,Kukatpally Housing Board,39,47.17,Clear
2026-05-09T02:13:24Z,SENS-009,Kukatpally Housing Board,23,40.91,Clear
2026-05-09T02:23:12Z,SENS-007,Begumpet Flyover,6,73.62,Cloudy
2026-05-09T02:24:26Z,SENS-002,Gachibowli Junction,30,28.22,Light Rain
2026-05-09T02:38:51Z,SENS-011,Mehdipatnam Bus Stand,27,56.5,Clear
2026-05-09T02:41:01Z,SENS-002,Gachibowli Junction,26,31.46,Clear
2026-05-09T02:44:59Z,SENS-006,Hitech City Signal,8,64.65,Clear
2026-05-09T02:47:00Z,SENS-004,Madhapur IT Corridor,31,55.05,Cloudy
2026-05-09T02:52:04Z,SENS-010,Secunderabad Clock Tower,21,64.6,Clear
2026-05-09T02:54:32Z,SENS-003,Ameerpet Crossroads,38,52.98,Clear
2026-05-09T03:02:26Z,SENS-001,Jubilee Hills Checkpost,24,35.58,Cloudy
2026-05-09T03:08:26Z,SENS-011,Mehdipatnam Bus Stand,20,27.18,Light Rain
2026-05-09T03:19:00Z,SENS-003,Ameerpet Crossroads,24,18.19,Fog
2026-05-09T03:20:24Z,SENS-010,Secunderabad Clock Tower,16,63.86,Cloudy
2026-05-09T03:22:28Z,SENS-011,Mehdipatnam Bus Stand,23,46.66,Drizzle
2026-05-09T03:29:25Z,SENS-009,Kukatpally Housing Board,8,19.12,Cloudy
2026-05-09T03:41:08Z,SENS-007,Begumpet Flyover,29,46.28,Heavy Rain
2026-05-09T03:46:57Z,SENS-003,Ameerpet Crossroads,12,41.38,Heavy Rain
2026-05-09T03:52:18Z,SENS-003,Ameerpet Crossroads,15,34.97,Heavy Rain
2026-05-09T03:53:16Z,SENS-004,Madhapur IT Corridor,4,36.04,Cloudy
2026-05-09T03:54:54Z,SENS-001,Jubilee Hills Checkpost,31,47.77,Light Rain
2026-05-09T04:05:34Z,SENS-011,Mehdipatnam Bus Stand,27,47.03,Light Rain
2026-05-09T04:09:12Z,SENS-012,PVNR Expressway Toll,25,45.78,Light Rain
2026-05-09T04:10:34Z,SENS-005,Tank Bund Road,25,69.92,Clear
2026-05-09T04:17:46Z,SENS-007,Begumpet Flyover,18,49.51,Clear
2026-05-09T04:18:23Z,SENS-010,Secunderabad Clock Tower,16,22.83,Clear
2026-05-09T04:20:34Z,SENS-002,Gachibowli Junction,37,46.6,Cloudy
2026-05-09T04:21:17Z,SENS-001,Jubilee Hills Checkpost,16,52.26,Clear
2026-05-09T04:25:21Z,SENS-011,Mehdipatnam Bus Stand,23,32.41,Drizzle
2026-05-09T04:25:21Z,SENS-003,Ameerpet Crossroads,7,29.62,Clear
2026-05-09T04:32:54Z,SENS-012,PVNR Expressway Toll,20,22.17,Cloudy
2026-05-09T04:37:03Z,SENS-007,Begumpet Flyover,5,34.51,Clear
2026-05-09T04:38:08Z,SENS-002,Gachibowli Junction,28,54.6,Clear
2026-05-09T04:44:39Z,SENS-003,Ameerpet Crossroads,19,25.65,Fog
2026-05-09T04:47:11Z,SENS-012,PVNR Expressway Toll,9,65.92,Clear
2026-05-09T04:56:21Z,SENS-010,Secunderabad Clock Tower,15,25.76,Clear
2026-05-09T04:59:25Z,SENS-001,Jubilee Hills Checkpost,5,67.36,Clear
2026-05-09T04:59:58Z,SENS-009,Kukatpally Housing Board,15,24.57,Heavy Rain
2026-05-09T05:02:28Z,SENS-001,Jubilee Hills Checkpost,37,19.88,Clear
2026-05-09T05:05:36Z,SENS-004,Madhapur IT Corridor,68,30.98,Light Rain
2026-05-09T05:06:06Z,SENS-009,Kukatpally Housing Board,35,46.17,Clear
2026-05-09T05:12:18Z,SENS-012,PVNR Expressway Toll,46,22.09,Heavy Rain
2026-05-09T05:12:38Z,SENS-007,Begumpet Flyover,56,36.93,Clear
2026-05-09T05:13:55Z,SENS-007,Begumpet Flyover,63,15.45,Light Rain
2026-05-09T05:19:24Z,SENS-012,PVNR Expressway Toll,69,53.66,Clear
2026-05-09T05:24:36Z,SENS-004,Madhapur IT Corridor,87,49.92,Clear
2026-05-09T05:24:42Z,SENS-011,Mehdipatnam Bus Stand,53,44.87,Drizzle
2026-05-09T05:25:24Z,SENS-011,Mehdipatnam Bus Stand,82,15.33,Cloudy
2026-05-09T05:30:04Z,SENS-002,Gachibowli Junction,40,48.28,Light Rain
2026-05-09T05:31:00Z,SENS-006,Hitech City Signal,48,38.19,Light Rain
2026-05-09T05:36:33Z,SENS-009,Kukatpally Housing Board,68,13.51,Light Rain
2026-05-09T05:48:44Z,SENS-002,Gachibowli Junction,42,65.13,Clear
2026-05-09T05:49:19Z,SENS-006,Hitech City Signal,46,44.71,Clear
2026-05-09T05:51:37Z,SENS-011,Mehdipatnam Bus Stand,54,37.22,Heavy Rain
2026-05-09T05:53:54Z,SENS-004,Madhapur IT Corridor,41,21.36,Clear
2026-05-09T05:58:31Z,SENS-009,Kukatpally Housing Board,76,17.54,Light Rain
2026-05-09T06:05:21Z,SENS-010,Secunderabad Clock Tower,46,64.9,Clear
2026-05-09T06:09:47Z,SENS-004,Madhapur IT Corridor,33,21.62,Cloudy
2026-05-09T06:12:09Z,SENS-006,Hitech City Signal,62,15.5,Cloudy
2026-05-09T06:13:16Z,SENS-001,Jubilee Hills Checkpost,42,27.67,Light Rain
2026-05-09T06:14:02Z,SENS-007,Begumpet Flyover,47,29.43,Heavy Rain
2026-05-09T06:14:14Z,SENS-011,Mehdipatnam Bus Stand,50,30.06,Heavy Rain
2026-05-09T06:18:46Z,SENS-011,Mehdipatnam Bus Stand,84,13.39,Clear
2026-05-09T06:23:05Z,SENS-003,Ameerpet Crossroads,67,33.52,Clear
2026-05-09T06:31:17Z,SENS-001,Jubilee Hills Checkpost,36,37.22,Heavy Rain
2026-05-09T06:48:32Z,SENS-001,Jubilee Hills Checkpost,41,29.63,Clear
2026-05-09T06:49:04Z,SENS-002,Gachibowli Junction,89,34.01,Clear
2026-05-09T06:52:57Z,SENS-001,Jubilee Hills Checkpost,65,28.77,Heavy Rain
2026-05-09T06:53:35Z,SENS-007,Begumpet Flyover,50,34.62,Cloudy
2026-05-09T07:05:38Z,SENS-012,PVNR Expressway Toll,50,27.07,Light Rain
2026-05-09T07:09:02Z,SENS-011,Mehdipatnam Bus Stand,83,47.31,Cloudy
2026-05-09T07:18:22Z,SENS-007,Begumpet Flyover,78,46.45,Clear
2026-05-09T07:19:46Z,SENS-004,Madhapur IT Corridor,54,23.01,Clear
2026-05-09T07:29:12Z,SENS-005,Tank Bund Road,40,21.34,Cloudy
2026-05-09T07:43:10Z,SENS-006,Hitech City Signal,56,26.35,Drizzle
2026-05-09T07:45:31Z,SENS-003,Ameerpet Crossroads,71,16.05,Clear
2026-05-09T07:50:49Z,SENS-009,Kukatpally Housing Board,32,45.39,Heavy Rain
2026-05-09T07:51:10Z,SENS-009,Kukatpally Housing Board,67,14.09,Cloudy
2026-05-09T07:53:59Z,SENS-004,Madhapur IT Corridor,51,15.5,Fog
2026-05-09T07:56:04Z,SENS-003,Ameerpet Crossroads,58,34.83,Drizzle
2026-05-09T07:57:25Z,SENS-001,Jubilee Hills Checkpost,59,29.17,Clear
2026-05-09T07:58:38Z,SENS-001,Jubilee Hills Checkpost,81,20.76,Clear
2026-05-09T08:00:47Z,SENS-006,Hitech City Signal,111,21.3,Heavy Rain
2026-05-09T08:04:25Z,SENS-005,Tank Bund Road,102,22.81,Clear
2026-05-09T08:08:06Z,SENS-003,Ameerpet Crossroads,94,43.67,Clear
2026-05-09T08:10:08Z,SENS-003,Ameerpet Crossroads,97,28.85,Clear
2026-05-09T08:11:37Z,SENS-007,Begumpet Flyover,119,14.43,Light Rain
2026-05-09T08:16:27Z,SENS-005,Tank Bund Road,146,23.23,Clear
2026-05-09T08:20:09Z,SENS-008,LB Nagar Crossroads,167,14.15,Drizzle
2026-05-09T08:28:31Z,SENS-008,LB Nagar Crossroads,195,18.12,Clear
2026-05-09T08:37:30Z,SENS-009,Kukatpally Housing Board,71,17.28,Fog
2026-05-09T08:46:50Z,SENS-011,Mehdipatnam Bus Stand,118,25.72,Clear
2026-05-09T08:46:53Z,SENS-010,Secunderabad Clock Tower,104,36.83,Light Rain
2026-05-09T08:47:33Z,SENS-011,Mehdipatnam Bus Stand,164,6.19,Light Rain
2026-05-09T08:49:10Z,SENS-003,Ameerpet Crossroads,151,25.9,Light Rain
2026-05-09T08:57:12Z,SENS-002,Gachibowli Junction,104,21.81,Clear
2026-05-09T09:07:31Z,SENS-012,PVNR Expressway Toll,135,27.58,Cloudy
2026-05-09T09:16:46Z,SENS-007,Begumpet Flyover,145,20.25,Clear
2026-05-09T09:22:07Z,SENS-001,Jubilee Hills Checkpost,93,23.32,Light Rain
2026-05-09T09:26:33Z,SENS-010,Secunderabad Clock Tower,175,17.11,Clear
2026-05-09T09:32:35Z,SENS-008,LB Nagar Crossroads,83,17.85,Cloudy
2026-05-09T09:32:42Z,SENS-004,Madhapur IT Corridor,92,19.9,Fog
2026-05-09T09:33:06Z,SENS-008,LB Nagar Crossroads,130,22.97,Drizzle
2026-05-09T09:34:23Z,SENS-005,Tank Bund Road,138,21.8,Clear
2026-05-09T09:35:52Z,SENS-004,Madhapur IT Corridor,134,12.86,Heavy Rain
2026-05-09T09:36:01Z,SENS-011,Mehdipatnam Bus Stand,177,16.95,Clear
2026-05-09T09:40:59Z,SENS-005,Tank Bund Road,104,30.26,Clear
2026-05-09T09:41:22Z,SENS-002,Gachibowli Junction,120,28.41,Heavy Rain
2026-05-09T09:42:24Z,SENS-012,PVNR Expressway Toll,168,8.29,Light Rain
2026-05-09T09:42:51Z,SENS-004,Madhapur IT Corridor,149,18.65,Clear
2026-05-09T09:45:57Z,SENS-010,Secunderabad Clock Tower,131,28.0,Light Rain
2026-05-09T10:01:09Z,SENS-003,Ameerpet Crossroads,90,13.02,Heavy Rain
2026-05-09T10:03:19Z,SENS-005,Tank Bund Road,104,22.0,Clear
2026-05-09T10:09:43Z,SENS-003,Ameerpet Crossroads,163,15.11,Clear
2026-05-09T10:16:30Z,SENS-012,PVNR Expressway Toll,109,39.82,Cloudy
2026-05-09T10:29:02Z,SENS-002,Gachibowli Junction,159,19.72,Clear
2026-05-09T10:29:59Z,SENS-002,Gachibowli Junction,90,47.29,Cloudy
2026-05-09T10:30:16Z,SENS-006,Hitech City Signal,117,18.76,Light Rain
2026-05-09T10:31:20Z,SENS-009,Kukatpally Housing Board,186,6.05,Clear
2026-05-09T10:33:53Z,SENS-012,PVNR Expressway Toll,190,9.84,Clear
2026-05-09T10:39:51Z,SENS-004,Madhapur IT Corridor,99,12.12,Clear
2026-05-09T10:50:38Z,SENS-001,Jubilee Hills Checkpost,115,12.18,Light Rain
2026-05-09T10:52:14Z,SENS-008,LB Nagar Crossroads,126,33.86,Clear
2026-05-09T10:55:20Z,SENS-002,Gachibowli Junction,118,38.4,Clear
2026-05-09T10:56:28Z,SENS-007,Begumpet Flyover,194,9.05,Clear
2026-05-09T11:04:34Z,SENS-008,LB Nagar Crossroads,86,26.64,Cloudy
2026-05-09T11:05:28Z,SENS-004,Madhapur IT Corridor,69,54.94,Cloudy
2026-05-09T11:10:52Z,SENS-007,Begumpet Flyover,73,30.56,Clear
2026-05-09T11:12:29Z,SENS-011,Mehdipatnam Bus Stand,57,39.42,Heavy Rain
2026-05-09T11:16:33Z,SENS-012,PVNR Expressway Toll,31,23.05,Cloudy
2026-05-09T11:21:22Z,SENS-001,Jubilee Hills Checkpost,43,19.89,Cloudy
2026-05-09T11:23:02Z,SENS-001,Jubilee Hills Checkpost,43,27.14,Clear
2026-05-09T11:30:02Z,SENS-001,Jubilee Hills Checkpost,71,27.83,Cloudy
2026-05-09T11:33:57Z,SENS-006,Hitech City Signal,71,53.32,Clear
2026-05-09T11:41:05Z,SENS-003,Ameerpet Crossroads,56,49.53,Clear
2026-05-09T11:41:44Z,SENS-011,Mehdipatnam Bus Stand,30,25.45,Cloudy
2026-05-09T11:46:09Z,SENS-003,Ameerpet Crossroads,30,59.73,Clear
2026-05-09T11:53:58Z,SENS-006,Hitech City Signal,70,36.55,Cloudy
2026-05-09T12:06:42Z,SENS-007,Begumpet Flyover,60,27.0,Cloudy
2026-05-09T12:15:20Z,SENS-012,PVNR Expressway Toll,87,35.48,Clear
